Date,AAPL,AMD,AMZN,BAC,COST,CRM,CVX,DIS,GOOGL,GS,HD,INTC,JNJ,JPM,KO,META,MSFT,NFLX,NVDA,PFE,PG,SPY,TSLA,UNH,WMT,XOM
2023-01-03,122.98271942138672,64.0199966430664,85.81999969482422,30.800151824951172,433.82330322265625,132.82984924316406,151.9012908935547,86.92301940917969,88.38945770263672,319.4131774902344,290.7672424316406,25.775144577026367,161.79576110839844,124.29259490966797,57.12635803222656,123.76872253417969,233.4528045654297,29.4950008392334,14.299909591674805,41.69425964355469,138.48106384277344,365.072021484375,108.0999984741211,487.1922912597656,45.965152740478516,94.79082489013672
2023-01-04,124.25118255615234,64.66000366210938,85.13999938964844,31.37920570373535,436.9625244140625,137.57025146484375,150.28616333007812,89.86376953125,87.35798645019531,320.7786560058594,294.2832946777344,26.691207885742188,163.5572509765625,125.45165252685547,57.09912872314453,126.37825775146484,223.24081420898438,30.94099998474121,14.733451843261719,40.7751350402832,139.0840301513672,367.89044189453125,113.63999938964844,473.90972900390625,46.01636505126953,95.06671142578125
2023-01-05,122.93356323242188,62.33000183105469,83.12000274658203,31.31485939025879,430.86590576171875,134.36724853515625,152.9925994873047,89.80513763427734,85.49340057373047,317.1436767578125,290.3623046875,26.57549476623535,162.3496551513672,125.4238510131836,56.44573974609375,125.95159912109375,216.6244659423828,30.969999313354492,14.24996280670166,40.392845153808594,137.35726928710938,363.69158935546875,110.33999633789062,460.2513122558594,45.859519958496094,97.19373321533203
2023-01-06,127.4567642211914,63.959999084472656,86.08000183105469,31.62737274169922,462.1431884765625,138.47691345214844,154.14501953125,91.75912475585938,86.6240463256836,321.1291198730469,292.2583312988281,27.70370101928711,163.6662139892578,127.82392120361328,57.534725189208984,129.00762939453125,219.17745971679688,31.55500030517578,14.843335151672363,41.4177131652832,140.6281280517578,372.03179931640625,113.05999755859375,460.2888488769531,46.983036041259766,98.36849975585938
2023-01-09,127.9779281616211,67.23999786376953,87.36000061035156,31.14942741394043,458.2000427246094,144.97158813476562,152.9402313232422,92.58956909179688,87.29847717285156,325.66827392578125,292.5160827636719,28.262977600097656,159.42587280273438,127.2956771850586,56.817806243896484,128.46189880371094,221.3114776611328,31.517000198364258,15.611525535583496,39.35983657836914,138.91046142578125,371.8209533691406,119.7699966430664,460.34521484375,46.39727783203125,96.53515625
2023-01-10,128.54824829101562,68.05000305175781,89.87000274658203,31.360822677612305,460.7362060546875,145.306640625,153.6909942626953,93.36138916015625,87.6951904296875,329.69061279296875,295.11163330078125,28.38833999633789,159.04454040527344,128.4355010986328,56.38221740722656,131.95448303222656,222.99717712402344,32.75400161743164,15.892230987548828,38.733524322509766,138.7734375,374.42852783203125,118.8499984741211,456.53143310546875,46.36846923828125,97.97691345214844
2023-01-11,131.26220703125,69.05999755859375,95.08999633789062,31.599794387817383,463.5213623046875,142.8033905029297,152.95767211914062,94.11368560791016,90.76978302001953,336.2593688964844,302.8154602050781,28.783693313598633,158.790283203125,129.38995361328125,56.2733154296875,131.85528564453125,229.74021911621094,32.72600173950195,15.984130859375,38.59525680541992,137.649658203125,379.1641540527344,123.22000122070312,463.48272705078125,46.774986267089844,99.11607360839844
2023-01-12,131.18350219726562,70.80000305175781,95.2699966430664,31.682523727416992,461.7220764160156,147.4353790283203,154.59898376464844,97.51360321044922,90.38298797607422,341.2966613769531,303.61627197265625,29.207971572875977,157.99124145507812,129.2602081298828,55.547325134277344,135.6455078125,232.41014099121094,33.01300048828125,16.49359703063965,38.806739807128906,136.873046875,380.54461669921875,123.55999755859375,465.6150817871094,46.35245895385742,100.76251983642578
2023-01-13,132.510986328125,71.0,98.12000274658203,32.38105773925781,464.4210205078125,147.34669494628906,155.01805114746094,97.11305236816406,91.36487579345703,345.04229736328125,304.84954833984375,29.034406661987305,157.47369384765625,132.5220947265625,55.74696731567383,135.91342163085938,233.1117401123047,33.28200149536133,16.881187438964844,38.92060470581055,137.8506317138672,382.02093505859375,122.4000015258789,459.88494873046875,46.506099700927734,100.70022583007812
2023-01-17,133.67132568359375,71.58999633789062,96.05000305175781,31.728477478027344,465.875732421875,146.32177734375,157.57608032226562,97.61131286621094,90.54167938232422,322.82672119140625,301.4624938964844,28.542621612548828,156.50216674804688,130.47415161132812,55.97384262084961,134.3060302734375,234.20310974121094,32.62200164794922,17.683340072631836,37.48091125488281,137.4486541748047,381.3211364746094,131.49000549316406,455.66717529296875,46.22442626953125,100.50442504882812
2023-01-18,132.95350646972656,70.52999877929688,95.45999908447266,30.99317169189453,458.88916015625,143.34544372558594,154.72994995117188,96.76133728027344,90.37307739257812,322.0610046386719,297.9280700683594,27.780841827392578,154.14137268066406,126.55436706542969,54.2768440246582,131.9842529296875,229.7792205810547,32.632999420166016,17.358684539794922,36.60245132446289,133.7666473388672,375.3008117675781,128.77999877929688,447.36322021484375,45.081695556640625,98.439697265625
2023-01-19,133.01248168945312,67.70999908447266,93.68000030517578,30.542795181274414,449.33746337890625,144.2915496826172,156.27523803710938,96.80040740966797,92.28723907470703,323.59246826171875,286.1376037597656,27.404775619506836,153.93252563476562,124.86784362792969,54.19517135620117,135.0898895263672,225.99844360351562,31.577999114990234,16.747325897216797,36.56991958618164,130.937744140625,372.56866455078125,127.16999816894531,454.9908142089844,44.438316345214844,99.07157135009766
2023-01-20,135.56910705566406,70.06999969482422,97.25,31.11265754699707,459.5015869140625,149.0615234375,157.93399047851562,101.09918212890625,97.21650695800781,315.372314453125,289.9296569824219,28.176197052001953,153.21517944335938,125.17364501953125,54.52186584472656,138.28482055664062,234.07644653320312,34.25,17.8201961517334,36.69192123413086,131.4434051513672,379.5092468261719,133.4199981689453,457.20770263671875,44.98567199707031,100.8781967163086
2023-01-23,138.75503540039062,76.52999877929688,97.5199966430664,31.544647216796875,471.465087890625,153.6146697998047,157.72450256347656,103.2583236694336,98.97200775146484,322.1070556640625,290.3714904785156,29.188690185546875,152.82476806640625,127.20301055908203,54.657981872558594,142.15443420410156,236.3760528564453,35.742000579833984,19.172767639160156,36.586185455322266,129.6781768798828,384.0628662109375,143.75,456.3528747558594,45.657859802246094,100.35311889648438
2023-01-24,140.15133666992188,74.69999694824219,96.31999969482422,31.774438858032227,470.9865417480469,152.61929321289062,157.87294006347656,103.56118774414062,96.89913177490234,321.3597717285156,292.4056091308594,28.8511905670166,152.82476806640625,128.29647827148438,54.948387145996094,142.0254669189453,235.84986877441406,36.382999420166016,19.24469566345215,36.36656951904297,130.38607788085938,383.6506652832031,143.88999938964844,461.7918701171875,45.779502868652344,101.28760528564453
2023-01-25,139.4925079345703,74.91000366210938,97.18000030517578,32.0501708984375,469.8093566894531,153.9103240966797,156.34512329101562,105.63241577148438,94.43946075439453,322.55914306640625,292.00982666015625,28.63905143737793,153.9143524169922,128.9173583984375,55.2932243347168,140.39820861816406,234.4564666748047,36.79600143432617,19.302631378173828,36.65939712524414,130.29417419433594,383.7944030761719,144.42999267578125,462.63726806640625,45.56184387207031,100.75361633300781
2023-01-26,141.55746459960938,75.16000366210938,99.22000122070312,32.4821662902832,476.91082763671875,162.7012939453125,163.94931030273438,107.17607116699219,96.72061920166016,327.4856872558594,288.8343811035156,29.015117645263672,153.35142517089844,129.7142791748047,55.184326171875,146.15306091308594,241.65745544433594,36.48699951171875,19.781124114990234,36.322837829589844,129.7700958251953,388.0124816894531,160.27000427246094,462.6184997558594,45.520225524902344,104.802978515625
2023-01-27,143.49456787109375,75.4000015258789,102.23999786376953,32.583274841308594,481.6866149902344,162.13955688476562,156.66812133789062,107.01976013183594,98.5554428100586,326.31402587890625,291.4852294921875,27.1540584564209,152.7521209716797,130.02935791015625,54.89392852783203,150.55848693847656,241.81338500976562,36.07699966430664,20.343530654907227,35.945247650146484,129.2368927001953,388.904052734375,177.89999389648438,456.578369140625,45.86912536621094,102.8895492553711
2023-01-30,140.6134796142578,72.44999694824219,100.55000305175781,32.44539260864258,481.6771240234375,162.3662109375,152.08460998535156,105.1146011352539,96.14537811279297,329.7828674316406,289.23016357421875,26.951566696166992,147.09530639648438,128.9266357421875,55.030059814453125,145.91493225097656,236.50277709960938,35.31100082397461,19.141799926757812,35.74824142456055,129.6414031982422,384.0245666503906,166.66000366210938,456.3341369628906,45.50102996826172,101.06510925292969
2023-01-31,141.88194274902344,75.1500015258789,103.12999725341797,32.61083984375,489.1997375488281,165.53961181640625,151.927490234375,105.99390411376953,98.02978515625,337.48638916015625,298.36993408203125,27.25048828125,148.38465881347656,129.69578552246094,55.64714813232422,147.81005859375,241.47230529785156,35.38600158691406,19.516407012939453,36.24895477294922,130.90093994140625,389.6708984375,173.22000122070312,468.9216613769531,46.051578521728516,103.24555206298828
2023-02-01,143.0029296875,84.63999938964844,105.1500015258789,33.015262603759766,495.6790771484375,169.3339080810547,149.60516357421875,106.87319946289062,99.60675811767578,337.39410400390625,301.9779357910156,28.031557083129883,149.7466583251953,129.3529052734375,55.65623092651367,151.92774963378906,246.28594970703125,36.19900131225586,20.920923233032227,36.09299850463867,131.64566040039062,393.81231689453125,181.41000366210938,466.86444091796875,46.30765151977539,102.11527252197266
2023-02-02,148.30299377441406,88.30999755859375,112.91000366210938,33.208282470703125,501.8341369628906,172.11309814453125,147.5535125732422,110.60530853271484,106.85681915283203,340.86297607421875,312.74676513671875,29.11154556274414,150.30960083007812,128.75054931640625,54.70336151123047,187.30018615722656,257.83294677734375,36.68899917602539,21.686113357543945,36.39671325683594,130.70787048339844,399.5450744628906,188.27000427246094,442.28131103515625,45.97154998779297,98.92027282714844
2023-02-03,151.9215545654297,86.08999633789062,103.38999938964844,33.48401641845703,493.56024169921875,168.56517028808594,147.9376678466797,108.16282653808594,103.92109680175781,341.30584716796875,305.11651611328125,29.23690414428711,149.46517944335938,130.74288940429688,54.29499053955078,185.07760620117188,251.74273681640625,36.59000015258789,21.077756881713867,36.166873931884766,131.11244201660156,395.2982177734375,189.97999572753906,443.3990783691406,45.36018371582031,99.60556030273438
2023-02-06,149.19778442382812,83.68000030517578,102.18000030517578,33.428871154785156,494.3177185058594,166.60398864746094,148.10353088378906,107.34215545654297,102.05650329589844,342.0901184082031,303.0639953613281,28.002227783203125,148.33018493652344,131.5120086669922,54.60353469848633,184.61126708984375,250.20314025878906,36.14799880981445,21.0667724609375,35.92061996459961,129.9999542236328,392.8824768066406,194.75999450683594,446.423828125,45.030487060546875,99.43645477294922
2023-02-07,152.06907653808594,85.91000366210938,102.11000061035156,33.79652786254883,495.21905517578125,168.8017120361328,151.98858642578125,109.0616683959961,106.75764465332031,345.4112854003906,299.3179016113281,28.353595733642578,148.36651611328125,133.11514282226562,54.51279067993164,190.1280059814453,260.71728515625,36.29499816894531,22.149627685546875,35.78107833862305,128.73123168945312,398.0207214355469,196.80999755859375,447.96441650390625,45.12651062011719,102.27546691894531
2023-02-08,149.38461303710938,84.69000244140625,100.05000305175781,33.548362731933594,483.023681640625,167.1755828857422,148.4178466796875,109.20821380615234,98.5554428100586,346.0570373535156,295.2589416503906,27.56301498413086,148.5572052001953,132.17922973632812,54.19517135620117,182.00173950195312,259.9084167480469,36.68299865722656,22.18159294128418,36.10121536254883,127.39813232421875,393.66851806640625,201.2899932861328,453.9200134277344,44.883243560791016,101.38549041748047
2023-02-09,148.3521270751953,83.20999908447266,98.23999786376953,32.83143997192383,479.97491455078125,171.1472930908203,147.0558624267578,107.82087707519531,94.23116302490234,339.4976501464844,290.4359436035156,27.06524085998535,146.55050659179688,130.1220245361328,54.10441970825195,176.53465270996094,256.8779602050781,36.25,22.313453674316406,35.575862884521484,126.00069427490234,390.2557067871094,207.32000732421875,456.2777404785156,45.29935836791992,101.76819610595703
2023-02-10,148.71652221679688,81.4800033569336,97.61000061035156,32.702762603759766,479.36138916015625,164.61322021484375,150.1377716064453,105.57379150390625,93.79478454589844,342.5328674316406,291.3471984863281,27.133563995361328,147.2314910888672,130.69654846191406,54.10441970825195,172.79397583007812,256.3713073730469,34.736000061035156,21.242582321166992,36.01912307739258,127.11312103271484,391.1664123535156,196.88999938964844,464.2811584472656,46.00355911254883,106.05785369873047
2023-02-13,151.51339721679688,83.12999725341797,99.54000091552734,32.767093658447266,485.5548095703125,168.60459899902344,149.2996368408203,105.18301391601562,93.8344497680664,345.0606384277344,297.7807922363281,27.865581512451172,147.7763214111328,132.11436462402344,54.99375534057617,178.0328826904297,264.381103515625,35.856998443603516,21.765033721923828,36.10942077636719,128.77720642089844,395.7583312988281,194.63999938964844,465.3145446777344,46.70456314086914,105.64530181884766
2023-02-14,150.8732452392578,85.94999694824219,99.69999694824219,32.7395133972168,482.4580078125,167.5008544921875,150.4433135986328,105.18301391601562,93.90389251708984,342.99420166015625,293.08673095703125,27.95342445373535,147.13160705566406,132.69813537597656,54.07719039916992,178.08248901367188,265.2093811035156,35.99599838256836,22.94678497314453,35.887786865234375,128.05088806152344,395.57623291015625,209.25,462.947265625,46.57012939453125,104.4076919555664
2023-02-15,152.97093200683594,85.18000030517578,101.16000366210938,32.68437957763672,490.185546875,168.62432861328125,148.85789489746094,106.72664642333984,96.14537811279297,345.35595703125,295.1669006347656,28.15839195251465,144.707275390625,133.25413513183594,54.07719039916992,175.7805938720703,263.08953857421875,36.141998291015625,22.739999771118164,35.559444427490234,127.7566909790039,396.8608093261719,214.24000549316406,461.46307373046875,46.91582489013672,104.09380340576172
2023-02-16,151.3755340576172,80.08000183105469,98.1500015258789,32.42701721191406,483.3017883300781,165.67758178710938,146.7088623046875,103.3951187133789,94.72708892822266,341.5364990234375,295.6731262207031,27.523975372314453,143.68121337890625,131.41937255859375,53.741424560546875,171.0973358154297,256.08538818359375,35.07099914550781,21.978809356689453,35.255733489990234,126.08344268798828,391.396484375,202.0399932861328,457.7995910644531,46.17961120605469,103.78890228271484
2023-02-17,150.23316955566406,78.5,97.19999694824219,32.491355895996094,486.54229736328125,162.78013610839844,143.4324493408203,102.79913330078125,93.57658386230469,339.96807861328125,292.6449279785156,26.948116302490234,146.68089294433594,131.8085479736328,54.55815124511719,171.5338897705078,252.0900115966797,34.79600143432617,21.365449905395508,35.469146728515625,128.72201538085938,390.418701171875,208.30999755859375,468.8183288574219,46.87421417236328,99.79804229736328
2023-02-21,146.22496032714844,76.7699966430664,94.58000183105469,31.728477478027344,481.03912353515625,159.28147888183594,141.80300903320312,99.74114990234375,91.0375747680664,333.15948486328125,271.9816589355469,25.43527603149414,144.4951629638672,129.38995361328125,54.26776885986328,170.7401123046875,246.82470703125,33.75,20.633228302001953,35.050514221191406,128.63011169433594,382.5865173339844,197.3699951171875,461.5194396972656,47.159095764160156,99.69938659667969
2023-02-22,146.64842224121094,76.61000061035156,95.79000091552734,31.51707649230957,476.86859130859375,160.99632263183594,141.23052978515625,99.34058380126953,90.89872741699219,332.9473876953125,272.71795654296875,24.859418869018555,144.29397583007812,128.3984375,54.43111801147461,169.78759765625,245.6915283203125,33.487998962402344,20.73212242126465,34.787837982177734,129.17251586914062,382.0592956542969,200.86000061035156,459.2461853027344,46.17000961303711,98.40797424316406
2023-02-23,147.13095092773438,79.75,95.81999969482422,31.489498138427734,472.7939453125,161.74530029296875,142.62210083007812,99.38944244384766,90.14495849609375,335.39215087890625,275.48846435546875,24.996063232421875,144.2482452392578,129.42701721191406,54.530941009521484,170.70042419433594,248.8761444091797,32.3650016784668,23.639055252075195,34.72217559814453,128.7588348388672,384.09161376953125,202.07000732421875,461.8764343261719,45.4818115234375,99.31375885009766
2023-02-24,144.4818572998047,78.08999633789062,93.5,31.44354248046875,468.45086669921875,159.8531036376953,143.04486083984375,97.99234008789062,88.39938354492188,335.6781311035156,273.0494079589844,24.537330627441406,142.63868713378906,130.5946044921875,54.30406951904297,169.06329345703125,243.45449829101562,31.71500015258789,23.26145362854004,34.27070236206055,128.03250122070312,379.9886169433594,196.8800048828125,454.962646484375,45.60345458984375,99.3227310180664
2023-02-27,145.67344665527344,78.7699966430664,93.76000213623047,31.44354248046875,466.9360046386719,160.7794647216797,143.40602111816406,98.13888549804688,89.1333236694336,337.22808837890625,272.45111083984375,24.303081512451172,142.32774353027344,131.73440551757812,54.285919189453125,168.2198944091797,244.37278747558594,32.303001403808594,23.476226806640625,33.47446823120117,127.92216491699219,381.28277587890625,207.6300048828125,454.0139465332031,45.27375411987305,99.14337158203125
2023-02-28,145.1712188720703,78.58000183105469,94.2300033569336,31.526264190673828,464.20361328125,161.24269104003906,141.60044860839844,97.31822204589844,89.32176208496094,324.4227600097656,272.93890380859375,24.33236312866211,140.1603240966797,132.83714294433594,54.00459289550781,173.5778350830078,243.64990234375,32.2130012512207,23.1915225982666,33.302101135253906,126.46952819824219,379.8735656738281,205.7100067138672,447.0814208984375,45.494625091552734,98.56939697265625
2023-03-01,143.1031494140625,78.29000091552734,92.16999816894531,31.37920570373535,458.92095947265625,164.9285430908203,142.7278289794922,96.2728271484375,89.61930084228516,321.7095947265625,267.6465759277344,24.722774505615234,139.52931213378906,132.09580993652344,53.41472625732422,172.06967163085938,240.57278442382812,31.347999572753906,22.674072265625,32.981964111328125,126.56150817871094,378.4163818359375,202.77000427246094,446.4050598144531,44.860836029052734,99.44828033447266
2023-03-02,143.69398498535156,80.44000244140625,92.12999725341797,30.981416702270508,465.65130615234375,183.89019775390625,143.177001953125,96.64408111572266,91.245849609375,324.3763732910156,269.69903564453125,25.57192039489746,139.4195556640625,130.724365234375,54.19517135620117,173.17105102539062,245.30078125,31.187999725341797,23.28942108154297,33.343143463134766,128.6484832763672,381.3594665527344,190.89999389648438,448.73468017578125,44.972869873046875,99.90567779541016
2023-03-03,148.7362060546875,81.5199966430664,94.9000015258789,31.60122299194336,455.651611328125,183.7324981689453,145.2908172607422,98.8130111694336,92.88232421875,331.80047607421875,274.6968994140625,25.767126083374023,140.8553466796875,133.12440490722656,53.94106674194336,183.80758666992188,249.38406372070312,31.51799964904785,23.86481475830078,33.77819061279297,129.5862579345703,387.47564697265625,197.7899932861328,449.54248046875,45.02728271484375,101.17018127441406
2023-03-06,151.4937286376953,81.16000366210938,93.75,31.53647232055664,463.1489562988281,181.14056396484375,146.35655212402344,98.34406280517578,94.35018157958984,331.76324462890625,274.47601318359375,25.366952896118164,142.26370239257812,132.34597778320312,54.77595901489258,183.46031188964844,250.9275360107422,31.202999114990234,23.529172897338867,33.745357513427734,129.0346221923828,387.7440185546875,193.80999755859375,451.6279602050781,45.020877838134766,102.06698608398438
2023-03-07,149.2975616455078,82.11000061035156,93.55000305175781,30.528118133544922,465.13360595703125,180.66751098632812,144.47171020507812,96.7808609008789,93.09061431884766,321.5701904296875,267.5636901855469,24.917980194091797,140.91937255859375,128.4540252685547,54.45833206176758,183.07333374023438,248.27047729492188,30.847000122070312,23.26740074157715,33.11330032348633,126.46952819824219,381.8004455566406,187.7100067138672,445.14630126953125,44.572757720947266,100.09400177001953
2023-03-08,150.5482635498047,85.37000274658203,93.91999816894531,30.121074676513672,465.98687744140625,180.3028564453125,143.55572509765625,97.0153579711914,93.47740936279297,324.5528259277344,270.2336730957031,25.35719108581543,139.8859405517578,127.69419860839844,54.48555374145508,183.52975463867188,247.8308868408203,31.179000854492188,24.159610748291016,32.932708740234375,126.48797607421875,382.42352294921875,182.0,442.065185546875,44.204647064208984,98.63218688964844
2023-03-09,148.30288696289062,84.02999877929688,92.25,28.25238609313965,459.73590087890625,176.13404846191406,141.37142944335938,93.92804718017578,91.563232421875,317.8627014160156,266.9981384277344,25.80616569519043,138.31298828125,120.78123474121094,53.95922088623047,180.2752685546875,246.48280334472656,29.777999877929688,23.415273666381836,32.39094161987305,125.55937957763672,375.3678894042969,172.9199981689453,436.72027587890625,43.90695571899414,97.86988067626953
2023-03-10,146.24465942382812,82.66999816894531,90.7300033569336,28.00261116027832,451.7016296386719,170.67422485351562,140.63162231445312,91.41718292236328,89.8870849609375,304.4640197753906,265.431396484375,26.56746482849121,138.65133666992188,123.84850311279297,53.73234558105469,178.11227416992188,242.83909606933594,29.275999069213867,22.944684982299805,32.33347702026367,126.12937927246094,369.9515380859375,173.44000244140625,433.95806884765625,43.84294509887695,96.6591796875
2023-03-13,148.18472290039062,82.01000213623047,92.43000030517578,26.374441146850586,452.526123046875,172.9705047607422,139.7860565185547,90.46949768066406,90.36315155029297,293.1651611328125,265.62615966796875,26.303937911987305,139.97740173339844,121.62451934814453,54.2768440246582,179.49143981933594,248.0457763671875,29.35099983215332,22.9456844329834,32.71928405761719,127.00279998779297,369.42431640625,174.47999572753906,437.1160888671875,43.970977783203125,95.54713439941406
2023-03-14,150.2725067138672,87.44999694824219,94.87999725341797,26.6057186126709,462.036865234375,180.24371337890625,141.5916290283203,91.2120132446289,93.19970703125,299.3349304199219,264.7453918457031,27.338525772094727,140.76390075683594,124.74736022949219,54.47648239135742,192.50927734375,254.7569122314453,29.493999481201172,24.04171371459961,32.75212097167969,128.5749053955078,375.5308837890625,183.25999450683594,437.96453857421875,44.204647064208984,95.90585327148438
2023-03-15,150.6664581298828,89.68000030517578,96.19999694824219,26.355941772460938,465.62255859375,180.26344299316406,135.4615020751953,90.95799255371094,95.3221664428711,290.080322265625,266.9703674316406,27.728939056396484,141.15713500976562,118.8537826538086,54.839481353759766,196.21023559570312,259.29925537109375,30.378999710083008,24.206567764282227,33.06404495239258,130.3953094482422,373.1822204589844,180.4499969482422,438.765869140625,44.69758605957031,91.13477325439453
2023-03-16,153.48304748535156,96.5999984741211,100.04000091552734,26.799983978271484,467.1565246582031,184.58990478515625,135.89308166503906,92.12061309814453,99.49765014648438,292.7749328613281,265.8207702636719,29.456506729125977,140.864501953125,121.16120147705078,55.14125442504883,203.3343505859375,269.8104248046875,31.006000518798828,25.518409729003906,33.137916564941406,131.36984252929688,379.72979736328125,184.1300048828125,444.97833251953125,44.44367599487305,90.60565185546875
2023-03-17,152.64593505859375,97.83999633789062,98.94999694824219,25.736129760742188,466.95513916015625,182.17539978027344,134.1755828857422,91.0556869506836,100.78700256347656,282.0428771972656,267.3597106933594,29.09537696838379,139.3555450439453,116.5834732055664,54.88520431518555,194.08689880371094,272.9656677246094,30.350000381469727,25.702247619628906,32.916297912597656,131.4066162109375,375.2896728515625,180.1300048828125,442.6026916503906,44.803653717041016,89.53842163085938
2023-03-20,155.00946044921875,96.80999755859375,97.70999908447266,25.671371459960938,469.1027526855469,182.569580078125,136.1484832763672,92.0522232055664,100.39028930664062,287.60870361328125,268.1662902832031,28.46095848083496,140.73646545410156,117.81593322753906,55.41558074951172,196.26976013183594,265.9322204589844,30.51300048828125,25.877092361450195,33.49910354614258,133.4292449951172,378.8983154296875,183.25,449.6354064941406,45.28575897216797,91.8791275024414
2023-03-21,156.8609161376953,95.93000030517578,100.61000061035156,26.44845199584961,470.598388671875,185.949951171875,140.3145294189453,94.31884765625,104.05995178222656,294.80987548828125,268.32391357421875,27.777742385864258,140.73646545410156,120.97587585449219,55.159542083740234,200.58592224121094,267.4463195800781,30.57900047302246,26.175823211669922,33.37596893310547,132.46389770507812,383.8733825683594,197.5800018310547,452.5954895019531,45.13148880004883,95.99552154541016
2023-03-22,155.43296813964844,97.58000183105469,98.69999694824219,25.569612503051758,467.40582275390625,183.8113555908203,137.46084594726562,92.71658325195312,102.52265930175781,291.45550537109375,262.0011901855469,27.455652236938477,138.13922119140625,117.8530044555664,54.91264343261719,198.25418090820312,265.9908752441406,29.389999389648438,26.4445858001709,32.8424186706543,132.38119506835938,377.32977294921875,191.14999389648438,448.2778625488281,44.842220306396484,93.79830932617188
2023-03-23,156.51622009277344,100.27999877929688,98.70999908447266,24.949800491333008,467.6359558105469,184.72789001464844,136.09564208984375,93.62518310546875,104.73436737060547,292.552001953125,263.2064208984375,28.334075927734375,138.21238708496094,117.5379409790039,54.79375457763672,202.68939208984375,271.23663330078125,32.0369987487793,27.16695213317871,32.981964111328125,132.19725036621094,378.3498229980469,192.22000122070312,442.9892272949219,45.205406188964844,92.74007415771484
2023-03-24,157.81617736816406,97.94999694824219,98.12999725341797,25.10706329345703,474.8360595703125,187.3099822998047,137.45204162597656,91.91544342041016,104.57568359375,290.43341064453125,262.38134765625,28.656166076660156,139.60244750976562,115.74946594238281,55.68992614746094,204.4059295654297,274.0792236328125,32.8390007019043,26.755313873291016,33.15434265136719,134.8910675048828,380.8326110839844,190.41000366210938,448.7209167480469,45.57501983642578,92.84770202636719
2023-03-27,155.87608337402344,96.61000061035156,98.04000091552734,26.355941772460938,472.87066650390625,188.49261474609375,138.85243225097656,93.42001342773438,101.6201171875,295.9712829589844,260.7588806152344,28.48048210144043,140.19691467285156,119.06694793701172,56.10142135620117,201.26063537597656,269.9862060546875,32.76599884033203,26.507532119750977,33.01478958129883,134.18312072753906,381.5446472167969,191.80999755859375,454.2923583984375,46.33675003051758,94.88347625732422
2023-03-28,155.25570678710938,94.55999755859375,97.23999786376953,26.013660430908203,466.6867370605469,189.517578125,140.47308349609375,92.63841247558594,100.20183563232422,295.8876953125,260.341796875,28.587844848632812,138.8433837890625,119.4283218383789,56.165435791015625,199.11744689941406,268.8628234863281,32.35200119018555,26.38664436340332,32.82600021362305,134.56007385253906,380.688232421875,189.19000244140625,445.5063171386719,46.15675735473633,96.0672836303711
2023-03-29,158.3282928466797,96.08999633789062,100.25,26.522457122802734,470.6175842285156,193.79476928710938,141.67970275878906,94.6412582397461,100.55888366699219,298.0062255859375,262.6965026855469,30.764385223388672,140.2060546875,119.66925048828125,56.56779098510742,203.75106811523438,274.02069091796875,33.202999114990234,26.960134506225586,33.039424896240234,134.97381591796875,386.22149658203125,193.8800048828125,439.8594055175781,46.35603713989258,97.71743774414062
2023-03-30,159.89413452148438,97.87999725341797,102.0,26.180171966552734,471.2024230957031,193.75537109375,143.02725219726562,95.84295654296875,100.06298828125,298.3965148925781,264.5506286621094,31.32071876525879,140.31578063964844,119.307861328125,56.55864715576172,206.22169494628906,277.4787292480469,33.84299850463867,27.358776092529297,33.14613723754883,135.56219482421875,388.48291015625,195.27999877929688,443.1307067871094,46.81885528564453,98.19274139404297
2023-03-31,162.3955535888672,98.01000213623047,103.29000091552734,26.45770263671875,476.3699951171875,196.88934326171875,143.70547485351562,97.82625579833984,102.87969970703125,303.9436950683594,273.5989685058594,31.886812210083008,141.7515869140625,120.75344848632812,56.72324752807617,210.2897491455078,281.63043212890625,34.54800033569336,27.752431869506836,33.49089431762695,136.7022247314453,393.9584655761719,207.4600067138672,445.5156555175781,47.39095687866211,98.34520721435547
2023-04-03,163.6462860107422,96.55999755859375,102.41000366210938,26.44845199584961,476.5234375,193.64695739746094,149.68585205078125,97.46476745605469,103.5045394897461,303.3954772949219,276.0186462402344,32.10154342651367,143.44349670410156,120.61446380615234,57.06159591674805,211.4109649658203,280.5851745605469,34.827999114990234,27.940263748168945,33.942352294921875,137.45606994628906,395.4596862792969,194.77000427246094,465.87823486328125,47.78948974609375,104.14762115478516
2023-04-04,163.114501953125,95.87000274658203,103.94999694824219,25.884145736694336,477.194580078125,194.34666442871094,148.8843536376953,97.27912902832031,103.8615951538086,299.7995300292969,273.4505920410156,32.30650329589844,144.9433135986328,119.00206756591797,56.887847900390625,213.04812622070312,280.5363464355469,34.67499923706055,27.4287166595459,33.57297897338867,138.11810302734375,393.2655944824219,192.5800018310547,464.9921569824219,47.32024002075195,103.15213775634766
2023-04-05,161.2729034423828,92.55999755859375,101.0999984741211,25.569612503051758,476.6192932128906,192.48402404785156,149.6241912841797,97.61131286621094,103.61363220214844,298.7589111328125,267.6192932128906,32.04298400878906,151.4547119140625,119.17951202392578,57.427371978759766,209.83331298828125,277.7620849609375,34.23500061035156,26.857227325439453,34.106536865234375,139.06503295898438,392.23590087890625,185.52000427246094,480.0566101074219,48.104469299316406,104.91887664794922
2023-04-06,162.1592254638672,92.47000122070312,102.05999755859375,25.7546329498291,465.9292907714844,189.76394653320312,147.66009521484375,97.66992950439453,107.53125762939453,299.5672607421875,267.5636901855469,32.02346420288086,151.03402709960938,119.04875183105469,57.46394729614258,214.41737365722656,284.85406494140625,33.93299865722656,27.01308822631836,34.06549072265625,139.9476318359375,393.7659606933594,185.05999755859375,483.43145751953125,48.467647552490234,103.17906188964844
2023-04-10,159.5691375732422,95.4800033569336,102.16999816894531,25.847139358520508,473.4554443359375,188.71929931640625,148.22377014160156,98.49060821533203,105.56748962402344,301.9458923339844,269.93707275390625,31.74040985107422,150.27500915527344,119.4410171508789,57.3267822265625,213.07786560058594,282.6951599121094,33.89899826049805,27.554611206054688,34.25428009033203,138.78921508789062,394.170166015625,184.50999450683594,485.665771484375,48.37443923950195,102.72167205810547
2023-04-11,158.35781860351562,94.02999877929688,99.91999816894531,26.55946159362793,478.07659912109375,186.15692138671875,149.04290771484375,98.10957336425781,104.48641204833984,304.18524169921875,272.3473815917969,31.574485778808594,150.22923278808594,120.02938842773438,57.22618865966797,212.18490600585938,276.2869567871094,33.82099914550781,27.14497184753418,34.30354309082031,138.513427734375,394.2760009765625,186.7899932861328,491.1240539550781,48.2330322265625,103.44808197021484
2023-04-12,157.66847229003906,92.33000183105469,97.83000183105469,26.34669303894043,469.1603088378906,187.56622314453125,149.5713348388672,95.6866455078125,103.78224182128906,306.8519592285156,269.26025390625,31.252399444580078,149.90916442871094,120.01071166992188,57.3267822265625,212.33372497558594,276.93170166015625,33.10300064086914,26.471567153930664,33.95878219604492,138.89036560058594,392.6689147949219,180.5399932861328,491.3314514160156,47.9984016418457,103.34048461914062
2023-04-13,163.0455780029297,92.08999633789062,102.4000015258789,26.420700073242188,477.3480224609375,191.2126922607422,151.57066345214844,98.51990509033203,106.54937744140625,308.608154296875,270.84552001953125,31.35976219177246,151.9119873046875,120.46834564208984,57.74742889404297,218.63429260253906,283.134765625,34.61899948120117,26.439594268798828,34.04086685180664,139.53390502929688,397.8846435546875,185.89999389648438,496.0826721191406,48.04661560058594,103.82476043701172
2023-04-14,162.70086669921875,91.75,102.51000213623047,27.308792114257812,471.0298767089844,191.83355712890625,151.87893676757812,97.6015396118164,107.97756958007812,313.05889892578125,270.8826599121094,31.125513076782227,151.66502380371094,129.56488037109375,57.65599060058594,219.76539611816406,279.5204162597656,33.862998962402344,26.734333038330078,33.81101989746094,138.82598876953125,396.9127502441406,185.0,482.47003173828125,47.72199249267578,104.07586669921875
2023-04-17,162.7205352783203,89.87000274658203,102.73999786376953,28.095123291015625,473.5609130859375,194.2283935546875,150.54019165039062,97.99234008789062,105.101318359375,315.6234436035156,273.8585510253906,31.369522094726562,151.50961303710938,130.59219360351562,58.030906677246094,217.15585327148438,282.1188659667969,33.27199935913086,26.978116989135742,33.80281448364258,138.87196350097656,398.3369445800781,187.0399932861328,476.39892578125,48.05625915527344,102.86516571044922
2023-04-18,163.94174194335938,89.77999877929688,102.30000305175781,28.27088737487793,476.3987731933594,195.6278533935547,150.18788146972656,98.60784149169922,103.64338684082031,310.2620849609375,277.14971923828125,31.066951751708984,147.24789428710938,132.05848693847656,58.122352600097656,216.1934356689453,281.6988220214844,33.369998931884766,27.64253044128418,33.285675048828125,139.01905822753906,398.5968017578125,184.30999755859375,475.5787658691406,48.16231918334961,104.8740463256836
2023-04-19,165.0841064453125,89.94000244140625,104.30000305175781,27.80834197998047,475.5647277832031,196.04177856445312,150.32879638671875,96.47799682617188,103.32601165771484,313.0310363769531,275.2584533691406,30.40325164794922,148.6379852294922,131.89039611816406,58.23208236694336,214.02049255371094,281.7769470214844,32.3120002746582,27.906295776367188,33.03120803833008,139.04664611816406,398.5294189453125,180.58999633789062,458.3460388183594,48.2137451171875,104.54222106933594
2023-04-20,164.11898803710938,90.11000061035156,103.80999755859375,27.66032600402832,484.72064208984375,194.65219116210938,149.59779357910156,95.81364440917969,104.42691040039062,314.7221374511719,276.7974548339844,30.120206832885742,149.59823608398438,131.5074462890625,58.488136291503906,211.4109649658203,279.4910583496094,32.53499984741211,27.080028533935547,32.71107482910156,139.55641174316406,396.3545837402344,162.99000549316406,459.5337829589844,48.52229690551758,103.70817565917969
2023-04-21,162.51377868652344,88.43000030517578,106.95999908447266,27.632572174072266,485.4589538574219,196.15020751953125,148.95480346679688,97.27912902832031,104.54592895507812,317.4632263183594,278.1601867675781,29.573631286621094,148.78428649902344,131.25527954101562,58.5704345703125,211.23236083984375,279.1493225097656,32.79800033569336,27.095014572143555,33.006591796875,144.38558959960938,396.66253662109375,165.0800018310547,456.1023254394531,48.76655960083008,104.04000854492188
2023-04-24,162.81903076171875,87.56999969482422,106.20999908447266,27.53080940246582,490.3197326660156,192.09967041015625,151.03341674804688,97.38660430908203,105.101318359375,319.6002502441406,279.6435546875,28.948974609375,149.68968200683594,131.43275451660156,58.47898864746094,211.13314819335938,275.25146484375,32.902000427246094,27.018085479736328,32.76032638549805,144.64463806152344,397.0763244628906,162.5500030517578,460.9290771484375,49.09761047363281,106.00403594970703
2023-04-25,161.28274536132812,83.80000305175781,102.56999969482422,26.679723739624023,482.41015625,187.91114807128906,148.84031677246094,95.75502014160156,102.99871826171875,315.4375915527344,274.7207336425781,28.187671661376953,151.06146240234375,128.57492065429688,58.387535095214844,205.93392944335938,269.0483703613281,32.255001068115234,26.217792510986328,32.28423309326172,144.68162536621094,390.773193359375,160.6699981689453,463.7383117675781,48.71513366699219,104.49738311767578
2023-04-26,161.2729034423828,85.94000244140625,104.9800033569336,26.3096866607666,474.251220703125,188.74887084960938,146.18922424316406,94.38723754882812,102.85987091064453,312.7243957519531,267.0631103515625,28.353595733642578,148.7202911376953,126.29612731933594,58.11321258544922,207.76953125,288.536865234375,32.1150016784668,26.932153701782227,31.709636688232422,143.00714111328125,389.1180114746094,153.75,455.2821960449219,48.50300598144531,103.53778839111328
2023-04-27,165.8522491455078,87.44000244140625,109.81999969482422,26.72597885131836,480.5884704589844,193.1049041748047,147.04354858398438,97.630859375,106.70805358886719,317.40740966796875,272.4957580566406,29.144180297851562,149.0677947998047,127.99586486816406,58.23208236694336,236.70249938964844,297.7779846191406,32.584999084472656,27.201919555664062,31.799922943115234,144.75563049316406,396.8646240234375,160.19000244140625,462.3713684082031,48.65406036376953,104.77538299560547
2023-04-28,167.10293579101562,89.37000274658203,105.44999694824219,27.086769104003906,482.4580078125,195.49974060058594,148.47921752929688,100.14171600341797,106.46009063720703,319.1170959472656,278.62371826171875,30.315410614013672,149.70797729492188,129.1072540283203,58.6618766784668,238.4488067626953,300.15179443359375,32.99300003051758,27.724456787109375,31.923057556152344,144.67239379882812,400.25189208984375,164.30999755859375,463.8985595703125,48.52229690551758,106.12958526611328
2023-05-01,167.0143585205078,89.69000244140625,102.05000305175781,26.864742279052734,473.2254333496094,194.92811584472656,147.29901123046875,99.85839080810547,106.32125091552734,316.4503479003906,275.9908752441406,29.573631286621094,149.61654663085938,131.87171936035156,58.79904556274414,241.2864990234375,298.49114990234375,32.4119987487793,28.884428024291992,32.18572998046875,144.84815979003906,399.8477478027344,161.8300018310547,467.30169677734375,48.7215576171875,102.83827209472656
2023-05-02,165.98025512695312,89.91000366210938,103.62999725341797,26.050657272338867,474.3950500488281,191.0352783203125,140.95745849609375,98.28544616699219,104.4566650390625,309.7603454589844,272.8202209472656,29.056337356567383,150.92428588867188,129.7423095703125,58.533851623535156,237.377197265625,298.3446350097656,31.7549991607666,28.185047149658203,32.06260681152344,144.7186279296875,395.3537902832031,160.30999755859375,465.12408447265625,48.58978271484375,98.73979949951172
2023-05-03,164.90684509277344,81.62000274658203,103.6500015258789,25.773134231567383,469.84100341796875,189.82310485839844,138.13021850585938,98.53945922851562,104.54592895507812,305.3746032714844,271.7077331542969,29.915241241455078,148.94891357421875,126.99653625488281,58.204654693603516,235.1843719482422,297.35797119140625,31.93000030517578,27.777406692504883,31.561878204345703,144.53359985351562,392.6400451660156,160.61000061035156,461.4003601074219,48.40980529785156,96.79370880126953
2023-05-04,163.2720489501953,86.61000061035156,104.0,24.968297958374023,471.0899658203125,189.59642028808594,137.59295654296875,95.2079086303711,103.83184051513672,298.5079345703125,264.9122314453125,30.61595916748047,148.2721710205078,125.25943756103516,58.268672943115234,231.70175170898438,298.3446350097656,32.077999114990234,27.537622451782227,31.381290435791016,143.8675079345703,389.8590087890625,161.1999969482422,459.3641357421875,48.54529571533203,95.09872436523438
2023-05-05,170.9339141845703,89.83999633789062,105.66000366210938,25.634366989135742,479.4676208496094,194.73104858398438,141.10720825195312,98.20726776123047,104.70460510253906,303.86004638671875,268.5000305175781,30.37095069885254,148.775146484375,127.70634460449219,58.542999267578125,230.96749877929688,303.46337890625,32.2760009765625,28.65463638305664,31.59471321105957,144.34857177734375,397.0763244628906,170.05999755859375,465.9631042480469,48.96471405029297,97.46632385253906
2023-05-08,170.8649444580078,95.04000091552734,105.83000183105469,25.615867614746094,479.4676208496094,195.0365447998047,140.55235290527344,100.60091400146484,106.8865737915039,303.3861389160156,266.93328857421875,30.15534782409668,148.436767578125,128.01455688476562,58.45155715942383,231.4536895751953,301.5096740722656,33.12099838256836,29.125215530395508,31.74246597290039,143.67323303222656,397.18218994140625,171.7899932861328,464.39825439453125,49.271202087402344,97.8519515991211
2023-05-09,169.16122436523438,95.05999755859375,106.62000274658203,25.58811378479004,481.1297607421875,198.26907348632812,140.1471405029297,99.8290786743164,106.47003173828125,301.7693786621094,269.39007568359375,29.498729705810547,147.2845001220703,127.39816284179688,57.96689987182617,231.5529022216797,299.8978271484375,33.2140007019043,28.545732498168945,31.586503982543945,142.2023162841797,395.44036865234375,169.14999389648438,462.2864990234375,49.3550910949707,97.87884521484375
2023-05-10,170.924072265625,97.0199966430664,110.19000244140625,25.273584365844727,480.0441589355469,201.88597106933594,138.35919189453125,98.8130111694336,110.83395385742188,299.7066650390625,267.9530944824219,29.371326446533203,147.8332061767578,127.4635238647461,58.06748962402344,231.26515197753906,305.08489990234375,33.54199981689453,28.859451293945312,31.43875503540039,142.498291015625,397.2880554199219,168.5399932861328,461.9943542480469,49.21636199951172,96.62329864501953
2023-05-11,171.11114501953125,97.0999984741211,112.18000030517578,25.338336944580078,482.18658447265625,200.52593994140625,137.59295654296875,90.18616485595703,115.61444091796875,298.0062255859375,266.71075439453125,28.28350257873535,147.22962951660156,127.0619125366211,58.39668655395508,233.9540557861328,302.9358215332031,34.47600173950195,28.552724838256836,31.181537628173828,142.83135986328125,396.5951843261719,172.0800018310547,460.7593078613281,49.40025329589844,94.87449645996094
2023-05-12,170.1841278076172,95.26000213623047,110.26000213623047,25.060810089111328,484.2809753417969,198.88999938964844,137.9452667236328,89.87352752685547,116.5467529296875,296.8726806640625,269.2880554199219,28.3717041015625,147.03753662109375,125.24076080322266,58.625301361083984,231.9894561767578,301.8222351074219,33.98899841308594,28.31493377685547,30.990697860717773,144.2838134765625,396.07550048828125,167.97999572753906,463.08782958984375,49.38412857055664,94.86553955078125
2023-05-15,169.69110107421875,97.4000015258789,111.19999694824219,25.5788631439209,482.3306579589844,200.3879852294922,138.45611572265625,90.72351837158203,115.55494689941406,299.2606201171875,267.49884033203125,29.204721450805664,145.9126739501953,126.29612731933594,58.46984100341797,237.00013732910156,302.3009338378906,33.5890007019043,28.927391052246094,30.833044052124023,144.33006286621094,397.4419860839844,166.35000610351562,458.9681701660156,49.000205993652344,95.04645538330078
2023-05-16,169.69110107421875,101.4800033569336,113.4000015258789,25.31058692932129,476.67193603515625,201.60018920898438,135.20608520507812,88.88676452636719,118.53034210205078,298.0898742675781,261.74163818359375,28.636310577392578,145.7206268310547,125.44622039794922,57.81144332885742,236.9604949951172,304.5281982421875,33.375,29.187158584594727,30.708585739135742,144.08030700683594,394.7860412597656,166.52000427246094,452.2372741699219,48.322689056396484,92.73971557617188
2023-05-17,170.302490234375,103.75,115.5,26.429950714111328,475.5670471191406,206.3504638671875,137.14376831054688,90.63558197021484,119.84944152832031,306.79620361328125,271.0680847167969,28.29330062866211,145.40057373046875,129.30335998535156,57.74742889404297,240.6018829345703,307.4064025878906,33.99599838256836,30.151309967041016,30.492855072021484,143.4697265625,399.57830810546875,173.86000061035156,457.03564453125,48.242034912109375,94.8203125
2023-05-18,172.62986755371094,107.93000030517578,118.1500015258789,26.337438583374023,478.5453186035156,210.23341369628906,136.97479248046875,91.60281372070312,121.82312774658203,306.23870849609375,273.6361083984375,29.087120056152344,144.9341278076172,130.28399658203125,57.427371978759766,244.9279327392578,311.83154296875,37.12900161743164,31.649978637695312,30.268821716308594,141.110595703125,403.4275207519531,176.88999938964844,451.775390625,48.867923736572266,95.67967224121094
2023-05-19,172.73837280273438,105.81999969482422,116.25,26.004405975341797,477.02734375,207.31626892089844,138.05982971191406,89.24825286865234,121.75371551513672,303.05169677734375,269.66815185546875,29.33212661743164,145.32737731933594,129.985107421875,57.454811096191406,243.72735595703125,311.6552734375,36.5359992980957,31.236345291137695,30.509445190429688,141.70269775390625,402.84051513671875,180.13999938964844,451.3887634277344,48.36463165283203,96.12294006347656
2023-05-22,171.79159545898438,108.0,115.01000213623047,26.217174530029297,472.5599670410156,207.2176971435547,135.57846069335938,89.70744323730469,124.02494812011719,301.90875244140625,269.4642028808594,29.675134658813477,144.54415893554688,128.9111328125,56.24773406982422,246.3865203857422,314.43560791015625,36.30099868774414,31.1484317779541,32.15232467651367,137.99290466308594,403.004150390625,188.8699951171875,453.085693359375,47.93876647949219,94.95600128173828
2023-05-23,169.1881103515625,108.12000274658203,114.98999786376953,26.439197540283203,465.8347473144531,203.6501007080078,139.50064086914062,87.75346374511719,121.55534362792969,300.65435791015625,273.4320983886719,28.92051887512207,144.4888916015625,127.56625366210938,56.14714813232422,244.8188018798828,308.6399230957031,35.5989990234375,30.660858154296875,32.89078903198242,136.50344848632812,398.4812927246094,185.77000427246094,451.97332763671875,47.84843826293945,96.24958038330078
2023-05-24,169.4642333984375,108.2699966430664,116.75,25.995153427124023,463.8076171875,206.0350341796875,139.8741912841797,87.02070617675781,119.90895080566406,297.1606750488281,269.8721008300781,28.420703887939453,144.35067749023438,126.39881896972656,55.67163848876953,247.26956176757812,307.2596130371094,36.48500061035156,30.510988235473633,32.05275344848633,135.37481689453125,395.5943298339844,182.89999389648438,453.2835693359375,47.629051208496094,97.32604217529297
2023-05-25,170.59832763671875,120.3499984741211,115.0,26.059911727905273,467.44873046875,206.87278747558594,137.46392822265625,86.11210632324219,122.46780395507812,300.9424133300781,265.8393249511719,26.852664947509766,142.27749633789062,126.70704650878906,55.24184036254883,250.7224578857422,319.07611083984375,35.900001525878906,37.94640350341797,31.38896369934082,134.50515747070312,399.02020263671875,184.47000122070312,450.3329772949219,47.154788970947266,95.5801773071289
2023-05-26,173.00460815429688,127.02999877929688,120.11000061035156,26.189422607421875,487.34576416015625,212.32275390625,137.03704833984375,86.25865173339844,123.58853912353516,308.49664306640625,271.4759521484375,28.420703887939453,142.22216796875,127.89314270019531,55.104671478271484,259.9996643066406,325.89971923828125,37.88800048828125,38.911556243896484,31.198122024536133,134.5144500732422,404.1877136230469,193.1699981689453,453.93408203125,47.238677978515625,94.95600128173828
2023-05-30,174.84873962402344,125.2699966430664,121.66000366210938,26.143173217773438,488.08551025390625,215.70310974121094,136.1832275390625,85.79946899414062,122.65623474121094,307.4001770019531,271.07733154296875,29.390928268432617,142.24058532714844,128.37879943847656,54.66573715209961,260.4759216308594,324.2550354003906,39.29800033569336,40.075523376464844,30.708585739135742,132.46060180664062,404.3416748046875,201.16000366210938,452.3598327636719,47.122528076171875,94.1147232055664
2023-05-31,174.7994384765625,118.20999908447266,120.58000183105469,25.708375930786133,491.4769287109375,220.1478729248047,133.95973205566406,85.93624877929688,121.8628158569336,303.2525939941406,264.6717834472656,30.81196403503418,142.8763885498047,126.74439239501953,54.556007385253906,262.6587829589844,321.4942321777344,39.52299880981445,37.800533294677734,31.546621322631836,131.83152770996094,402.09954833984375,203.92999267578125,459.3263854980469,47.38386154174805,92.43216705322266
2023-06-01,177.6001739501953,119.47000122070312,122.7699966430664,25.904197692871094,492.4760437011719,209.81948852539062,135.32940673828125,86.55175018310547,122.7058334350586,296.2306823730469,269.28448486328125,30.508153915405273,142.39724731445312,128.49085998535156,54.86691665649414,270.4873046875,325.59625244140625,40.3129997253418,39.73482131958008,31.546621322631836,133.1822052001953,405.91986083984375,207.52000427246094,465.350341796875,47.558067321777344,93.49960327148438
2023-06-02,178.4482879638672,117.86000061035156,124.25,26.771398544311523,492.4665222167969,209.94764709472656,138.97592163085938,88.68160247802734,123.64804077148438,303.0185241699219,276.3343505859375,30.684560775756836,144.6362762451172,131.18991088867188,55.92767333984375,270.4873046875,328.3570251464844,40.047000885009766,39.292213439941406,31.828731536865234,135.55059814453125,411.7900390625,213.97000122070312,470.9594421386719,48.012969970703125,95.6706314086914
2023-06-05,177.09725952148438,117.93000030517578,125.30000305175781,26.612876892089844,497.9043273925781,206.823486328125,138.30886840820312,88.90630340576172,124.97706604003906,301.2958068847656,273.6824951171875,29.263526916503906,145.88026428222656,129.90109252929688,55.552757263183594,269.27685546875,328.8857116699219,40.354000091552734,39.1363525390625,32.069358825683594,135.01397705078125,411.0009460449219,217.61000061035156,469.6491394042969,48.32914352416992,95.24547576904297
2023-06-06,176.7323455810547,124.2300033569336,126.61000061035156,27.256282806396484,495.9924621582031,209.7702178955078,138.55789184570312,90.03962707519531,126.26640319824219,305.96771240234375,276.390380859375,30.341550827026367,145.75123596191406,130.13458251953125,55.15040588378906,269.00897216796875,326.6732177734375,39.92900085449219,38.61981201171875,31.837026596069336,133.6725311279297,411.89581298828125,221.30999755859375,459.6375427246094,48.322689056396484,96.02342987060547
2023-06-07,175.361572265625,117.83000183105469,121.2300033569336,27.489404678344727,491.1598815917969,202.7532501220703,142.15103149414062,90.39132690429688,121.495849609375,314.3471984863281,281.7127380371094,30.655160903930664,146.06455993652344,131.39540100097656,55.06809997558594,261.5474548339844,316.58941650390625,39.97700119018555,37.44572067260742,32.268489837646484,133.9593505859375,410.4715881347656,224.57000732421875,454.5091857910156,48.39366912841797,98.17638397216797
2023-06-08,178.07354736328125,121.05000305175781,124.25,27.256282806396484,499.67205810546875,206.49826049804688,141.6262664794922,90.4011001586914,121.13880157470703,314.08502197265625,281.1431579589844,31.184371948242188,147.6678009033203,131.43275451660156,55.205265045166016,262.5198669433594,318.4300231933594,40.9370002746582,38.47991943359375,32.43444061279297,135.47654724121094,412.9543762207031,234.86000061035156,462.1451721191406,49.0937614440918,97.86882019042969
2023-06-09,178.45816040039062,124.91999816894531,123.43000030517578,27.2935848236084,496.9724426269531,212.1946258544922,141.28834533691406,89.8149185180664,121.2280502319336,314.6000061035156,277.6509704589844,30.713960647583008,147.4374237060547,131.69422912597656,55.29671096801758,262.8869934082031,319.9278869628906,42.00199890136719,38.73971176147461,32.33486557006836,135.5875701904297,413.6953125,244.39999389648438,465.34088134765625,49.39057540893555,97.14513397216797
2023-06-12,181.24903869628906,129.19000244140625,126.56999969482422,27.16303825378418,500.51751708984375,210.59808349609375,139.9275665283203,90.99707794189453,122.6264877319336,317.84881591796875,280.9283752441406,32.409400939941406,147.33609008789062,131.6848907470703,55.0589599609375,268.9395446777344,324.881591796875,42.39699935913086,39.4511604309082,33.10652542114258,134.523681640625,417.44830322265625,249.8300018310547,464.36993408203125,49.7164306640625,96.26766967773438
2023-06-13,180.77565002441406,124.52999877929688,126.66000366210938,27.414810180664062,501.5262756347656,205.95620727539062,140.97702026367188,91.69073486328125,122.81494140625,320.66693115234375,280.2000427246094,33.23262405395508,148.11009216308594,132.63754272460938,55.27841567993164,269.2074279785156,327.2703857421875,43.573001861572266,40.98995590209961,33.42182159423828,134.19984436035156,420.2005310058594,258.7099914550781,463.1632385253906,50.10357666015625,96.28575897216797
2023-06-14,181.4068145751953,127.33000183105469,126.41999816894531,27.153717041015625,506.50299072265625,206.3701171875,139.7140655517578,90.32295227050781,122.65623474121094,316.8470153808594,279.85455322265625,34.869266510009766,148.8656768798828,132.14256286621094,55.653350830078125,271.22161865234375,330.2563171386719,44.08599853515625,42.96341323852539,32.658470153808594,135.45806884765625,420.7008972167969,256.7900085449219,433.51495361328125,50.6100959777832,95.12788391113281
2023-06-15,183.43833923339844,124.23999786376953,127.11000061035156,27.3868350982666,508.4051513671875,208.8536834716797,140.77247619628906,90.80167388916016,124.06460571289062,318.0828552246094,282.011474609375,35.104469299316406,150.86517333984375,133.63685607910156,56.41811752319336,279.6355285644531,340.7904052734375,44.527000427246094,42.61968994140625,32.982059478759766,137.33609008789062,425.91656494140625,255.89999389648438,441.0024719238281,50.8875617980957,95.78824615478516
2023-06-16,182.36338806152344,120.08000183105469,125.48999786376953,27.21898651123047,503.0923156738281,208.69598388671875,139.8652801513672,89.21894836425781,122.51739501953125,316.7440490722656,280.4801940917969,35.64347839355469,151.3258819580078,133.79559326171875,56.82353973388672,278.81201171875,335.14154052734375,43.19599914550781,42.658653259277344,33.239280700683594,138.344482421875,424.4658508300781,260.5400085449219,433.9977111816406,50.17778778076172,95.10072326660156
2023-06-20,182.45216369628906,118.93000030517578,125.77999877929688,26.920595169067383,499.2973327636719,213.83059692382812,136.68128967285156,87.68507385253906,122.09092712402344,309.6378173828125,281.4419250488281,34.30085372924805,151.2337188720703,133.1138153076172,56.44575881958008,282.1160888671875,330.9513854980469,43.470001220703125,43.773780822753906,32.641868591308594,137.06776428222656,422.2636413574219,274.45001220703125,444.31549072265625,49.73578643798828,92.92064666748047
2023-06-21,181.41668701171875,112.11000061035156,124.83000183105469,26.640851974487305,499.2204895019531,206.55738830566406,137.74853515625,86.60060119628906,119.56184387207031,304.3480224609375,280.7790222167969,32.242801666259766,151.00338745117188,132.917724609375,56.60239791870117,279.4469909667969,326.5556945800781,42.44499969482422,43.01137924194336,32.276790618896484,138.251953125,420.1000671386719,259.4599914550781,451.2823486328125,49.83257293701172,93.9609375
2023-06-22,184.41465759277344,110.69999694824219,130.14999389648438,26.072040557861328,503.6206970214844,210.20387268066406,135.75631713867188,86.45405578613281,122.14051055908203,299.2080383300781,281.22723388671875,32.05659484863281,152.60667419433594,130.3587188720703,56.9893913269043,282.661865234375,332.5765380859375,42.24800109863281,42.991397857666016,32.1357307434082,138.72378540039062,421.6164855957031,264.6099853515625,453.45947265625,50.24876403808594,93.4453125
2023-06-23,184.09906005859375,110.01000213623047,129.3300018310547,25.876220703125,503.85125732421875,207.05014038085938,134.6090087890625,86.07302856445312,121.337158203125,294.6484069824219,280.88165283203125,32.34080505371094,152.47764587402344,129.6769561767578,56.390472412109375,286.4818420410156,327.9850158691406,42.402000427246094,42.176025390625,31.778949737548828,137.3453369140625,418.4291076660156,256.6000061035156,451.5190124511719,50.15519714355469,92.63117218017578
2023-06-26,182.70855712890625,107.51000213623047,127.33000183105469,26.193262100219727,502.8713073730469,204.3596649169922,136.97479248046875,86.65921783447266,117.36992645263672,292.4482116699219,287.49261474609375,32.67401123046875,150.77297973632812,129.9945068359375,56.40890884399414,276.3017578125,321.69989013671875,41.59400177001953,40.60026550292969,30.60902214050293,137.48410034179688,416.719482421875,241.0500030517578,453.46893310546875,50.022926330566406,94.34086608886719
2023-06-27,185.4600067138672,110.38999938964844,129.17999267578125,26.333131790161133,509.510009765625,205.79855346679688,136.54786682128906,87.01094055175781,117.36002349853516,293.4687805175781,292.9551086425781,33.418827056884766,150.459716796875,130.0038299560547,56.28911590576172,284.81488037109375,327.5445251464844,41.70800018310547,41.843284606933594,30.219036102294922,138.7885284423828,421.28814697265625,250.2100067138672,456.7819519042969,49.84225082397461,94.57608032226562
2023-06-28,186.633544921875,110.16999816894531,129.0399932861328,26.17461395263672,511.8831481933594,209.1000518798828,137.78411865234375,86.78623962402344,119.1948471069336,293.6653747558594,286.2041015625,32.8994140625,150.1556396484375,129.43409729003906,55.763916015625,283.0686340332031,328.7976379394531,42.98400115966797,41.08488464355469,30.111177444458008,138.76077270507812,421.5006103515625,256.239990234375,449.105224609375,50.11325454711914,95.34497833251953
2023-06-29,186.9688262939453,111.23999786376953,127.9000015258789,26.724777221679688,510.8168029785156,207.38525390625,138.9581298828125,86.90348052978516,118.12370300292969,302.49420166015625,287.42730712890625,32.252601623535156,151.20611572265625,133.95437622070312,55.30320739746094,279.33795166015625,328.01446533203125,42.82400131225586,40.79011154174805,29.970111846923828,138.1964569091797,423.16192626953125,257.5,450.9889221191406,49.77450180053711,96.52096557617188
2023-06-30,191.28831481933594,113.91000366210938,130.36000061035156,26.75274658203125,517.2440795898438,208.20323181152344,139.94534301757812,87.22588348388672,118.71878051757812,301.979248046875,290.06048583984375,32.772010803222656,152.51451110839844,135.8315887451172,55.48749542236328,284.7454528808594,333.3890686035156,44.04899978637695,42.26895523071289,30.43476676940918,140.3797607421875,428.1555480957031,261.7699890136719,454.9644775390625,50.710105895996094,97.01847076416016
2023-07-03,189.79917907714844,115.81999969482422,130.22000122070312,27.228313446044922,519.7994995117188,208.58758544921875,139.82083129882812,88.41780853271484,118.91716003417969,305.78985595703125,289.4815673828125,32.94841384887695,150.51504516601562,136.92428588867188,55.8192024230957,283.7929382324219,330.8927307128906,44.14400100708008,42.37986755371094,30.409879684448242,141.08287048339844,428.6481628417969,279.82000732421875,452.35198974609375,51.0391960144043,97.20846557617188
2023-07-05,188.68479919433594,113.94999694824219,130.3800048828125,27.11641502380371,519.8861694335938,210.7261962890625,139.02037048339844,87.72415161132812,120.75199127197266,299.6480407714844,290.2098693847656,31.8605899810791,150.01742553710938,136.01214599609375,56.233829498291016,292.077880859375,331.04925537109375,44.59000015258789,42.28395080566406,30.252225875854492,140.84234619140625,428.01068115234375,282.4800109863281,446.0476989746094,51.010154724121094,96.7109146118164
2023-07-06,189.15814208984375,113.4800033569336,128.36000061035156,26.370433807373047,516.2737426757812,207.09945678710938,135.96975708007812,86.69831085205078,119.12541961669922,293.04742431640625,282.011474609375,31.331375122070312,148.9025421142578,134.66744995117188,55.80077362060547,289.7164306640625,334.1038513183594,43.88399887084961,42.07011413574219,29.56354522705078,140.61102294921875,424.6590270996094,276.5400085449219,444.287109375,50.68751907348633,93.10157012939453
2023-07-07,188.0437469482422,113.16999816894531,129.77999877929688,26.603551864624023,504.4373779296875,206.55738830566406,137.1615447998047,86.60060119628906,118.50060272216797,295.0791320800781,282.7491149902344,31.213775634765625,146.7371826171875,135.7300262451172,55.06364059448242,288.2678527832031,330.13885498046875,43.810001373291016,42.46979904174805,29.48056983947754,137.6598663330078,423.58685302734375,274.42999267578125,436.92266845703125,49.51963424682617,93.31867218017578
2023-07-10,186.00238037109375,113.58000183105469,127.12999725341797,26.724777221679688,506.32037353515625,209.73081970214844,138.07763671875,86.07302856445312,115.49542236328125,296.29620361328125,289.724365234375,32.08599853515625,146.97674560546875,136.49172973632812,54.64900588989258,291.80999755859375,324.86199951171875,44.17100143432617,42.147056579589844,29.605031967163086,137.71536254882812,424.6590270996094,269.6099853515625,438.3141784667969,49.96807098388672,94.70272064208984
2023-07-11,185.47970581054688,111.31999969482422,128.77999877929688,27.060466766357422,508.84710693359375,217.9698486328125,140.63018798828125,87.43104553222656,116.17977905273438,300.42510986328125,292.8804016113281,32.63480758666992,146.1658935546875,138.6262969970703,54.842498779296875,295.9674377441406,325.4886169433594,44.020999908447266,42.37187576293945,29.887144088745117,136.9937744140625,427.36346435546875,269.7900085449219,438.1627502441406,49.89387130737305,95.86058807373047
2023-07-12,187.14634704589844,114.58000183105469,130.8000030517578,27.37751007080078,516.8789672851562,223.99143981933594,141.9820556640625,88.07587432861328,117.95509338378906,305.59326171875,296.4847106933594,33.30122756958008,145.65911865234375,139.31277465820312,55.13735580444336,306.93133544921875,330.1192932128906,44.404998779296875,43.867706298828125,29.862253189086914,137.7061309814453,430.8020324707031,271.989990234375,427.5705261230469,50.01969528198242,96.33098602294922
2023-07-13,187.9056854248047,115.91999816894531,134.3000030517578,27.666576385498047,517.3113403320312,227.03675842285156,140.08766174316406,88.38850402832031,123.51911926269531,307.7279052734375,293.7581787109375,33.193424224853516,146.3317413330078,139.98983764648438,55.607269287109375,310.9697265625,335.46466064453125,45.03799819946289,45.94108963012695,29.920333862304688,137.79861450195312,434.22125244140625,277.8999938964844,423.83148193359375,49.726112365722656,94.5670166015625
2023-07-14,188.05361938476562,115.94000244140625,134.67999267578125,27.144392013549805,525.2373657226562,226.0117645263672,136.5923614501953,86.58106994628906,124.39189147949219,305.39666748046875,295.53228759765625,32.48780822753906,147.30844116210938,140.83615112304688,56.114051818847656,306.46502685546875,337.9903869628906,44.191001892089844,45.4334831237793,30.136070251464844,138.8162841796875,433.9508056640625,281.3800048828125,454.5196228027344,49.89710235595703,91.3104476928711
2023-07-17,191.3080291748047,118.31999969482422,133.55999755859375,27.414810180664062,531.2516479492188,224.70101928710938,136.46783447265625,83.59146881103516,123.62821960449219,306.3422546386719,295.112060546875,33.683433532714844,146.57131958007812,144.2307891845703,56.031124114990234,308.201416015625,338.4701843261719,45.005001068115234,46.424705505371094,29.754384994506836,137.83563232421875,435.4575500488281,290.3800048828125,458.22076416015625,49.95840072631836,91.70846557617188
2023-07-18,191.05160522460938,117.93000030517578,132.8300018310547,28.62702751159668,531.8568115234375,224.3363800048828,136.74354553222656,83.97248840332031,122.74551391601562,315.7702941894531,295.7751159667969,33.81083679199219,146.56207275390625,144.49411010742188,55.80998229980469,309.62030029296875,351.9411926269531,47.47999954223633,47.45690155029297,30.069683074951172,138.0946807861328,438.6933288574219,293.3399963378906,473.29034423828125,49.868064880371094,91.2923583984375
2023-07-19,192.4026641845703,116.43000030517578,135.36000061035156,29.400985717773438,532.3566284179688,230.9788360595703,137.57957458496094,85.03742218017578,121.0296859741211,318.84124755859375,298.31488037109375,33.771629333496094,146.26724243164062,145.0489044189453,56.795894622802734,313.5494079589844,347.623779296875,47.75899887084961,47.040225982666016,30.235631942749023,139.03831481933594,439.6688232421875,291.260009765625,476.79266357421875,49.884193420410156,91.92559814453125
2023-07-20,190.45989990234375,110.25,129.9600067138672,29.5501766204834,535.0945434570312,224.85870361328125,139.10040283203125,84.22650909423828,118.22289276123047,328.4940185546875,297.9506530761719,32.703407287597656,155.1497802734375,146.8355712890625,57.48695755004883,300.1644592285156,339.586181640625,43.742000579833984,45.484439849853516,30.509445190429688,140.1657257080078,436.7518615722656,262.8999938964844,477.3038635253906,50.80690002441406,93.5448226928711
2023-07-21,189.28636169433594,110.94999694824219,130.0,29.820594787597656,535.9592895507812,224.76014709472656,141.13711547851562,85.1741943359375,119.03617095947266,329.5238952636719,299.23931884765625,33.340431213378906,156.81756591796875,145.70712280273438,57.53302001953125,291.9687805175781,336.5513000488281,42.75,44.274391174316406,31.032176971435547,142.37210083007812,436.7518615722656,260.0199890136719,479.47149658203125,51.09403991699219,93.9790267944336
2023-07-24,190.0851593017578,110.61000061035156,128.8000030517578,30.445358276367188,541.7909545898438,222.39486694335938,143.92091369628906,84.6075439453125,120.53378295898438,336.0495300292969,303.5718688964844,32.95821762084961,157.6376495361328,148.57521057128906,57.551456451416016,289.33935546875,337.86322021484375,42.83700180053711,44.57715606689453,31.123449325561523,142.8282470703125,438.7030029296875,269.05999755859375,481.5066223144531,51.394073486328125,95.45350646972656
2023-07-25,190.943115234375,113.0,129.1300048828125,29.9791202545166,543.00146484375,222.75955200195312,144.5790557861328,83.65985870361328,121.20821380615234,332.0892333984375,303.59051513671875,33.418827056884766,158.84471130371094,147.46563720703125,57.35795593261719,292.1771545410156,343.6098937988281,42.77000045776367,45.64331817626953,30.75007438659668,143.1634063720703,439.900634765625,265.2799987792969,483.6364440917969,51.352134704589844,95.59825897216797
2023-07-26,191.81097412109375,110.08999633789062,128.14999389648438,30.22156524658203,543.94287109375,222.3160400390625,143.49400329589844,83.88456726074219,128.2103271484375,334.7669372558594,307.7550964355469,33.67363357543945,159.1487579345703,148.3495330810547,58.095088958740234,296.2452697753906,330.67730712890625,42.266998291015625,45.4164924621582,30.874530792236328,143.3123779296875,439.96832275390625,264.3500061035156,480.8629455566406,51.536033630371094,95.06454467773438
2023-07-27,190.5486602783203,111.0999984741211,128.25,29.792625427246094,539.7733764648438,221.89227294921875,141.9998321533203,83.39606475830078,128.33926391601562,331.9113464355469,307.8671569824219,33.85983657836914,160.04257202148438,146.71331787109375,57.53302001953125,309.2828674316406,323.7753601074219,41.31700134277344,45.86415100097656,30.371139526367188,141.60870361328125,437.05133056640625,255.7100067138672,478.240966796875,51.34891128540039,95.3630599975586
2023-07-28,193.12255859375,112.95999908447266,132.2100067138672,29.746000289916992,541.2048950195312,222.3357391357422,141.29718017578125,84.14835357666016,131.4932098388672,330.7129211425781,309.4171142578125,36.09429931640625,160.77047729492188,147.5502471923828,57.569881439208984,322.9457092285156,331.26470947265625,42.577999114990234,46.71348190307617,30.262073516845703,145.61184692382812,441.3301696777344,266.44000244140625,476.0448913574219,51.59086990356445,94.22327423095703
2023-07-31,193.73399353027344,114.4000015258789,133.67999267578125,29.83924674987793,538.6588745117188,221.7542724609375,145.557373046875,86.84485626220703,131.63206481933594,333.1846008300781,311.7235107421875,35.05546569824219,154.36656188964844,148.53762817382812,57.0631103515625,316.1192626953125,328.86614990234375,43.89699935913086,46.692501068115234,30.25368881225586,145.5094451904297,442.1703796386719,267.42999267578125,479.32000732421875,51.57474899291992,97.00943756103516
2023-08-01,192.90560913085938,117.5999984741211,131.69000244140625,29.484909057617188,533.6629638671875,221.02496337890625,144.3478240966797,86.98162841796875,130.47166442871094,334.9166564941406,310.0707702636719,35.08486557006836,155.61973571777344,147.80410766601562,56.91568374633789,320.197265625,329.27734375,43.86199951171875,46.47066879272461,29.876140594482422,145.46287536621094,440.9051513671875,261.07000732421875,477.777099609375,51.332786560058594,96.44859313964844
2023-08-02,189.91751098632812,109.3499984741211,128.2100067138672,29.083940505981445,530.6656494140625,217.30953979492188,142.0620574951172,84.31444549560547,127.32765197753906,328.71868896484375,306.7372741699219,33.70303726196289,156.55960083007812,146.1302947998047,57.09074783325195,311.8626403808594,320.6229553222656,42.970001220703125,44.23442459106445,29.65800666809082,145.77940368652344,434.7718505859375,254.11000061035156,477.833984375,51.36826705932617,95.24547576904297
2023-08-03,188.52700805664062,113.1500015258789,128.91000366210938,29.289085388183594,535.7960205078125,212.44102478027344,142.00869750976562,83.52307891845703,127.39704895019531,330.6473693847656,307.99786376953125,34.17344284057617,157.23223876953125,147.0236358642578,56.795894622802734,310.7513732910156,319.80059814453125,43.099998474121094,44.480228424072266,29.364362716674805,146.16111755371094,433.5259094238281,259.32000732421875,477.8906555175781,51.38117218017578,96.90089416503906
2023-08-04,179.4739227294922,115.81999969482422,139.57000732421875,29.186513900756836,530.36767578125,211.4850616455078,141.6885528564453,84.31444549560547,127.05986022949219,330.70361328125,304.80438232421875,34.561946868896484,155.75791931152344,146.71331787109375,55.93898010253906,308.3105773925781,320.8970642089844,43.15999984741211,44.64509582519531,29.381141662597656,144.55982971191406,431.56512451171875,253.86000061035156,475.8744812011719,51.0843505859375,97.1722640991211
2023-08-07,176.37734985351562,116.80999755859375,142.22000122070312,29.727346420288086,536.4876708984375,212.93377685546875,142.2043914794922,84.8322525024414,130.45179748535156,332.8944091796875,307.36285400390625,34.65047073364258,159.4989471435547,147.4091796875,56.381256103515625,314.0951232910156,323.1781311035156,44.07600021362305,45.381526947021484,29.934873580932617,146.0866241455078,435.3320007324219,251.4499969482422,483.45660400390625,51.77799987792969,96.97325134277344
2023-08-08,177.31422424316406,113.2300033569336,139.94000244140625,29.158538818359375,534.28759765625,208.5186004638672,141.9909210205078,86.10234069824219,130.32290649414062,326.05975341796875,306.0929870605469,34.44392395019531,159.5726318359375,146.58169555664062,56.13247299194336,310.2056884765625,319.2033996582031,43.83000183105469,44.629119873046875,29.901309967041016,146.24490356445312,433.4389343261719,249.6999969482422,478.8372802734375,51.82961654663086,97.45269775390625
2023-08-09,175.72645568847656,110.47000122070312,137.85000610351562,28.77622413635254,537.72705078125,202.88136291503906,142.17770385742188,85.47706604003906,128.59715270996094,320.8448791503906,306.4664611816406,33.716094970703125,159.4712677001953,144.61631774902344,56.261474609375,302.83349609375,315.4636535644531,42.88999938964844,42.52075958251953,30.069101333618164,146.05870056152344,430.54132080078125,242.19000244140625,475.2875671386719,51.91350173950195,99.10811614990234
2023-08-10,175.50950622558594,110.2300033569336,138.55999755859375,28.85082244873047,539.4467163085938,205.23678588867188,143.04042053222656,89.6488265991211,128.62689208984375,318.7008361816406,307.57769775390625,34.10951614379883,158.64199829101562,144.40005493164062,56.13247299194336,303.359375,316.1488952636719,42.99800109863281,42.35489273071289,29.96843147277832,145.33255004882812,430.6957702636719,245.33999633789062,476.58447265625,51.88759994506836,99.61468505859375
2023-08-11,175.56874084472656,107.56999969482422,138.41000366210938,29.177186965942383,540.8590698242188,205.68028259277344,145.9931640625,86.97186279296875,128.4979705810547,319.0097961425781,309.17437744140625,34.31605911254883,160.19000244140625,145.23696899414062,56.362831115722656,299.29132080078125,314.26922607421875,42.16600036621094,40.82307815551758,30.23690414428711,146.1797332763672,430.4446105957031,242.64999389648438,480.87249755859375,52.191951751708984,101.16156005859375
2023-08-14,177.21788024902344,111.9800033569336,140.57000732421875,28.84149932861328,539.4275512695312,208.9916534423828,145.886474609375,86.76669311523438,130.2534637451172,316.2103576660156,308.09124755859375,35.09306335449219,159.8122100830078,145.53787231445312,56.09562683105469,303.805908203125,317.235595703125,42.77799987792969,43.71882629394531,30.262073516845703,145.03463745117188,432.8207092285156,239.75999450683594,483.6364440917969,51.80342483520508,101.24296569824219
2023-08-15,175.2329864501953,111.3499984741211,137.6699981689453,27.91834259033203,536.583740234375,205.75912475585938,141.6262664794922,85.05696105957031,128.7161865234375,311.0328369140625,310.1361389160156,34.198036193847656,159.35150146484375,141.8329315185547,55.71784591674805,299.598876953125,315.1013488769531,42.369998931884766,43.905677795410156,29.69156837463379,144.10365295410156,427.77880859375,232.9600067138672,479.6229553222656,51.53792190551758,98.64373016357422
2023-08-16,174.36399841308594,107.19000244140625,135.07000732421875,27.31223487854004,537.1024780273438,203.9950408935547,141.08377075195312,84.36328887939453,127.64503479003906,308.1304626464844,310.9671936035156,32.978431701660156,158.84471130371094,141.23106384277344,55.72705841064453,291.9985656738281,314.3361511230469,41.54499816894531,43.452030181884766,29.767072677612305,142.6327667236328,424.6397399902344,225.60000610351562,476.6601257324219,51.56382369995117,96.98384094238281
2023-08-17,171.82611083984375,104.44000244140625,133.97999572753906,27.302913665771484,525.6312255859375,200.89059448242188,143.44532775878906,83.94318389892578,128.8550262451172,306.641845703125,305.5981140136719,32.0440673828125,160.33741760253906,139.76416015625,55.846832275390625,282.8701477050781,310.8828125,40.29999923706055,43.310150146484375,30.6312255859375,141.60870361328125,421.404052734375,219.22000122070312,467.572998046875,50.407962799072266,98.86261749267578
2023-08-18,172.30999755859375,105.44999694824219,133.22000122070312,27.144392013549805,523.5465698242188,201.8662567138672,144.47793579101562,83.98226928710938,126.41516876220703,304.2169189453125,305.6820983886719,32.211265563964844,158.93687438964844,140.08387756347656,56.16012191772461,281.0445251464844,310.4903869628906,40.452999114990234,43.26518249511719,30.757068634033203,142.00900268554688,421.6068115234375,215.49000549316406,471.8136901855469,51.13321304321289,100.35832977294922
2023-08-21,173.6431121826172,108.22000122070312,134.67999267578125,27.181690216064453,521.8844604492188,206.0054931640625,143.9930877685547,83.90409851074219,127.31771850585938,301.5298767089844,302.5914001464844,32.594852447509766,154.20074462890625,140.56344604492188,55.68098449707031,287.6426696777344,315.7881164550781,40.82899856567383,46.93031311035156,31.050716400146484,141.2921905517578,424.3499755859375,231.27999877929688,471.09429931640625,50.997230529785156,99.14533996582031
2023-08-22,175.01573181152344,105.66000366210938,134.25,26.519630432128906,517.2344360351562,203.76834106445312,142.8077850341797,83.81617736816406,128.02188110351562,298.4683532714844,302.983642578125,32.348960876464844,152.97523498535156,137.6483612060547,55.340065002441406,285.36065673828125,316.35711669921875,41.31700134277344,45.632328033447266,30.9080867767334,141.3480224609375,423.2005920410156,233.19000244140625,466.0395202636719,50.8353385925293,98.58900451660156
2023-08-23,178.85714721679688,109.43000030517578,135.52000427246094,26.528959274291992,519.6267700195312,206.10406494140625,142.99635314941406,83.85526275634766,131.284912109375,301.78265380859375,304.48687744140625,33.4210319519043,151.60232543945312,138.5792694091797,55.5335578918457,291.94891357421875,320.81121826171875,42.755001068115234,47.079200744628906,30.757068634033203,142.6699981689453,427.9140930175781,236.86000061035156,463.29443359375,51.18824768066406,97.72258758544922
2023-08-24,174.17636108398438,101.80000305175781,131.83999633789062,26.687477111816406,511.8011474609375,202.5364227294922,141.820068359375,80.57256317138672,128.7161865234375,299.5637512207031,301.21881103515625,32.05389404296875,152.11827087402344,138.4476776123047,55.38613510131836,284.5172119140625,313.914306640625,40.69300079345703,47.12615966796875,30.33757781982422,142.00900268554688,421.9835205078125,230.0399932861328,462.0260009765625,50.79648971557617,96.99297332763672
2023-08-25,176.3785400390625,102.25,133.25999450683594,26.575578689575195,514.0150146484375,206.4391326904297,142.87962341308594,81.44208526611328,128.81533813476562,299.7415771484375,301.4709167480469,32.70303726196289,154.2993621826172,138.2783966064453,55.64413070678711,283.27691650390625,316.8674011230469,41.60300064086914,45.98204803466797,30.522159576416016,142.93997192382812,424.9584655761719,238.58999633789062,462.99151611328125,51.097599029541016,98.72581481933594
2023-08-28,177.9387664794922,102.61000061035156,133.13999938964844,26.818025588989258,516.1133422851562,208.6565704345703,143.8583984375,82.22368621826172,129.93606567382812,305.1906433105469,304.31890869140625,33.066951751708984,152.48023986816406,138.75799560546875,55.80077362060547,287.9999084472656,317.57373046875,41.805999755859375,46.79841995239258,30.37952995300293,143.1634063720703,427.65325927734375,238.82000732421875,465.0361633300781,51.38899230957031,99.55574035644531
2023-08-29,181.81964111328125,105.91999816894531,134.91000366210938,27.20033836364746,522.4468994140625,208.8931121826172,143.63389587402344,82.45816040039062,133.46690368652344,311.3511657714844,307.5589294433594,33.745601654052734,152.4988250732422,139.8863983154297,55.7454948425293,295.6697082519531,322.1945495605469,42.999000549316406,48.74589157104492,30.329191207885742,143.24717712402344,433.83489990234375,257.17999267578125,466.5033264160156,51.819602966308594,100.1485595703125
2023-08-30,185.30557250976562,106.58999633789062,135.07000732421875,27.07911491394043,521.9559936523438,211.9285430908203,143.83145141601562,82.3409194946289,134.76617431640625,310.19940185546875,310.69757080078125,33.96198272705078,151.9605255126953,139.32215881347656,55.71784591674805,292.8022766113281,322.5673828125,43.46699905395508,49.225521087646484,30.119449615478516,143.40545654296875,435.62176513671875,256.8999938964844,465.27276611328125,52.191951751708984,101.1244125366211
2023-08-31,185.52279663085938,105.72000122070312,138.00999450683594,26.956884384155273,528.7131958007812,218.2556610107422,144.6575469970703,81.75473022460938,135.05377197265625,309.37811279296875,310.3874816894531,34.561946868896484,150.05787658691406,137.60134887695312,55.12813949584961,293.5860900878906,321.556884765625,43.36800003051758,49.31645202636719,29.68317413330078,143.6847381591797,434.9842834472656,258.0799865722656,451.1214294433594,52.648468017578125,101.40713500976562
2023-09-01,187.09295654296875,109.44999694824219,138.1199951171875,27.248363494873047,523.87158203125,218.32461547851562,147.53094482421875,79.76165771484375,134.5479736328125,309.08551025390625,312.9999694824219,36.00776672363281,148.94412231445312,138.0620880126953,54.64900588989258,294.0722961425781,322.4398193359375,43.987998962402344,48.47111129760742,30.018766403198242,143.84300231933594,435.795654296875,245.00999450683594,450.7995910644531,52.311737060546875,103.53213500976562
2023-09-05,187.3299560546875,110.77999877929688,137.27000427246094,26.938081741333008,524.3335571289062,215.52574157714844,149.47048950195312,79.32200622558594,134.6570587158203,305.63958740234375,308.0194091796875,36.10612106323242,149.1297607421875,136.5387725830078,54.197513580322266,297.8129577636719,327.2373046875,44.86800003051758,48.51007843017578,29.68317413330078,141.91592407226562,433.91217041015625,256.489990234375,455.12542724609375,51.89083480834961,103.541259765625
2023-09-06,180.6248016357422,109.27999877929688,135.36000061035156,26.693613052368164,526.2200927734375,218.41334533691406,149.62315368652344,79.1168441772461,133.3577880859375,303.1661682128906,306.3467102050781,36.37167739868164,146.6516876220703,136.31307983398438,54.160648345947266,296.8405456542969,326.58001708984375,44.57600021362305,47.028114318847656,28.835803985595703,141.6366424560547,430.9951477050781,251.9199981689453,451.46221923828125,52.27935791015625,104.4350357055664
2023-09-07,175.34161376953125,106.58999633789062,137.85000610351562,26.449148178100586,528.0778198242188,219.31016540527344,149.63211059570312,78.71627807617188,134.15122985839844,303.9497375488281,308.620849609375,37.55194091796875,148.52647399902344,135.1470184326172,53.74601745605469,296.3444519042969,323.66619873046875,44.31399917602539,46.20869064331055,28.760295867919922,142.98651123046875,429.6719665527344,251.49000549316406,458.9117736816406,52.926902770996094,103.92430877685547
2023-09-08,175.95387268066406,106.08999633789062,138.22999572753906,26.66541290283203,530.5516967773438,221.5078887939453,150.14393615722656,79.70303344726562,135.26206970214844,307.3105773925781,308.89337158203125,37.38473129272461,149.01837158203125,135.25045776367188,53.74601745605469,295.57049560546875,327.943603515625,44.279998779296875,45.540157318115234,28.735122680664062,142.37210083007812,430.3190612792969,248.5,456.8591613769531,53.0240364074707,105.4382553100586
2023-09-11,177.11915588378906,105.31999969482422,143.10000610351562,26.77823829650879,537.8574829101562,222.04995727539062,147.04603576660156,80.62140655517578,135.79762268066406,306.4892883300781,308.5738525390625,37.955196380615234,150.9674072265625,135.84288024902344,54.2527961730957,305.1651916503906,331.5442199707031,44.5359992980957,45.146427154541016,28.47504234313965,144.0664520263672,433.1491394042969,273.5799865722656,455.538330078125,53.20859146118164,104.11583709716797
2023-09-12,174.0973663330078,105.30999755859375,141.22999572753906,27.238956451416016,537.8670654296875,218.4527587890625,149.78477478027344,81.75473022460938,134.23056030273438,312.3896179199219,306.6098937988281,38.22075653076172,151.8212890625,137.61073303222656,53.71837615966797,299.3111267089844,325.490966796875,43.46900177001953,44.838645935058594,28.651226043701172,141.5342254638672,430.7730712890625,267.4800109863281,456.03240966796875,53.26687240600586,107.15283203125
2023-09-13,172.03347778320312,107.70999908447266,144.85000610351562,27.154333114624023,538.8008422851562,215.63414001464844,149.2370147705078,81.559326171875,135.58938598632812,316.2414245605469,306.2339782714844,38.073219299316406,152.2018280029297,137.6765594482422,53.84737777709961,302.6846923828125,329.6997985839844,41.2239990234375,45.45322036743164,28.592500686645508,142.52105712890625,431.2752685546875,271.29998779296875,455.9754333496094,53.27981948852539,106.19522094726562
2023-09-14,173.5443572998047,106.62999725341797,144.72000122070312,27.455217361450195,543.6232299804688,215.61441040039062,150.16189575195312,82.53632354736328,136.96798706054688,325.2950134277344,309.7579345703125,38.033878326416016,151.9698028564453,140.34713745117188,54.29315948486328,309.2928466796875,332.289794921875,40.04899978637695,45.549156188964844,28.651226043701172,144.08506774902344,434.9939270019531,276.0400085449219,459.5484313964844,53.50322341918945,108.09221649169922
2023-09-15,172.82345581054688,101.48999786376953,140.38999938964844,27.116724014282227,535.528076171875,211.50477600097656,149.5063934326172,83.61101531982422,136.273681640625,323.3785400390625,302.02410888671875,37.25687789916992,149.84442138671875,139.9333953857422,53.810218811035156,297.9716796875,323.9703369140625,39.694000244140625,43.86932373046875,28.584108352661133,142.8748016357422,429.7530212402344,274.3900146484375,462.4942321777344,53.305721282958984,106.43233489990234
2023-09-18,175.7464599609375,102.37000274658203,139.97999572753906,27.04151153564453,541.6499633789062,211.8891143798828,150.15289306640625,83.06389617919922,137.0770721435547,324.11492919921875,298.1336364746094,37.36506652832031,150.7910919189453,140.2248992919922,54.14456558227539,300.1942443847656,322.83221435546875,39.439998626708984,43.935279846191406,28.223346710205078,143.41476440429688,430.0050354003906,265.2799987792969,461.8861083984375,52.91071319580078,107.2896499633789
2023-09-19,176.832763671875,101.61000061035156,137.6300048828125,26.938081741333008,543.2188720703125,212.57899475097656,150.13494873046875,80.05476379394531,136.90843200683594,322.7649230957031,295.64337158203125,35.74220657348633,150.54052734375,140.04624938964844,54.033119201660156,302.6946716308594,322.42999267578125,39.619998931884766,43.489585876464844,28.516992568969727,142.99583435058594,429.1132507324219,266.5,456.754638671875,52.897769927978516,107.00691223144531
2023-09-20,173.2974853515625,100.33999633789062,135.2899932861328,26.844057083129883,542.7183837890625,209.94764709472656,149.67701721191406,80.66048431396484,132.64370727539062,317.8652648925781,292.1194763183594,34.119346618652344,151.19947814941406,139.45384216308594,54.27458953857422,297.3367004394531,314.6991882324219,38.630001068115234,42.2094841003418,28.20656394958496,142.8748016357422,425.16827392578125,262.5899963378906,467.6542053222656,53.06936264038086,106.15874481201172
2023-09-21,171.75697326660156,96.11000061035156,129.3300018310547,26.373931884765625,534.2959594726562,205.59158325195312,148.33009338378906,80.82659149169922,129.37075805664062,311.7665710449219,288.26666259765625,34.08000946044922,150.03932189941406,138.36300659179688,53.43873977661133,293.42730712890625,313.4826354980469,38.415000915527344,40.98834228515625,27.560548782348633,141.6366424560547,418.1409606933594,255.6999969482422,476.21612548828125,52.4250602722168,104.66304016113281
2023-09-22,172.60623168945312,96.19999694824219,129.1199951171875,25.988428115844727,537.6746215820312,203.443115234375,149.30885314941406,79.3806381225586,129.18231201171875,309.5480651855469,287.29876708984375,33.61774444580078,148.96270751953125,137.03712463378906,53.49445343017578,296.7511901855469,311.01031494140625,37.98099899291992,41.5809211730957,27.426313400268555,141.1152801513672,417.20074462890625,244.8800048828125,480.9294738769531,52.56428146362305,104.82719421386719
2023-09-25,173.88011169433594,97.37999725341797,131.27000427246094,25.950822830200195,537.7033081054688,203.3544158935547,151.49087524414062,79.14615631103516,130.0352783203125,310.44488525390625,288.012939453125,33.72593307495117,148.7399444580078,137.7141876220703,52.937225341796875,298.48760986328125,311.53033447265625,38.47999954223633,42.19249725341797,27.66961669921875,140.2588348388672,418.95513916015625,246.99000549316406,484.9015808105469,52.797393798828125,106.00369262695312
2023-09-26,169.81158447265625,95.95999908447266,125.9800033569336,25.546512603759766,532.2554321289062,199.5601348876953,150.6737060546875,78.20824432373047,127.51608276367188,305.7057189941406,284.3010559082031,33.27349853515625,147.58909606933594,136.2848358154297,52.500728607177734,296.6321716308594,306.23248291015625,37.92499923706055,41.881717681884766,27.18301010131836,139.01133728027344,412.8001403808594,244.1199951171875,480.3117980957031,52.612850189208984,106.1678695678711
2023-09-27,168.30068969726562,98.06999969482422,125.9800033569336,25.640539169311523,542.4295654296875,199.7966766357422,153.58302307128906,78.06169891357422,129.4699249267578,303.9403381347656,283.62451171875,34.040672302246094,145.81637573242188,137.08412170410156,51.96206283569336,295.4217224121094,306.87017822265625,37.75899887084961,42.43832778930664,26.931312561035156,137.16799926757812,412.9649353027344,240.5,478.6773376464844,52.36030960083008,109.62442016601562
2023-09-28,168.55746459960938,102.76000213623047,125.9800033569336,25.913211822509766,547.3385620117188,200.25985717773438,153.178955078125,78.28639221191406,131.2254180908203,307.008544921875,285.19378662109375,34.601295471191406,145.60292053222656,138.78616333007812,51.83203887939453,301.59326171875,307.7041320800781,37.63600158691406,43.05889129638672,26.922927856445312,136.23704528808594,415.35906982421875,246.3800048828125,484.73046875,52.62580108642578,108.9586410522461
2023-09-29,169.07095336914062,102.81999969482422,127.12000274658203,25.74396324157715,543.8060302734375,199.84593200683594,151.4100341796875,79.18523406982422,129.7873077392578,305.46966552734375,283.9440002441406,34.96520233154297,144.5541534423828,136.36949157714844,51.989933013916016,297.8724365234375,309.7742004394531,37.7599983215332,43.468605041503906,27.829023361206055,135.79017639160156,414.35113525390625,250.22000122070312,479.1144104003906,51.78075408935547,107.23491668701172
2023-10-02,171.5792236328125,103.2699966430664,129.4600067138672,25.104598999023438,549.9182739257812,200.76248168945312,149.54229736328125,79.79096221923828,133.07015991210938,300.6833190917969,281.7544250488281,34.87668228149414,143.9972686767578,135.1940460205078,51.52556228637695,304.4309997558594,315.70965576171875,38.03300094604492,44.75071334838867,28.47504234313965,135.16644287109375,414.1862487792969,251.60000610351562,488.9781799316406,51.83580017089844,105.45647430419922
2023-10-03,170.24609375,100.08000183105469,124.72000122070312,24.361804962158203,543.8831176757812,196.93861389160156,149.89251708984375,77.70997619628906,131.34445190429688,288.995849609375,274.34014892578125,35.10289764404297,144.17359924316406,134.19728088378906,50.96833038330078,298.59674072265625,307.4588623046875,37.67499923706055,43.48658752441406,28.441484451293945,135.44573974609375,408.64190673828125,246.52999877929688,484.1318359375,51.508792877197266,105.63890838623047
2023-10-04,171.49034118652344,104.06999969482422,127.0,24.390012741088867,550.389892578125,198.9490966796875,146.39952087402344,77.49504089355469,134.1314239501953,291.337158203125,274.76300048828125,35.33895492553711,144.34068298339844,134.79908752441406,51.1169319152832,303.2006530761719,312.92340087890625,37.689998626708984,44.01022720336914,27.946481704711914,135.892578125,411.61767578125,261.1600036621094,485.2246398925781,52.1271858215332,101.68987274169922
2023-10-05,172.72471618652344,102.91000366210938,125.95999908447266,24.502840042114258,548.1954345703125,199.08705139160156,147.1717529296875,78.95075988769531,133.96282958984375,293.1307678222656,274.11456298828125,35.29961013793945,145.84420776367188,135.36746215820312,48.64652633666992,302.4167785644531,313.31585693359375,37.25899887084961,44.65677261352539,28.080724716186523,133.8723907470703,411.4625244140625,260.04998779296875,490.5555725097656,51.50555419921875,99.40069580078125
2023-10-06,175.2725067138672,107.23999786376953,127.95999908447266,24.512243270874023,536.654296875,204.3596649169922,145.6721954345703,81.0317611694336,136.45223999023438,295.00006103515625,275.1669921875,35.59467697143555,146.30828857421875,137.45150756835938,49.35234832763672,312.97393798828125,321.0662841796875,38.1510009765625,45.73002243041992,27.79547119140625,134.1423797607422,416.3478088378906,260.5299987792969,498.7088623046875,50.641075134277344,97.7408218383789
2023-10-09,176.75376892089844,106.97000122070312,128.25999450683594,24.737903594970703,538.0403442382812,204.22169494628906,149.70394897460938,82.75125885009766,137.2853240966797,295.12274169921875,277.5539245605469,35.46681594848633,147.14358520507812,137.13890075683594,49.11088562011719,315.8811340332031,323.577880859375,38.595001220703125,45.241363525390625,27.85419464111328,133.46278381347656,419.01336669921875,259.6700134277344,500.32440185546875,50.45652770996094,101.160888671875
2023-10-10,176.16122436523438,109.01000213623047,129.47999572753906,25.396076202392578,541.0436401367188,203.88661193847656,149.54229736328125,83.03457641601562,136.92828369140625,297.16192626953125,281.18121337890625,35.830726623535156,146.97653198242188,137.97250366210938,50.178916931152344,319.3341064453125,322.1749267578125,37.332000732421875,45.765987396240234,27.829023361206055,134.7847442626953,421.19415283203125,263.6199951171875,498.16717529296875,51.0263671875,100.73223114013672
2023-10-11,177.55364990234375,108.30999755859375,131.8300018310547,25.405475616455078,544.34521484375,203.85704040527344,144.6575469970703,82.8978042602539,139.39788818359375,295.5098571777344,280.0816955566406,36.2733268737793,144.95323181152344,138.44615173339844,49.881717681884766,325.2674560546875,326.1286926269531,36.59299850463867,46.77328872680664,27.778690338134766,133.1276397705078,422.9195556640625,262.989990234375,498.06268310546875,51.23033905029297,97.12065124511719
2023-10-12,178.4522705078125,108.79000091552734,132.3300018310547,25.292646408081055,542.6702270507812,202.7039794921875,144.77427673339844,82.40931701660156,137.8308563232422,292.5172424316406,275.35498046875,36.233985900878906,145.0924530029297,138.12408447265625,49.045875549316406,321.63592529296875,324.89251708984375,36.119998931884766,46.91219711303711,27.619279861450195,133.42555236816406,420.3412170410156,258.8699951171875,499.4026184082031,51.46345901489258,97.10242462158203
2023-10-13,176.6155242919922,105.08999633789062,129.7899932861328,25.161014556884766,545.6158447265625,201.6297607421875,147.3154296875,82.40931701660156,136.23402404785156,291.9979553222656,274.3213806152344,35.378299713134766,145.5750732421875,140.19862365722656,49.12016677856445,312.2396545410156,321.5274658203125,35.56800079345703,45.42922592163086,26.93970489501953,134.7009735107422,418.2475891113281,251.1199951171875,512.5732421875,51.748382568359375,100.20328521728516
2023-10-16,176.48712158203125,106.45999908447266,132.5500030517578,25.37726593017578,550.8134765625,205.51272583007812,148.51866149902344,83.73802185058594,137.95974731445312,296.8032531738281,279.4051513671875,35.95859146118164,146.2061767578125,140.05654907226562,49.62168502807617,318.6494140625,326.3445129394531,36.082000732421875,46.06279373168945,27.912925720214844,135.98568725585938,422.64813232421875,253.9199981689453,511.2714538574219,52.19518280029297,100.27622985839844
2023-10-17,174.93678283691406,105.13999938964844,131.47000122070312,25.969623565673828,552.8347778320312,206.8037872314453,150.48512268066406,84.21674346923828,138.57470703125,292.0545654296875,278.0989685058594,35.46681594848633,144.86972045898438,139.75340270996094,50.216068267822266,321.4772033691406,325.7754821777344,35.571998596191406,43.90729522705078,27.476654052734375,136.16258239746094,422.62872314453125,254.85000610351562,509.96002197265625,52.2631721496582,101.58953094482422
2023-10-18,173.6431121826172,102.16999816894531,128.1300048828125,25.678150177001953,553.1236572265625,201.8662567138672,151.67938232421875,82.73171997070312,136.82911682128906,285.06854248046875,272.74261474609375,35.0537223815918,141.751220703125,138.21884155273438,50.197486877441406,314.5019836425781,323.8623352050781,34.61899948120117,42.16651916503906,26.352415084838867,139.67230224609375,416.99713134765625,242.67999267578125,509.3994140625,52.302032470703125,103.01228332519531
2023-10-19,173.2678680419922,102.4000015258789,128.39999389648438,25.349061965942383,544.450927734375,205.30577087402344,151.84103393554688,81.33462524414062,136.62083435058594,282.45355224609375,269.48175048828125,35.08323287963867,141.3707275390625,137.63148498535156,50.47610855102539,310.37432861328125,325.04949951171875,40.176998138427734,42.07158279418945,26.1678409576416,138.8862762451172,413.3332214355469,220.11000061035156,505.1897277832031,52.0527229309082,103.07612609863281
2023-10-20,170.72012329101562,101.80999755859375,125.16999816894531,24.737903594970703,532.2265625,200.78219604492188,149.80271911621094,80.74842071533203,134.48846435546875,283.2653503417969,269.1435546875,34.34556198120117,142.0018310546875,135.41482543945312,50.6804313659668,306.2467346191406,320.48748779296875,40.09600067138672,41.35808181762695,25.71479034423828,138.69894409179688,408.2542419433594,211.99000549316406,500.8185119628906,51.40194320678711,101.30682373046875
2023-10-23,170.8385772705078,100.01000213623047,126.55999755859375,24.0421199798584,531.6105346679688,199.0772247314453,144.2803955078125,81.18805694580078,135.38107299804688,282.4818420410156,267.8843078613281,33.29316711425781,140.507568359375,133.56761169433594,50.2253532409668,311.56500244140625,323.08734130859375,40.683998107910156,42.94497299194336,25.874197006225586,138.7926025390625,407.5466003417969,212.0800018310547,495.6300354003906,52.130428314208984,99.82022857666016
2023-10-24,171.27310180664062,101.66999816894531,128.55999755859375,23.948091506958008,531.1774291992188,201.26510620117188,140.66172790527344,80.66048431396484,137.672119140625,282.4440612792969,266.23040771484375,34.02099609375,140.35903930664062,133.72865295410156,51.674163818359375,310.11639404296875,324.2744445800781,41.37300109863281,43.63248825073242,25.530216217041016,140.4320831298828,410.6192932128906,216.52000427246094,498.8894348144531,52.85567855834961,98.85348510742188
2023-10-25,168.96234130859375,96.05999755859375,121.38999938964844,24.023311614990234,529.3965454101562,194.2086944580078,139.96131896972656,78.73580932617188,124.58035278320312,280.1594543457031,263.99383544921875,32.28995132446289,140.6746063232422,132.99923706054688,52.11994171142578,297.19775390625,334.2225646972656,41.125,41.74980545043945,25.781909942626953,141.0878448486328,404.7259826660156,212.4199981689453,503.84033203125,52.69702911376953,99.03588104248047
2023-10-26,164.80494689941406,93.66999816894531,119.56999969482422,24.559255599975586,527.0961303710938,193.410400390625,138.95565795898438,77.94445037841797,121.27765655517578,280.3765563964844,261.24053955078125,31.98504638671875,138.2893524169922,133.34027099609375,51.80418395996094,286.1048583984375,321.6844482421875,40.354000091552734,40.297821044921875,26.142671585083008,140.33839416503906,399.8795471191406,205.75999450683594,502.0823669433594,52.376495361328125,98.13299560546875
2023-10-27,166.11830139160156,96.43000030517578,127.73999786376953,23.666019439697266,522.6972045898438,193.72579956054688,129.6171417236328,77.50480651855469,121.16854095458984,273.692626953125,259.7933349609375,34.95537185668945,135.13375854492188,128.5375213623047,51.30267333984375,294.4195556640625,323.56805419921875,39.7869987487793,40.471702575683594,25.261741638183594,137.86514282226562,398.0669860839844,207.3000030517578,498.56634521484375,52.18223571777344,96.26337432861328
2023-10-30,168.16241455078125,96.18000030517578,132.7100067138672,24.15494728088379,534.103515625,196.38673400878906,131.17950439453125,78.82374572753906,123.43977355957031,284.001708984375,264.5107116699219,35.10289764404297,136.46095275878906,130.1763153076172,52.14781188964844,300.3033752441406,330.9261474609375,41.007999420166016,41.13223648071289,25.63089370727539,139.83251953125,402.826171875,197.36000061035156,503.6312561035156,52.78120803833008,96.56433868408203
2023-10-31,168.63645935058594,98.5,133.08999633789062,24.7661075592041,531.7548828125,197.92416381835938,130.85623168945312,79.71280670166016,123.06288146972656,286.626220703125,267.5271911621094,35.899574279785156,137.6768035888672,131.72988891601562,52.46357345581055,298.9241638183594,331.71099853515625,41.16899871826172,40.751502990722656,25.6392822265625,140.55386352539062,405.3560485839844,200.83999633789062,508.92425537109375,52.9074821472168,96.5369644165039
2023-11-01,171.79647827148438,108.04000091552734,137.0,24.822525024414062,535.95166015625,200.95957946777344,129.2848358154297,79.20477294921875,125.4134521484375,289.9776916503906,269.3502197265625,36.676578521728516,138.0016632080078,131.61622619628906,52.417144775390625,309.42181396484375,339.5202941894531,42.01900100708008,42.295433044433594,25.597333908081055,140.16038513183594,409.6790771484375,205.66000366210938,505.1611022949219,53.38018035888672,96.3454360961914
2023-11-02,175.35150146484375,107.83000183105469,138.07000732421875,25.969623565673828,536.1348876953125,205.09881591796875,133.57701110839844,81.37370300292969,126.4449462890625,296.2084655761719,276.77398681640625,37.079837799072266,139.44021606445312,133.96548461914062,53.02081298828125,308.449462890625,341.7277526855469,42.47100067138672,43.4755973815918,25.588945388793945,141.8748016357422,417.5303039550781,218.50999450683594,509.4659729003906,53.59064483642578,99.51014709472656
2023-11-03,174.44300842285156,112.25,138.60000610351562,26.72182273864746,540.8890380859375,204.4680938720703,132.5443572998047,83.11274719238281,128.041748046875,309.2930908203125,277.7887878417969,37.51259994506836,140.46115112304688,135.4622039794922,52.69575881958008,312.1504211425781,346.1229553222656,43.236000061035156,44.97355651855469,26.226573944091797,140.59133911132812,421.33966064453125,219.9600067138672,504.49603271484375,53.312191009521484,98.29714965820312
2023-11-06,176.99075317382812,111.75,139.74000549316406,26.6372013092041,549.4906616210938,204.41879272460938,131.99664306640625,82.08689880371094,129.18231201171875,305.7906799316406,276.81158447265625,37.44845962524414,140.79527282714844,136.48526000976562,52.909366607666016,313.341064453125,349.7823181152344,43.4739990234375,45.719032287597656,26.15945053100586,141.40640258789062,422.308837890625,219.27000427246094,506.92877197265625,53.383419036865234,96.55522155761719
2023-11-07,179.54840087890625,113.44999694824219,142.7100067138672,26.477357864379883,550.8889770507812,208.7748565673828,129.6709747314453,82.64379119873047,129.8964080810547,305.8284606933594,276.9994812011719,38.25762176513672,140.05276489257812,136.41896057128906,53.10439682006836,316.3375549316406,353.7066650390625,43.46099853515625,45.92289352416992,26.218183517456055,141.0784912109375,423.51080322265625,222.17999267578125,511.081298828125,53.632728576660156,95.041259765625
2023-11-08,180.60501098632812,113.58999633789062,142.0800018310547,26.223491668701172,547.1377563476562,208.4102020263672,127.86611938476562,82.55585479736328,130.75929260253906,306.404296875,278.08013916015625,37.418853759765625,139.54234313964844,137.09153747558594,53.02081298828125,317.2900390625,356.3261413574219,43.665000915527344,46.54145431518555,25.857418060302734,140.53512573242188,423.8209533691406,222.11000061035156,510.0360412597656,53.19563293457031,93.8738784790039
2023-11-09,180.13107299804688,113.48999786376953,140.60000610351562,25.88500213623047,543.1743774414062,206.97129821777344,127.45308685302734,88.26148986816406,129.17239379882812,302.83575439453125,270.5154724121094,37.30044174194336,136.82293701171875,136.68418884277344,52.6214599609375,318.0540466308594,353.8636474609375,43.51499938964844,46.91719055175781,25.236703872680664,140.85365295410156,420.5157165527344,209.97999572753906,512.1931762695312,53.072601318359375,93.90123748779297
2023-11-10,184.3136749267578,118.58999633789062,143.55999755859375,26.026039123535156,556.5302734375,210.53897094726562,128.3599853515625,86.23912048339844,131.50311279296875,307.3011779785156,274.0111999511719,38.346431732177734,136.6651611328125,138.7113800048828,52.677188873291016,326.2100524902344,362.6736755371094,44.7239990234375,48.30121994018555,25.066646575927734,141.84671020507812,427.0777587890625,214.64999389648438,514.2933349609375,53.80756378173828,94.62173461914062
2023-11-13,182.73159790039062,116.79000091552734,142.58999633789062,26.04484748840332,557.6007690429688,212.16506958007812,129.30284118652344,87.3822021484375,131.00721740722656,308.62286376953125,270.7033996582031,37.72475814819336,137.017822265625,138.09564208984375,52.872215270996094,326.6268310546875,359.740234375,44.46200180053711,48.58601760864258,24.641498565673828,142.83038330078125,426.6706848144531,223.7100067138672,515.5855712890625,54.28998565673828,95.6158218383789
2023-11-14,185.342041015625,119.87999725341797,145.8000030517578,27.47402000427246,569.7222290039062,217.97970581054688,130.24566650390625,88.97469329833984,132.52467346191406,319.7722473144531,285.3253173828125,38.889163970947266,137.04571533203125,140.61544799804688,53.03009796142578,333.69134521484375,363.2623291015625,44.8650016784668,49.62130355834961,24.87958335876465,142.51182556152344,434.9483642578125,237.41000366210938,513.5805053710938,54.2802734375,95.98397827148438
2023-11-15,185.9056396484375,118.0,143.1999969482422,27.850120544433594,575.4889526367188,216.2451934814453,130.70361328125,91.76889038085938,133.51646423339844,318.71484375,289.6104736328125,40.07330322265625,138.10374450683594,141.84695434570312,53.13225555419922,330.119384765625,363.4098205566406,46.194000244140625,48.85383987426758,25.67035484313965,141.8560333251953,435.8691711425781,242.83999633789062,511.6325378417969,54.969905853271484,95.4041519165039
2023-11-16,187.58663940429688,119.83000183105469,142.8300018310547,27.774900436401367,557.9382934570312,218.24578857421875,128.63485717773438,92.33555603027344,135.8075408935547,317.8368835449219,287.9659423828125,42.77709197998047,139.31031799316406,143.46681213378906,53.0765380859375,331.5878601074219,369.79974365234375,46.69499969482422,49.44542694091797,25.313230514526367,143.17701721191406,436.4023132324219,233.58999633789062,512.972412109375,50.52127456665039,94.29972839355469
2023-11-17,187.56687927246094,120.62000274658203,145.17999267578125,28.188608169555664,556.5592041015625,218.01913452148438,131.0756378173828,91.98383331298828,134.20086669921875,320.2159423828125,288.7459411621094,43.23101806640625,139.02256774902344,144.7645721435547,53.17869567871094,332.4312744140625,363.5867004394531,46.590999603271484,49.26355743408203,25.440776824951172,141.5281982421875,436.94512939453125,234.3000030517578,509.6179504394531,50.297882080078125,96.60062408447266
2023-11-20,189.3071746826172,121.52999877929688,146.1300048828125,28.216815948486328,560.0789794921875,221.87255859375,131.00303649902344,92.84358978271484,135.1331329345703,320.4613952636719,289.6104736328125,44.14872360229492,140.24815368652344,145.2097930908203,53.308719635009766,337.3228454589844,371.04815673828125,47.446998596191406,50.37377166748047,25.491790771484375,140.77871704101562,440.3085632324219,235.60000610351562,508.48712158203125,50.28169631958008,96.17726135253906
2023-11-21,188.50624084472656,119.16000366210938,143.89999389648438,27.88772964477539,563.4541625976562,221.0742645263672,130.6945343017578,92.27693176269531,135.84722900390625,316.23199462890625,286.9322814941406,43.063262939453125,141.38015747070312,144.9066619873047,53.89380645751953,334.35614013671875,366.7522277832031,47.494998931884766,49.90909957885742,25.763885498046875,140.16038513183594,439.34893798828125,241.1999969482422,512.75390625,50.463008880615234,96.14044952392578
2023-11-22,189.16871643066406,122.51000213623047,146.7100067138672,27.859519958496094,568.0635375976562,220.6011962890625,130.95767211914062,92.8826675415039,137.3547821044922,319.69671630859375,290.5596008300781,43.09286117553711,141.0994873046875,145.24771118164062,54.256011962890625,338.8310241699219,371.4512939453125,47.79999923706055,48.68195724487305,25.780893325805664,141.48133850097656,441.0451965332031,234.2100067138672,516.7164306640625,50.07771682739258,95.72628021240234
2023-11-24,187.84371948242188,122.30999755859375,146.74000549316406,27.95354461669922,570.26220703125,221.13340759277344,131.47483825683594,93.84989166259766,135.56951904296875,320.1781921386719,291.9690856933594,43.3790283203125,142.67123413085938,145.4466094970703,54.39531707763672,335.596435546875,371.03839111328125,47.95600128173828,47.74261474609375,25.933944702148438,141.818603515625,441.31658935546875,235.4499969482422,519.8901977539062,50.52775573730469,96.24166870117188
2023-11-27,187.6657257080078,122.6500015258789,147.72999572753906,27.793704986572266,573.6759033203125,221.53744506835938,130.9849090576172,92.9803695678711,135.2918243408203,318.8186950683594,292.1759033203125,43.4974479675293,141.52981567382812,145.1150665283203,54.29315948486328,332.09393310546875,372.1983642578125,47.91699981689453,48.20828628540039,25.627838134765625,141.68743896484375,440.5218505859375,236.0800018310547,516.554931640625,50.75764083862305,95.68025970458984
2023-11-28,188.26890563964844,122.01000213623047,147.02999877929688,27.765499114990234,572.8079833984375,221.6656036376953,132.02835083007812,90.37179565429688,136.07533264160156,318.7620849609375,294.449951171875,43.64546203613281,141.85726928710938,145.4466094970703,54.40460968017578,336.3504638671875,376.2191162109375,47.900001525878906,47.78759002685547,25.245206832885742,142.67112731933594,440.9579772949219,246.72000122070312,513.6470947265625,51.36309051513672,95.62504577636719
2023-11-29,187.2504425048828,123.8499984741211,146.32000732421875,28.49888801574707,566.88720703125,227.01702880859375,130.57659912109375,90.37179565429688,133.88343811035156,323.86383056640625,294.232421875,44.34607696533203,142.3063507080078,146.18551635742188,54.07955551147461,329.6134033203125,372.4343566894531,47.71900177001953,48.10636520385742,25.576820373535156,141.58441162109375,440.6477966308594,244.13999938964844,508.37310791015625,50.534236907958984,94.18927764892578
2023-11-30,187.82394409179688,121.16000366210938,146.08999633789062,28.896944046020508,571.5929565429688,248.2552032470703,130.29530334472656,90.55742645263672,131.443603515625,325.0821533203125,296.5690612792969,44.1092529296875,144.69198608398438,147.85272216796875,54.706756591796875,324.6026611328125,372.4932861328125,47.39699935913086,46.73732376098633,25.908437728881836,143.82342529296875,442.3828430175781,240.0800018310547,525.46826171875,50.407962799072266,94.55741119384766
2023-12-01,189.09950256347656,121.38999938964844,147.02999877929688,29.342388153076172,574.9779663085938,256.2380676269531,131.3931884765625,90.44996643066406,130.77911376953125,331.6401062011719,302.3681945800781,43.16194152832031,148.1722412109375,148.57266235351562,54.89398193359375,322.29083251953125,368.1678161621094,46.57400131225586,46.732322692871094,24.58197784423828,143.0177459716797,444.99993896484375,238.8300018310547,521.7211303710938,49.97087097167969,94.78751373291016
2023-12-04,187.3097381591797,118.56999969482422,144.83999633789062,29.20970344543457,577.706787109375,247.03317260742188,131.44761657714844,89.89307403564453,128.2103271484375,332.5538635253906,306.5306701660156,41.79030990600586,148.64002990722656,149.66207885742188,54.82844543457031,317.5282287597656,362.8887634277344,45.38999938964844,45.47819900512695,24.896587371826172,142.45562744140625,442.6639709472656,235.5800018310547,522.7891235351562,49.957923889160156,94.2721176147461
2023-12-05,191.25509643554688,118.37999725341797,146.8800048828125,28.98224449157715,583.7531127929688,247.387939453125,129.6238555908203,88.70114135742188,129.916259765625,325.2820129394531,306.0387878417969,41.365989685058594,148.33126831054688,149.64309692382812,54.912696838378906,315.8116760253906,366.21148681640625,45.51499938964844,46.53755569458008,24.735031127929688,137.49038696289062,442.5766906738281,238.72000122070312,524.677001953125,50.42091751098633,92.44061279296875
2023-12-06,190.16741943359375,116.81999969482422,144.52000427246094,28.93485450744629,585.7589111328125,245.52529907226562,129.32443237304688,89.3947982788086,128.95420837402344,325.4914245605469,308.5078430175781,40.72458267211914,146.5256805419922,148.0706024169922,54.85653305053711,314.97821044921875,362.55450439453125,44.67300033569336,45.47520446777344,24.479942321777344,137.38735961914062,440.793212890625,239.3699951171875,523.9808959960938,49.87374496459961,91.21653747558594
2023-12-07,192.0955810546875,128.3699951171875,146.8800048828125,29.058061599731445,589.1533813476562,245.2493438720703,129.22462463378906,90.22525024414062,135.8075408935547,328.013671875,308.5646667480469,41.59295654296875,145.38430786132812,148.52528381347656,54.98759078979492,324.04705810546875,364.6680908203125,45.20000076293945,46.56753158569336,24.343896865844727,137.24681091308594,444.1566467285156,242.63999938964844,522.7794799804688,49.54551696777344,90.58148193359375
2023-12-08,193.5194854736328,128.9199981689453,147.4199981689453,29.342388153076172,588.9894409179688,247.1809844970703,130.9395294189453,90.97998809814453,133.88343811035156,333.9244689941406,308.848388671875,42.13568878173828,144.4674835205078,150.16412353515625,54.86589813232422,330.15911865234375,367.8926086425781,45.375999450683594,47.47697448730469,24.471439361572266,135.9820556640625,446.0661315917969,243.83999633789062,524.209716796875,49.02556228637695,91.62149047851562
2023-12-11,191.0177764892578,134.41000366210938,145.88999938964844,29.23813819885254,601.6027221679688,248.4523162841797,130.975830078125,90.37227630615234,132.1973876953125,334.8096923828125,313.4461364746094,43.95136260986328,145.0662384033203,150.71353149414062,55.26842498779297,322.74725341796875,365.01220703125,45.98899841308594,46.598514556884766,24.35239601135254,136.6097869873047,447.8011779785156,239.74000549316406,518.40283203125,49.14905548095703,91.68592071533203
2023-12-12,192.5306854248047,137.61000061035156,147.47999572753906,29.13388442993164,607.0415649414062,252.73939514160156,129.29721069335938,89.2646713256836,131.4337158203125,335.61865234375,315.2151794433594,43.45797348022461,145.07559204101562,152.05870056152344,55.6241455078125,331.61761474609375,368.0400390625,46.29999923706055,47.62788772583008,24.301380157470703,136.72216796875,449.84637451171875,237.00999450683594,520.3480834960938,49.18804168701172,90.2409439086914
2023-12-13,195.7443084716797,138.19000244140625,148.83999633789062,30.36595916748047,619.0955810546875,253.59678649902344,131.21173095703125,90.98979187011719,131.48330688476562,345.2510070800781,324.8646240234375,43.98097229003906,145.74916076660156,152.57022094726562,56.101566314697266,332.1335754394531,368.0301513671875,47.99800109863281,48.05862808227539,22.668819427490234,139.19540405273438,456.0497741699219,239.2899932861328,523.4850463867188,50.062225341796875,91.04166412353516
2023-12-14,195.89260864257812,138.0,147.4199981689453,32.166683197021484,608.2759399414062,253.48834228515625,136.038818359375,92.0777816772461,130.85845947265625,364.9916687011719,332.82073974609375,44.582908630371094,146.7595672607422,155.34579467773438,55.26842498779297,330.5758056640625,359.733154296875,46.983001708984375,48.320465087890625,22.218162536621094,135.52305603027344,457.513427734375,251.0500030517578,509.40179443359375,49.45127868652344,93.48980712890625
2023-12-15,195.358642578125,139.14999389648438,149.97000122070312,31.844449996948242,635.3155517578125,257.8148193359375,135.51255798339844,91.6072998046875,131.51304626464844,362.1742858886719,334.89251708984375,45.54995346069336,145.15975952148438,156.52040100097656,54.85653305053711,332.31219482421875,364.4518737792969,47.20600128173828,48.86013412475586,22.6433048248291,134.86729431152344,456.7601013183594,253.5,506.42681884765625,49.636512756347656,92.86397552490234
2023-12-18,193.6974639892578,138.89999389648438,154.07000732421875,31.683332443237305,656.935546875,259.7760009765625,135.8119659423828,91.0191879272461,134.6868133544922,358.2622985839844,331.87469482421875,45.08616638183594,145.42173767089844,157.46768188476562,55.24970626831055,341.9366760253906,366.33935546875,48.61199951171875,50.04640579223633,23.00893783569336,136.93765258789062,459.3294372558594,252.0800018310547,502.0693054199219,50.36119842529297,93.55424499511719
2023-12-19,194.73570251464844,140.14999389648438,153.7899932861328,31.759153366088867,653.560546875,260.51519775390625,137.59039306640625,92.06797790527344,135.52984619140625,364.0207824707031,333.066650390625,46.0433464050293,146.37599182128906,159.57069396972656,55.071842193603516,347.6319885253906,366.93896484375,49.50199890136719,49.573692321777344,23.944255828857422,136.93765258789062,462.1225280761719,257.2200012207031,499.67596435546875,50.543190002441406,94.78751373291016
2023-12-20,192.64932250976562,135.47000122070312,152.1199951171875,31.25684356689453,637.4177856445312,256.484375,136.32916259765625,89.46070861816406,137.2060089111328,359.32830810546875,329.8406982421875,45.155242919921875,143.39157104492188,157.77084350585938,53.92977523803711,346.5604248046875,364.34368896484375,48.926998138427734,48.081607818603516,23.493600845336914,134.8204345703125,455.71881103515625,247.13999938964844,491.94305419921875,49.95173645019531,93.20450592041016
2023-12-21,192.50099182128906,139.91000366210938,153.83999633789062,31.465351104736328,641.4293212890625,263.3831481933594,136.74655151367188,90.19583892822266,139.26893615722656,362.2313537597656,330.1340026855469,46.45779800415039,144.86041259765625,158.67079162597656,54.28550720214844,351.3329162597656,367.2142333984375,49.1609992980957,48.9600715637207,24.071802139282227,135.14830017089844,460.03985595703125,254.5,495.7095031738281,50.30595779418945,93.62786102294922
2023-12-22,191.43307495117188,139.60000610351562,153.4199981689453,31.683332443237305,647.6395263671875,262.4862365722656,137.0550537109375,89.21566009521484,140.33016967773438,362.3075256347656,329.77447509765625,47.365638732910156,145.4404296875,158.57603454589844,54.594417572021484,350.63836669921875,368.23663330078125,48.67599868774414,48.800167083740234,24.14832878112793,136.10386657714844,460.96441650390625,252.5399932861328,496.1194152832031,50.90715789794922,93.79353332519531
2023-12-26,190.88925170898438,143.41000366210938,153.41000366210938,32.09086990356445,650.5517578125,262.3680114746094,138.2890625,89.14705657958984,140.3599395751953,363.22125244140625,330.4556579589844,49.83259963989258,146.07659912109375,159.51382446289062,54.819091796875,352.067138671875,368.3152770996094,49.11899948120117,49.2488899230957,24.156831741333008,136.72216796875,462.910888671875,256.6099853515625,495.85247802734375,50.82916259765625,94.00521087646484
2023-12-27,190.9881134033203,146.07000732421875,153.33999633789062,32.07191848754883,657.633056640625,262.8608093261719,137.83535766601562,88.58834838867188,139.2193603515625,365.95294189453125,329.7177429199219,50.08916091918945,146.27308654785156,160.47056579589844,54.95950698852539,355.0437927246094,367.7352294921875,49.17900085449219,49.38680648803711,24.326892852783203,136.8345947265625,463.7478332519531,261.44000244140625,498.4841613769531,51.30687713623047,93.56343841552734
2023-12-28,191.413330078125,148.75999450683594,153.3800048828125,32.10982131958008,653.9838256835938,261.7372741699219,135.89364624023438,88.60795593261719,139.08050537109375,367.7899475097656,328.6108703613281,49.724056243896484,146.48825073242188,161.3231964111328,54.99695587158203,355.5299987792969,368.9247741699219,49.05099868774414,49.49175262451172,24.479942321777344,136.52545166015625,463.92303466796875,253.17999267578125,500.4960632324219,51.20613098144531,92.21052551269531
2023-12-29,190.3750457763672,147.41000366210938,151.94000244140625,31.910791397094727,651.0054321289062,259.33258056640625,135.3401641845703,88.50013732910156,138.54493713378906,367.1807861328125,327.8445739746094,49.58590316772461,146.63795471191406,161.1337127685547,55.16545867919922,351.2039794921875,369.67193603515625,48.6879997253418,49.49175262451172,24.479942321777344,137.28428649902344,462.5799560546875,248.47999572753906,501.99310302734375,51.23212814331055,92.01725006103516
2024-01-02,183.5622100830078,138.5800018310547,149.92999267578125,32.128780364990234,641.7051391601562,252.42401123046875,135.63050842285156,88.91181182861328,137.0373992919922,369.5888366699219,326.45391845703125,47.16828155517578,149.65975952148438,163.0093536376953,55.998600006103516,343.5936584472656,364.5894775390625,46.849998474121094,48.13856887817383,25.279216766357422,139.3453369140625,459.9912109375,248.4199981689453,514.2647705078125,51.76508712768555,94.20767974853516
2024-01-03,182.187744140625,135.32000732421875,148.47000122070312,31.778112411499023,635.8270263671875,248.1960906982422,138.2164764404297,89.83317565917969,137.78126525878906,363.392578125,320.0020751953125,46.42819595336914,150.59532165527344,162.2988739013672,56.12965393066406,341.7878112792969,364.3240051269531,47.0260009765625,47.539939880371094,25.279216766357422,138.50218200683594,456.234619140625,238.4499969482422,516.8296508789062,51.76833724975586,94.99919128417969
2024-01-04,179.87393188476562,136.00999450683594,144.57000732421875,32.034000396728516,639.4367065429688,247.60475158691406,136.70118713378906,88.76477813720703,135.27198791503906,364.4966735839844,320.3142395019531,46.25057601928711,150.27723693847656,163.37591552734375,55.94243240356445,344.41717529296875,361.7091064453125,47.46699905395508,47.96867752075195,24.735031127929688,139.26104736328125,454.7650146484375,237.92999267578125,520.06201171875,51.26788330078125,94.1708755493164
2024-01-05,179.152099609375,138.5800018310547,145.24000549316406,32.63108825683594,646.991455078125,247.4864959716797,136.4652557373047,89.0980453491211,134.61737060546875,367.81854248046875,324.4294738769531,46.27030944824219,150.74502563476562,164.19561767578125,55.858177185058594,349.2095947265625,361.5223083496094,47.40599822998047,49.06700897216797,25.058141708374023,138.10870361328125,455.3879699707031,237.49000549316406,512.3956909179688,50.92665481567383,94.45618438720703
2024-01-08,183.4830780029297,146.17999267578125,149.10000610351562,32.37519454956055,652.5933837890625,257.0954284667969,135.64866638183594,89.73516082763672,137.701904296875,370.1218566894531,329.15008544921875,47.809696197509766,151.11924743652344,163.9573211669922,56.27007293701172,355.8673095703125,368.3447570800781,48.50299835205078,52.22108459472656,25.151674270629883,139.29849243164062,461.88897705078125,240.4499969482422,511.57574462890625,51.427120208740234,92.88239288330078
2024-01-09,183.06776428222656,149.25999450683594,151.3699951171875,31.87288475036621,658.0078735351562,257.55865478515625,132.20074462890625,87.89241790771484,139.79458618164062,365.2486267089844,327.5040283203125,47.41497802734375,151.2127685546875,162.6610870361328,56.16709899902344,354.6469421386719,369.4261474609375,48.20899963378906,53.107540130615234,24.99862289428711,139.86996459960938,461.18829345703125,234.9600067138672,513.33984375,51.77158737182617,91.73192596435547
2024-01-10,184.1060333251953,148.5399932861328,153.72999572753906,31.844449996948242,663.5111083984375,260.3082580566406,131.11190795898438,87.51996612548828,141.11367797851562,363.55438232421875,337.5413513183594,46.84264373779297,151.4373016357422,163.00418090820312,56.35432815551758,367.5854187011719,376.2879333496094,47.83300018310547,54.31679916381836,24.650001525878906,140.4695587158203,463.7964782714844,233.94000244140625,512.6437377929688,52.41503143310547,90.82999420166016
2024-01-11,183.5127410888672,148.02000427246094,155.17999267578125,31.4179630279541,664.3198852539062,267.4533386230469,131.81964111328125,87.67678833007812,140.91534423828125,361.45086669921875,337.28594970703125,47.010398864746094,150.76368713378906,162.3179473876953,55.98923873901367,366.7916564941406,378.1164245605469,49.222999572753906,54.78850555419922,24.14832878112793,141.0035400390625,463.5921325683594,227.22000122070312,514.5888061523438,52.35654830932617,90.81157684326172
2024-01-12,183.83905029296875,146.55999755859375,154.6199951171875,31.08625030517578,673.8470458984375,267.9953918457031,133.62527465820312,88.55895233154297,141.4806671142578,359.5472412109375,336.51019287109375,46.49726486206055,151.92379760742188,161.1265411376953,56.53218460083008,371.57403564453125,381.89141845703125,49.215999603271484,54.676570892333984,24.403419494628906,141.0878448486328,463.9132995605469,218.88999938964844,497.2637023925781,52.42478561401367,91.98963165283203
2024-01-16,181.5746612548828,158.74000549316406,153.16000366210938,30.44178009033203,672.1211547851562,265.2950134277344,130.376953125,91.20542907714844,141.32199096679688,362.1171569824219,339.08343505859375,46.43806457519531,150.17431640625,160.11622619628906,56.15774154663086,364.5987854003906,383.66094970703125,48.124000549316406,56.347557067871094,24.080307006835938,140.3290252685547,462.2101745605469,219.91000366210938,495.013427734375,52.59052658081055,89.90962982177734
2024-01-17,180.63531494140625,160.1699981689453,151.7100067138672,30.138500213623047,674.7840576171875,267.5125427246094,129.8597869873047,88.54914093017578,140.3103485107422,359.0047302246094,336.5007629394531,45.4512825012207,150.09011840820312,159.2583770751953,56.15774154663086,365.501708984375,382.8744812011719,48.03300094604492,56.01875686645508,23.935752868652344,140.4695587158203,459.640869140625,215.5500030517578,500.5341796875,52.34354019165039,89.25617980957031
2024-01-18,186.51873779296875,162.6699981689453,153.5,30.07215690612793,677.861083984375,270.4887390136719,128.68023681640625,90.382080078125,142.30384826660156,358.74774169921875,338.5819396972656,46.122291564941406,150.81985473632812,159.57293701171875,56.31687927246094,373.2013244628906,387.1999816894531,48.53099822998047,57.072113037109375,23.88473892211914,139.65969848632812,463.7283020019531,211.8800048828125,492.33404541015625,53.048736572265625,89.09050750732422
2024-01-19,189.41592407226562,174.22999572753906,155.33999633789062,30.536558151245117,685.415771484375,276.8158874511719,129.06129455566406,91.21522521972656,145.18011474609375,363.7828674316406,342.8486022949219,47.51365661621094,151.25955200195312,162.32745361328125,56.00796127319336,380.46429443359375,391.918701171875,48.29499816894531,59.454654693603516,24.046293258666992,139.1223602294922,469.5092468261719,212.19000244140625,480.148193359375,52.76926040649414,89.22855377197266
2024-01-22,191.71981811523438,168.17999267578125,154.77999877929688,30.849315643310547,682.9896850585938,276.2442321777344,129.28814697265625,93.19518280029297,144.79327392578125,367.3616638183594,337.43731689453125,47.582733154296875,151.99864196777344,162.13682556152344,55.76457214355469,378.8072509765625,389.7952575683594,48.57099914550781,59.61756134033203,24.071802139282227,139.39573669433594,470.5019836425781,208.8000030517578,489.1397399902344,52.77251052856445,89.10891723632812
2024-01-23,192.99539184570312,168.4199981689453,156.02000427246094,31.057819366455078,678.1372680664062,272.7653503417969,128.92520141601562,91.91114807128906,145.8346405029297,362.4217224121094,331.8462829589844,48.243873596191406,149.5100555419922,161.0693359375,56.02667999267578,382.20074462890625,392.144775390625,49.21900177001953,59.83642578125,24.173837661743164,145.16537475585938,471.8741760253906,209.13999938964844,491.5521545410156,52.90574645996094,90.11212158203125
2024-01-24,192.322998046875,178.2899932861328,156.8699951171875,31.25684356689453,677.0721435546875,272.873779296875,131.49298095703125,91.64651489257812,147.4810791015625,361.1177673339844,328.5257568359375,48.44123077392578,148.71487426757812,162.50852966308594,55.146728515625,387.6578674316406,395.7427978515625,54.48699951171875,61.32451248168945,24.08880615234375,143.41184997558594,472.3899841308594,207.8300018310547,489.36859130859375,52.15830993652344,91.66749572753906
2024-01-25,191.9967041015625,180.3300018310547,157.75,31.645421981811523,670.552978515625,274.99267578125,134.80484008789062,92.97954559326172,150.62506103515625,364.2587890625,332.0260009765625,48.89515686035156,149.2761993408203,164.83419799804688,55.380760192871094,390.1185302734375,398.013671875,56.20000076293945,61.5793571472168,23.709049224853516,146.71153259277344,474.9593200683594,182.6300048828125,470.46051025390625,52.91874694824219,93.9959945678711
2024-01-26,190.26626586914062,177.25,159.1199951171875,31.683332443237305,677.43701171875,275.8894958496094,135.32200622558594,93.4696273803711,150.94244384765625,359.5853271484375,336.122314453125,43.07312774658203,149.22006225585938,164.20513916015625,55.57733917236328,391.0711364746094,397.0896301269531,57.04199981689453,60.99371337890625,23.709049224853516,147.20176696777344,474.3559265136719,183.25,479.804931640625,53.383460998535156,94.79671478271484
2024-01-29,189.58401489257812,177.8300018310547,161.25999450683594,31.85392951965332,684.468994140625,283.6949157714844,135.267578125,95.55741119384766,152.25164794921875,362.22186279296875,336.5007629394531,43.2606201171875,149.08908081054688,164.634033203125,55.91434860229492,397.8974914550781,402.78155517578125,57.57899856567383,62.426841735839844,23.71767807006836,147.22059631347656,478.1125183105469,190.92999267578125,481.0826110839844,53.63368225097656,94.9163589477539
2024-01-30,185.93528747558594,172.05999755859375,159.0,32.97227478027344,691.1066284179688,283.5668029785156,136.21119689941406,95.018310546875,150.2184600830078,368.2277526855469,337.82513427734375,42.35277557373047,148.537109375,168.00811767578125,56.073490142822266,396.9449768066406,401.6706848144531,56.28499984741211,62.73564529418945,23.320661544799805,148.47450256347656,477.74273681640625,191.58999633789062,480.1958312988281,53.81241989135742,96.49938201904297
2024-01-31,182.33602905273438,167.69000244140625,155.1999969482422,32.233036041259766,685.3270263671875,277.0228576660156,133.7704620361328,94.14595794677734,138.95155334472656,365.505615234375,333.9086608886719,42.51066207885742,148.65872192382812,166.18760681152344,55.68967819213867,387.1023254394531,390.84710693359375,56.4109992980957,61.48941421508789,23.3724422454834,148.14451599121094,469.94720458984375,187.2899932861328,487.9478759765625,53.70193099975586,94.62184143066406
2024-02-01,184.7685089111328,170.47999572753906,159.27999877929688,31.79705810546875,695.81640625,279.69366455078125,134.1878204345703,95.13592529296875,140.0028839111328,365.3533020019531,340.6348876953125,42.78696060180664,148.15354919433594,165.58717346191406,57.08449172973633,391.70611572265625,396.94219970703125,56.750999450683594,62.98849868774414,23.553693771362305,150.06771850585938,476.09796142578125,188.86000061035156,483.5617370605469,54.69635772705078,94.23529052734375
2024-02-02,183.76983642578125,177.66000366210938,171.80999755859375,31.721248626708984,700.7549438476562,281.5267639160156,138.13482666015625,95.20453643798828,141.212890625,369.17010498046875,337.9482116699219,42.03700256347656,146.51632690429688,166.54031372070312,56.672611236572266,471.2915344238281,404.25616455078125,56.4640007019043,66.11959075927734,23.242982864379883,149.0401153564453,481.11004638671875,187.91000366210938,486.508056640625,55.1058235168457,93.8487548828125
2024-02-05,185.579345703125,174.22999572753906,170.30999755859375,31.266328811645508,702.4143676757812,283.9413146972656,138.2164764404297,94.73406219482422,142.50222778320312,364.56329345703125,335.9709777832031,42.20475387573242,145.758544921875,166.3210906982422,56.20454025268555,455.8328552246094,398.7804870605469,56.20600128173828,69.2896499633789,22.932270050048828,149.15325927734375,479.35821533203125,181.05999755859375,479.5760498046875,54.81010055541992,93.46220397949219
2024-02-06,187.18121337890625,167.8800048828125,169.14999389648438,31.31371307373047,702.0487670898438,281.69427490234375,138.234619140625,97.32173156738281,142.9187774658203,366.4383850097656,337.02105712890625,42.29877853393555,147.87286376953125,166.89297485351562,56.110931396484375,451.179443359375,398.6231384277344,55.5880012512207,68.18132019042969,23.734941482543945,149.86033630371094,480.7499694824219,185.10000610351562,486.9276123046875,55.18381118774414,94.10646057128906
2024-02-07,187.29000854492188,170.94000244140625,170.52999877929688,31.446395874023438,710.9282836914062,284.66070556640625,138.03500366210938,97.1747055053711,144.3469696044922,368.0279235839844,343.1134338378906,42.33836364746094,147.7980499267578,167.2074737548828,56.15774154663086,465.9335632324219,407.0382080078125,55.93000030517578,70.05616760253906,23.78672981262207,150.0111846923828,484.7596130371094,187.5800018310547,495.2421875,55.04407501220703,94.07884216308594
2024-02-08,186.21218872070312,169.35000610351562,169.83999633789062,31.389528274536133,715.2543334960938,287.7257385253906,139.7861785888672,108.34871673583984,144.7139434814453,366.48602294921875,344.0877990722656,42.061256408691406,146.31985473632812,166.60704040527344,56.00796127319336,466.34039306640625,407.09716796875,55.85300064086914,69.59844207763672,23.795360565185547,149.5586395263672,484.9737243652344,189.55999755859375,495.9096984863281,55.040828704833984,95.68946838378906
2024-02-09,186.97454833984375,172.47999572753906,174.4499969482422,31.342144012451172,714.5037841796875,287.0851135253906,137.04595947265625,106.2413330078125,147.77862548828125,365.7435607910156,343.5486145019531,42.86289596557617,146.6566619873047,166.80715942382812,55.75520706176758,464.46514892578125,413.4281311035156,56.13199996948242,72.08892822265625,23.78672981262207,148.4084930419922,487.776611328125,193.57000732421875,494.1265869140625,55.01157760620117,93.6646728515625
2024-02-12,185.2914276123047,171.91000366210938,172.33999633789062,31.863407135009766,713.5259399414062,283.16265869140625,137.98960876464844,107.12349700927734,146.3206787109375,373.71978759765625,345.7244567871094,43.57545852661133,147.67640686035156,167.5506134033203,55.886260986328125,465.2489929199219,408.2277526855469,55.78499984741211,72.203857421875,23.873035430908203,148.11622619628906,487.5625,188.1300048828125,493.5736083984375,55.34305191040039,94.95319366455078
2024-02-13,183.20237731933594,171.5399932861328,168.63999938964844,31.038867950439453,705.46630859375,277.0820007324219,136.64674377441406,108.27030181884766,143.9502410888672,360.4990539550781,338.2887268066406,42.71444320678711,146.38534545898438,166.09230041503906,55.558624267578125,456.5373229980469,399.43914794921875,55.45199966430664,72.08394622802734,23.277502059936523,147.3242950439453,480.8472595214844,184.02000427246094,492.8202819824219,54.96607971191406,94.13573455810547
2024-02-14,182.3212127685547,178.6999969482422,170.97999572753906,31.39901351928711,713.2987670898438,284.9661865234375,137.01873779296875,109.3484878540039,144.7436981201172,359.82330322265625,338.89422607421875,43.73380661010742,145.7024383544922,167.77938842773438,55.50245666503906,469.5948181152344,403.29986572265625,57.93299865722656,73.8548583984375,23.398338317871094,146.72096252441406,485.2170104980469,188.7100067138672,492.90606689453125,54.79059600830078,93.67127227783203
2024-02-15,182.03408813476562,176.75999450683594,169.8000030517578,32.28989791870117,715.60009765625,287.71588134765625,141.6783905029297,110.2208480834961,141.59970092773438,366.8476867675781,341.59033203125,43.595252990722656,147.7418975830078,171.4393768310547,55.605430603027344,480.2611389160156,400.41412353515625,59.34600067138672,72.61360931396484,23.743574142456055,148.02194213867188,488.56488037109375,200.4499969482422,496.6629333496094,55.01483154296875,96.3558349609375
2024-02-16,180.49949645996094,173.8699951171875,169.50999450683594,32.3088493347168,715.0864868164062,285.5279846191406,141.8343505859375,109.3876953125,139.36814880371094,365.9149169921875,342.79180908203125,43.060829162597656,147.5722198486328,170.63876342773438,55.5960693359375,469.6345520019531,397.9519348144531,58.39500045776367,72.56864166259766,23.83851432800293,148.49334716796875,486.1318359375,199.9499969482422,497.3017272949219,55.362548828125,96.3558349609375
2024-02-20,179.75692749023438,165.69000244140625,167.0800018310547,32.18564224243164,716.765625,282.24615478515625,141.25645446777344,107.27052307128906,139.96319580078125,365.9910583496094,342.9999084472656,44.060401916503906,148.80709838867188,171.30592346191406,56.822383880615234,468.0767517089844,396.7012023925781,57.51300048828125,69.40956115722656,23.812618255615234,149.43609619140625,483.4554748535156,193.75999450683594,496.8345031738281,57.149906158447266,95.44550323486328
2024-02-21,180.50936889648438,164.2899932861328,168.58999633789062,31.93922996520996,714.1284790039062,279.447265625,142.5773162841797,105.53561401367188,141.38148498535156,369.5603332519531,344.4757080078125,43.021240234375,149.58006286621094,172.42111206054688,57.327880859375,464.87847900390625,396.1003723144531,57.334999084472656,67.43079376220703,23.881668090820312,151.21786499023438,483.8934631347656,194.77000427246094,497.7022705078125,56.44796371459961,97.39620971679688
2024-02-22,182.53903198242188,181.86000061035156,174.5800018310547,31.85392951965332,725.3685913085938,289.4011535644531,142.56813049316406,105.5062026977539,142.9088592529297,371.6543273925781,351.29656982421875,42.53630065917969,151.2485809326172,174.48941040039062,57.24363327026367,482.85662841796875,405.4272155761719,58.84700012207031,78.49002838134766,23.778093338012695,151.3687286376953,493.9078369140625,197.41000366210938,502.0216979980469,57.00366973876953,97.31260681152344
2024-02-23,180.70741271972656,176.52000427246094,174.99000549316406,32.147735595703125,728.8550415039062,288.5633850097656,141.86181640625,105.60421752929688,142.77992248535156,372.2063903808594,351.8830871582031,42.54619598388672,152.55885314941406,175.3662872314453,57.290435791015625,480.77069091796875,404.13702392578125,58.35599899291992,78.76886749267578,23.95934295654297,151.8118438720703,494.24847412109375,191.97000122070312,502.7271728515625,57.05241775512695,96.45800018310547
2024-02-26,179.3609161376953,176.00999450683594,174.72999572753906,31.85392951965332,736.183837890625,296.0436096191406,141.669189453125,105.54541015625,136.4423370361328,371.4163818359375,351.5425109863281,42.54619598388672,151.56907653808594,174.7657928466797,56.83174133300781,478.4961242675781,401.3793640136719,58.76499938964844,79.04368591308594,23.458755493164062,151.04818725585938,492.4382629394531,199.39999389648438,500.89654541015625,58.1053352355957,96.83885955810547
2024-02-27,180.8163299560547,178.0,173.5399932861328,32.488922119140625,735.5516967773438,295.1664733886719,139.5687255859375,107.25090789794922,137.74159240722656,371.9779357910156,355.2887878417969,42.28887939453125,151.7481689453125,174.85159301757812,56.48537063598633,483.7703857421875,401.32025146484375,60.16699981689453,78.6529312133789,23.208457946777344,150.18087768554688,493.35308837890625,199.72999572753906,489.54974365234375,58.095584869384766,96.6344985961914
2024-02-28,179.6183319091797,176.5399932861328,173.16000366210938,32.517364501953125,738.7618408203125,295.4325256347656,139.7338104248047,108.60356140136719,135.26206970214844,376.8857116699219,357.22808837890625,41.556522369384766,152.2854766845703,175.73800659179688,56.54154968261719,480.7607727050781,401.5566101074219,59.64799880981445,77.61555480957031,23.33792495727539,150.887939453125,492.7010192871094,202.0399932861328,475.1136474609375,58.12482452392578,96.90388488769531
2024-02-29,178.95498657226562,192.52999877929688,176.75999450683594,32.94684982299805,734.7418212890625,304.35162353515625,139.43115234375,109.36809539794922,137.32501220703125,372.9269104003906,360.066162109375,42.60557556152344,152.12521362304688,177.3392333984375,56.185821533203125,486.8296813964844,407.3871154785156,60.29199981689453,79.06367492675781,22.92363739013672,149.8414764404297,494.4722900390625,201.8800048828125,470.6512451171875,57.14015579223633,97.08966827392578
2024-03-01,177.8758087158203,202.63999938964844,178.22000122070312,32.78459167480469,740.2235717773438,312.29498291015625,140.16490173339844,109.73076629638672,136.01585388183594,372.01629638671875,363.6989440917969,43.36762619018555,152.82278442382812,176.6053466796875,55.72712326049805,498.91766357421875,409.2190246582031,61.933998107910156,82.22872924804688,22.94952964782715,149.75660705566406,499.11456298828125,202.63999938964844,466.7704772949219,57.2863883972168,98.31583404541016
2024-03-04,173.36109924316406,205.36000061035156,177.5800018310547,33.54813766479492,749.8438110351562,310.08740234375,136.5601348876953,111.43626403808594,132.25689697265625,375.9943542480469,359.839111328125,45.1391487121582,150.67352294921875,177.93019104003906,55.98923873901367,494.8354187011719,408.6477966308594,61.58300018310547,85.18492889404297,22.345369338989258,150.42599487304688,498.57928466796875,188.13999938964844,459.4665832519531,57.8128547668457,96.94103240966797
2024-03-05,168.43055725097656,205.1300048828125,174.1199951171875,33.777198791503906,750.604248046875,294.42730712890625,137.21136474609375,110.63253021240234,131.5824737548828,374.7098083496094,358.0227966308594,42.71444320678711,150.7960662841797,179.71253967285156,55.7177619934082,486.9190368652344,396.5632629394531,59.849998474121094,85.91551208496094,22.509355545043945,150.19970703125,493.59637451171875,180.74000549316406,451.1520080566406,58.534297943115234,98.13003540039062
2024-03-06,167.44049072265625,210.6300048828125,173.50999450683594,33.80583572387695,763.7308349609375,299.37469482421875,136.05564880371094,107.87822723388672,130.32290649414062,373.42535400390625,359.202880859375,44.05050277709961,150.20220947265625,180.6466064453125,55.745845794677734,492.7494812011719,396.0117492675781,59.76900100708008,88.64997100830078,23.46738624572754,150.43540954589844,496.09759521484375,176.5399932861328,450.62762451171875,59.05100631713867,99.17972564697266
2024-03-07,167.32168579101562,211.3800048828125,176.82000732421875,34.00626754760742,775.928955078125,298.0442810058594,137.0095672607422,107.995849609375,133.27842712402344,372.3325500488281,358.3559265136719,45.67357635498047,149.7591552734375,179.06442260742188,55.64286804199219,508.7410888671875,402.9552001953125,60.85100173950195,92.6167221069336,23.122150421142578,151.42529296875,501.0221252441406,178.64999389648438,456.5202331542969,58.84626388549805,99.737060546875
2024-03-08,169.03448486328125,207.38999938964844,175.35000610351562,33.977630615234375,716.6373291015625,300.8628234863281,137.47740173339844,108.1330795288086,134.30001831054688,370.95220947265625,355.3105163574219,43.54576873779297,150.37191772460938,179.3980255126953,55.7177619934082,502.5431213378906,400.079345703125,60.481998443603516,87.47863006591797,23.493276596069336,151.17076110839844,498.0148620605469,175.33999633789062,456.204345703125,58.61228561401367,100.67526245117188
2024-03-11,171.03443908691406,198.38999938964844,171.9600067138672,34.254417419433594,705.2984619140625,301.5723876953125,139.4219512939453,110.0836181640625,136.54150390625,370.1567077636719,353.56890869140625,44.39689254760742,151.9838104248047,179.4647216796875,56.39176559448242,480.3337097167969,398.405029296875,60.09299850463867,85.72562408447266,24.485830307006836,152.30206298828125,497.5866394042969,177.77000427246094,468.2467346191406,59.13874435424805,101.26976776123047
2024-03-12,171.50965881347656,202.75999450683594,175.38999938964844,34.32122039794922,727.8180541992188,302.1834716796875,139.32106018066406,110.23065185546875,137.36468505859375,372.09295654296875,356.4429626464844,44.77296829223633,153.4072265625,180.94207763671875,56.63516616821289,496.3848876953125,409.00238037109375,61.108001708984375,91.86116027832031,24.17511749267578,152.66029357910156,502.9393310546875,177.5399932861328,468.438232421875,59.86993408203125,100.61952209472656
2024-03-13,169.43055725097656,194.7899932861328,176.55999755859375,34.43575668334961,725.1709594726562,300.66375732421875,141.15554809570312,110.26985168457031,138.64410400390625,376.0517883300781,360.6780090332031,42.78371810913086,151.86129760742188,182.409912109375,57.21554946899414,492.2330322265625,408.8251037597656,60.94499969482422,90.83673858642578,24.356367111206055,153.00914001464844,502.1510314941406,169.47999572753906,467.14593505859375,59.743194580078125,101.74352264404297
2024-03-14,171.28195190429688,187.05999755859375,178.75,34.06352615356445,722.9486694335938,299.3217468261719,142.81578063964844,109.83857727050781,141.92698669433594,372.5051574707031,357.1377258300781,42.30867385864258,150.07968139648438,179.1597442626953,57.08816909790039,488.5181884765625,418.7920837402344,61.30099868774414,87.89439392089844,24.2786865234375,152.2549285888672,501.1583251953125,162.5,468.10321044921875,59.69232940673828,103.54560089111328
2024-03-15,170.9057159423828,191.05999755859375,174.4199981689453,33.79629135131836,716.706298828125,290.4501647949219,142.67819213867188,109.73076629638672,140.02272033691406,371.1631774902344,355.1962890625,42.199806213378906,149.10873413085938,181.38052368164062,56.50313186645508,480.84027099609375,410.1250915527344,60.5880012512207,87.7874526977539,24.114702224731445,152.14181518554688,497.717041015625,163.57000732421875,469.8454284667969,59.3597297668457,103.35980987548828
2024-03-18,171.99478149414062,190.64999389648438,174.47999572753906,34.36894607543945,722.543701171875,296.5487976074219,142.54978942871094,111.59310150146484,146.46942138671875,368.44085693359375,353.94012451171875,42.26908493041992,147.77015686035156,183.62991333007812,56.73903274536133,493.633544921875,411.01153564453125,61.8390007019043,88.40510559082031,23.924821853637695,151.98155212402344,500.6750793457031,173.8000030517578,466.2364807128906,59.53581237792969,104.31659698486328
2024-03-19,174.3313446044922,181.4199981689453,175.89999389648438,34.38802719116211,723.1658325195312,297.4763488769531,143.65965270996094,112.2400131225586,145.82476806640625,372.5531005859375,361.0776672363281,41.61589813232422,147.251708984375,184.7069549560547,56.83338928222656,492.8984680175781,415.0397033691406,62.07400131225586,89.34757995605469,23.847143173217773,152.56600952148438,503.45733642578125,171.32000732421875,472.23858642578125,59.54559326171875,105.0504379272461
2024-03-20,176.89561462402344,179.72999572753906,178.14999389648438,35.07522201538086,731.6106567382812,302.0453186035156,141.7609100341797,114.15135192871094,147.520751953125,380.0393981933594,365.8360900878906,41.76435470581055,146.82749938964844,187.12789916992188,57.324066162109375,502.11602783203125,418.80194091796875,62.76900100708008,90.3210220336914,23.907562255859375,152.71688842773438,508.114013671875,175.66000366210938,473.1097106933594,59.917327880859375,104.95753479003906
2024-03-21,169.66812133789062,178.67999267578125,178.14999389648438,35.80058670043945,733.42822265625,304.3248596191406,142.04530334472656,114.3865966796875,146.39010620117188,396.56494140625,376.104736328125,41.98208236694336,146.81808471679688,189.72991943359375,57.05986022949219,504.3409423828125,422.87933349609375,62.270999908447266,91.38343048095703,23.873035430908203,152.5943145751953,509.79315185546875,172.82000732421875,470.67822265625,60.11297607421875,105.42198181152344
2024-03-22,170.56910705566406,179.64999389648438,178.8699951171875,35.361549377441406,725.7635498046875,303.7130126953125,141.86181640625,113.57305908203125,149.5341033935547,389.96044921875,371.4224853515625,42.13053512573242,146.32789611816406,187.40428161621094,57.078731536865234,506.148681640625,422.25885009765625,62.80099868774414,94.2358169555664,23.614110946655273,152.40574645996094,508.82672119140625,170.8300018310547,469.12750244140625,59.54559326171875,105.42198181152344
2024-03-25,169.1533203125,178.6300048828125,179.7100067138672,35.18021011352539,721.970947265625,302.02557373046875,143.5220489501953,116.9938735961914,148.83984375,388.15838623046875,364.9795837402344,41.39817428588867,146.31849670410156,185.688720703125,56.99380874633789,499.6328430175781,416.4677734375,62.74599838256836,94.94840240478516,23.67452621459961,151.01991271972656,507.42095947265625,172.6300048828125,465.11651611328125,59.25212097167969,106.49952697753906
2024-03-26,168.0246124267578,177.8699951171875,178.3000030517578,35.39972686767578,721.990478515625,301.7986145019531,142.42135620117188,117.55258178710938,149.4349365234375,389.3470153808594,361.5725402832031,41.556522369384766,146.83692932128906,186.55601501464844,57.12591552734375,492.5509033203125,415.27606201171875,62.92399978637695,92.50879669189453,23.812618255615234,151.35931396484375,506.48370361328125,177.6699981689453,471.271728515625,59.193424224853516,105.70066833496094
2024-03-27,171.58885192871094,179.58999633789062,179.8300018310547,36.086917877197266,723.0770874023438,297.4072570800781,143.4119873046875,118.58175659179688,149.63327026367188,398.0411071777344,367.2445983886719,43.318145751953125,148.90133666992188,190.1683807373047,57.58827590942383,490.5345153808594,415.059326171875,61.35300064086914,90.19908905029297,23.976608276367188,153.30137634277344,510.7401123046875,179.8300018310547,472.02801513671875,59.39885711669922,106.7967758178711
2024-03-28,169.7770538330078,180.49000549316406,180.3800048828125,36.19190216064453,723.6203002929688,297.2098693847656,144.6869659423828,119.93439483642578,149.6927947998047,400.3800048828125,365.0652160644531,43.714012145996094,149.11817932128906,190.91180419921875,57.729820251464844,482.3102722167969,414.3601379394531,60.733001708984375,90.3050308227539,23.950712203979492,152.9619903564453,510.6424560546875,175.7899932861328,473.5596008300781,58.86081314086914,107.97649383544922
2024-04-01,168.34141540527344,183.33999633789062,180.97000122070312,35.81013488769531,712.3704223632812,298.2756652832031,145.9160919189453,119.120849609375,154.2154083251953,396.3732604980469,350.24755859375,44.060401916503906,148.73165893554688,189.6155548095703,57.25801467895508,488.04144287109375,418.1518859863281,61.430999755859375,90.31202697753906,23.924821853637695,151.38758850097656,509.754150390625,175.22000122070312,468.77325439453125,58.69452667236328,108.67317962646484
2024-04-02,167.16326904296875,178.6999969482422,180.69000244140625,35.60015869140625,702.552490234375,299.99273681640625,146.55813598632812,120.3852767944336,153.29302978515625,393.15252685546875,345.4605712890625,43.48638916015625,148.68453979492188,189.539306640625,56.75790786743164,494.0208740234375,415.0692443847656,61.42100143432617,89.40155029296875,23.778093338012695,151.37818908691406,506.5129699707031,166.6300048828125,438.56195068359375,57.872798919677734,110.80038452148438
2024-04-03,167.96524047851562,180.77000427246094,182.41000366210938,35.73377990722656,697.0115966796875,300.7229309082031,147.16355895996094,116.62140655517578,153.6500701904297,396.8428955078125,342.5104064941406,39.913658142089844,145.4134979248047,189.00558471679688,56.455955505371094,503.3277893066406,414.09417724609375,63.007999420166016,88.913818359375,23.493276596069336,147.21116638183594,507.0694580078125,168.3800048828125,440.09356689453125,58.13692855834961,110.8189697265625
2024-04-04,167.14346313476562,165.8300018310547,180.0,35.23747634887695,696.21142578125,290.2627258300781,147.39285278320312,114.76886749267578,149.29608154296875,389.4140930175781,340.3976135253906,39.31985092163086,143.75445556640625,187.56752014160156,55.95583724975586,507.4797058105469,411.5630798339844,61.7140007019043,85.8565444946289,23.00131607055664,146.55125427246094,500.880126953125,171.11000061035156,435.919921875,58.20540237426758,111.20909881591797
2024-04-05,167.8959197998047,170.4199981689453,185.07000732421875,35.41881561279297,704.9428100585938,297.93023681640625,148.22755432128906,116.03329467773438,151.2499237060547,391.1586608886719,340.5785217285156,38.31037902832031,143.65077209472656,189.2931671142578,56.15399932861328,523.7890625,419.0875549316406,63.61800003051758,87.95836639404297,23.00994873046875,147.16404724121094,506.11273193359375,164.89999389648438,436.2644958496094,58.547794342041016,112.74180603027344
2024-04-08,166.77713012695312,169.89999389648438,185.19000244140625,35.79104232788086,703.0563354492188,297.7526550292969,147.92486572265625,115.02371215820312,153.5806427001953,393.5263671875,344.5564880371094,37.58791732788086,142.8966522216797,190.28062438964844,55.92753219604492,515.7535400390625,418.171630859375,62.840999603271484,87.08385467529297,22.940900802612305,147.10748291015625,506.3957824707031,172.97999572753906,436.513427734375,58.47930908203125,111.98009490966797
2024-04-09,167.98500061035156,170.77999877929688,185.6699981689453,36.010562896728516,709.7531127929688,298.3841857910156,148.59446716308594,115.63142395019531,155.31631469726562,393.6892395019531,343.95697021484375,37.93430709838867,143.55650329589844,189.00555419921875,56.35215759277344,513.4193115234375,419.8360900878906,61.81999969482422,85.30583953857422,23.1135196685791,147.69200134277344,506.98162841796875,176.8800048828125,440.0744323730469,58.48908996582031,112.5653076171875
2024-04-10,166.11378479003906,167.13999938964844,185.9499969482422,34.97978210449219,713.6939086914062,295.67041015625,149.20901489257812,114.86688995361328,154.86009216308594,384.1516418457031,333.62164306640625,36.81596755981445,141.58636474609375,187.3949737548828,55.59726333618164,516.3297119140625,416.8617248535156,61.858001708984375,86.98990631103516,22.716495513916016,148.23878479003906,501.9051513671875,171.75999450683594,430.81768798828125,59.301021575927734,113.51280212402344
2024-04-11,173.30166625976562,170.5,189.0500030517578,34.69344711303711,723.3436279296875,295.2066650390625,148.49354553222656,114.82768249511719,158.10328674316406,381.007568359375,330.58575439453125,37.24153137207031,140.25723266601562,187.35659790039062,55.719940185546875,519.6371459960938,421.4610900878906,62.87799835205078,90.56488037109375,22.7337589263916,146.91891479492188,505.6929626464844,174.60000610351562,422.8436279296875,58.782562255859375,113.13195037841797
2024-04-12,174.79669189453125,163.27999877929688,186.1300048828125,34.15896987915039,722.3165283203125,290.4403381347656,145.80601501464844,111.74992370605469,156.43707275390625,373.34869384765625,326.30322265625,35.321556091308594,139.06007385253906,175.23878479003906,54.99335479736328,508.4530334472656,415.5222473144531,62.28300094604492,88.13626098632812,22.319477081298828,146.43812561035156,498.7127990722656,171.0500030517578,420.43133544921875,58.831478118896484,111.8128890991211
2024-04-15,170.9750213623047,160.32000732421875,183.6199951171875,34.31167984008789,709.4467163085938,269.3027038574219,144.54937744140625,110.7109375,153.59059143066406,384.26666259765625,321.6019287109375,35.935157775878906,139.1260528564453,175.33465576171875,54.86125946044922,496.86163330078125,407.3871154785156,60.71500015258789,85.95249938964844,22.36263084411621,146.55125427246094,492.4649353027344,161.47999572753906,426.5865478515625,58.62604522705078,111.17194366455078
2024-04-16,167.69790649414062,163.4600067138672,183.32000732421875,33.09955596923828,707.1651611328125,273.7532043457031,143.3477783203125,111.62249755859375,153.13433837890625,380.4132385253906,318.65167236328125,35.88566970825195,136.16612243652344,173.3310089111328,54.7857666015625,496.3948059082031,408.31292724609375,61.75199890136719,87.36569213867188,22.17275047302246,147.0226287841797,491.5667419433594,157.11000061035156,448.8525695800781,58.53800582885742,110.2523193359375
2024-04-17,166.33160400390625,154.02000427246094,181.27999877929688,33.62449264526367,706.394775390625,272.6776123046875,143.45782470703125,110.70114135742188,154.19558715820312,387.17108154296875,316.74835205078125,35.31166076660156,136.46775817871094,172.64071655273438,55.21038055419922,490.84246826171875,405.61431884765625,61.36899948120117,83.98759460449219,21.93971824645996,147.97482299804688,488.6575622558594,155.4499969482422,458.52093505859375,58.352134704589844,110.19658660888672
2024-04-18,165.381103515625,155.0800018310547,179.22000122070312,34.139888763427734,702.5032348632812,268.3356018066406,144.53103637695312,110.20124816894531,154.7311248779297,386.4042053222656,316.8054504394531,34.67826843261719,137.38214111328125,173.76239013671875,55.587833404541016,498.4211120605469,398.1587829589844,61.055999755859375,84.62324523925781,21.9138240814209,149.24343872070312,487.65203857421875,149.92999267578125,472.1045227050781,57.97062301635742,110.09441375732422
2024-04-19,163.36138916015625,146.63999938964844,174.6300048828125,35.28519821166992,700.7846069335938,266.8060302734375,146.7599334716797,110.37767791748047,152.82687377929688,387.2573547363281,319.1560974121094,33.84694290161133,139.4276885986328,178.1244354248047,56.77677536010742,477.83062744140625,393.08660888671875,55.50400161743164,76.15702056884766,22.440311431884766,150.04995727539062,483.3956298828125,147.0500030517578,479.71484375,58.23474884033203,111.35772705078125
2024-04-22,164.19305419921875,148.63999938964844,177.22999572753906,36.010562896728516,706.6615600585938,270.2006530761719,148.5210418701172,109.76997375488281,154.99891662597656,400.0540771484375,319.86981201171875,34.054771423339844,140.5682830810547,181.58531188964844,57.135353088378906,478.48626708984375,394.8988037109375,55.459999084472656,79.47314453125,22.664710998535156,152.3271484375,487.8472595214844,142.0500030517578,470.2378845214844,58.831478118896484,111.98937225341797
2024-04-23,165.24252319335938,152.27000427246094,179.5399932861328,36.62139892578125,713.7926635742188,273.0328674316406,149.37411499023438,111.45586395263672,156.9626922607422,406.4284973144531,322.6202087402344,33.92611312866211,140.9830780029297,184.2025146484375,57.22026824951172,492.75946044921875,401.4089050292969,57.775001525878906,82.37651062011719,22.716495513916016,153.23802185058594,493.6363525390625,144.67999267578125,465.4036865234375,57.804317474365234,112.42597198486328
2024-04-24,167.34149169921875,151.74000549316406,176.58999633789062,36.573673248291016,714.98779296875,272.5492858886719,150.0345458984375,111.66171264648438,157.82557678222656,405.50830078125,316.919677734375,34.14384078979492,140.0121612548828,185.1036834716797,58.07895278930664,490.17694091796875,402.8763732910156,55.512001037597656,79.63206481933594,22.6733455657959,154.28176879882812,493.402099609375,162.1300048828125,466.4757995605469,58.567352294921875,112.44454193115234
2024-04-25,168.20281982421875,153.75999450683594,173.6699981689453,36.18235778808594,714.1270751953125,269.5395202636719,151.60304260253906,110.53449249267578,154.72122192382812,402.6421813964844,315.9394226074219,34.74754333496094,138.4002227783203,185.38169860839844,58.258235931396484,438.407958984375,393.00787353515625,56.47999954223633,82.58538818359375,21.80162239074707,154.23435974121094,491.5277099609375,170.17999267578125,472.7554931640625,58.89994812011719,112.70464324951172
2024-04-26,167.6186981201172,157.39999389648438,179.6199951171875,36.10600662231445,721.36865234375,270.6743469238281,152.1625518798828,110.49530029296875,170.5404815673828,409.8505859375,318.8991394042969,31.55088996887207,137.7592010498047,185.49676513671875,58.258235931396484,440.3050537109375,400.17779541015625,56.12300109863281,87.6855239868164,21.922452926635742,153.03878784179688,496.18438720703125,168.2899932861328,474.1818542480469,58.85103988647461,109.57421875
2024-04-29,171.7769775390625,160.1999969482422,180.9600067138672,35.83876037597656,718.5492553710938,272.1051940917969,152.5661163330078,109.85818481445312,164.7880096435547,412.956298828125,320.5264587402344,31.036256790161133,138.4002227783203,185.29542541503906,58.541324615478516,429.7069091796875,396.1693420410156,55.94900131225586,87.70750427246094,22.129594802856445,153.38986206054688,497.9416198730469,194.0500030517578,468.1318664550781,58.92930221557617,111.13477325439453
2024-04-30,168.6384735107422,158.3800048828125,175.0,35.3233757019043,715.1559448242188,265.3948669433594,147.92486572265625,108.89761352539062,161.4456329345703,409.0262145996094,318.0711364746094,30.155445098876953,136.298095703125,183.8190460205078,58.28654098510742,427.27337646484375,383.444580078125,55.06399917602539,86.353271484375,22.11233901977539,154.85107421875,490.0535888671875,183.27999877929688,463.0296936035156,58.058658599853516,109.86219024658203
2024-05-01,167.6186981201172,144.27000427246094,179.0,35.266109466552734,714.4832153320312,265.1482238769531,146.4205780029297,108.28990936279297,162.51681518554688,409.2562561035156,315.9299011230469,30.05647850036621,142.51016235351562,183.93409729003906,58.43752670288086,436.232666015625,388.96978759765625,55.17100143432617,82.99414825439453,23.458755493164062,155.0408477783203,488.4623107910156,179.99000549316406,463.422119140625,57.569541931152344,107.78142547607422
2024-05-02,171.31163024902344,146.16000366210938,184.72000122070312,35.19929885864258,724.59375,268.5428161621094,147.42953491210938,110.38748931884766,165.254150390625,414.6433410644531,319.31787109375,30.195032119750977,141.32244873046875,183.74237060546875,58.494136810302734,438.7059020996094,391.8259582519531,56.51499938964844,85.76859283447266,23.907562255859375,155.4583282470703,493.0310974121094,180.00999450683594,471.9035339355469,58.410831451416016,107.97649383544922
2024-05-03,181.5588836669922,150.60000610351562,186.2100067138672,35.552433013916016,735.9310302734375,270.05267333984375,146.98927307128906,111.40686798095703,165.86912536621094,420.0208740234375,326.2842102050781,30.58100700378418,140.709716796875,182.6398468017578,58.66398620605469,448.9166564941406,400.5126037597656,57.933998107910156,88.7389144897461,24.00250244140625,156.04660034179688,499.1424255371094,181.19000244140625,471.4057922363281,58.51844024658203,107.75355529785156
2024-05-06,179.90545654296875,155.77999877929688,188.6999969482422,35.972381591796875,748.3464965820312,271.9967041015625,148.86961364746094,114.1611557006836,166.72203063964844,425.2833557128906,325.7512512207031,30.774776458740234,140.0592803955078,184.0683135986328,58.833831787109375,462.5442810058594,407.2886657714844,59.696998596191406,92.08802795410156,24.30457878112793,156.0276336669922,504.2969970703125,184.75999450683594,473.2532958984375,58.567352294921875,108.45023345947266
2024-05-07,180.58860778808594,154.42999267578125,188.75999450683594,36.11555099487305,763.0473022460938,273.5262451171875,149.20901489257812,103.3008041381836,169.84622192382812,425.4079284667969,324.228515625,30.486604690551758,140.19122314453125,183.82862854003906,59.08861541748047,465.0870361328125,403.15216064453125,60.599998474121094,90.50293731689453,23.967975616455078,157.2801055908203,504.8533630371094,177.80999755859375,479.5520935058594,59.301021575927734,107.9114761352539
2024-05-08,180.9252166748047,153.6199951171875,188.0,35.99147415161133,755.23193359375,275.29266357421875,149.08973693847656,103.34981536865234,167.99156188964844,428.42742919921875,322.45843505859375,29.81089210510254,140.40805053710938,187.56752014160156,59.305641174316406,469.417724609375,404.3340148925781,60.946998596191406,90.36101531982422,24.399520874023438,156.6254425048828,504.9022216796875,174.72000122070312,481.7059631347656,58.98799514770508,107.89289855957031
2024-05-09,182.73707580566406,152.38999938964844,189.5,36.53549575805664,770.6945190429688,271.5427551269531,151.75894165039062,103.70268249511719,168.56680297851562,436.68060302734375,330.65240478515625,29.90032386779785,141.25643920898438,189.34109497070312,59.33395004272461,472.2187194824219,406.08709716796875,61.20899963378906,88.69695281982422,24.688634872436523,157.54580688476562,507.8113708496094,171.97000122070312,485.3627014160156,59.32960510253906,110.02009582519531
2024-05-10,181.4779510498047,151.9199981689453,187.47999572753906,36.69774627685547,778.7572021484375,273.0229797363281,152.09832763671875,103.69288635253906,167.2675323486328,435.885009765625,329.6911926269531,29.66183853149414,141.31300354003906,190.5586395263672,59.6925163269043,472.9934997558594,408.4704895019531,61.08700180053711,89.82731628417969,24.539697647094727,158.31436157226562,508.46551513671875,168.47000122070312,490.8956604003906,59.36886978149414,109.57421875
2024-05-13,184.6802215576172,150.55999755859375,186.57000732421875,36.468685150146484,766.84619140625,273.8617858886719,150.91506958007812,103.73209381103516,167.75352478027344,434.76348876953125,324.4855041503906,30.317676544189453,142.54788208007812,190.52027893066406,59.99447250366211,464.8586120605469,407.4659118652344,61.659000396728516,90.3480224609375,24.916423797607422,157.38450622558594,508.5337829589844,171.88999938964844,489.8714294433594,59.3001594543457,109.52777862548828
2024-05-14,185.82032775878906,153.16000366210938,187.07000732421875,36.735923767089844,769.5667114257812,273.1512756347656,150.07122802734375,103.2615966796875,168.94369506835938,439.4700012207031,324.04779052734375,30.854272842407227,142.69871520996094,193.18544006347656,59.54153823852539,468.6727600097656,410.26300048828125,61.36600112915039,91.30448150634766,24.863855361938477,157.2801055908203,510.8670654296875,177.5500030517578,491.9200134277344,58.76026153564453,110.19266510009766
2024-05-15,188.09068298339844,159.6699981689453,185.99000549316406,37.136783599853516,778.60888671875,283.7497253417969,149.55758666992188,100.73273468017578,171.09588623046875,446.7742004394531,331.8230285644531,31.072887420654297,143.91473388671875,193.7606658935547,59.569854736328125,478.2975158691406,417.4360046386719,61.35200119018555,94.57662963867188,25.24934196472168,157.9917449951172,517.1931762695312,173.99000549316406,495.4331359863281,58.730812072753906,111.0448226928711
2024-05-16,188.20962524414062,162.6199951171875,183.6300048828125,37.43265914916992,784.5742797851562,280.92742919921875,149.25181579589844,101.32084655761719,172.75221252441406,445.269287109375,326.1700134277344,31.828094482421875,145.43240356445312,194.10577392578125,59.7491340637207,470.04345703125,415.3739013671875,61.051998138427734,94.30577850341797,25.336952209472656,159.27267456054688,516.12890625,174.83999633789062,498.99420166015625,62.83401870727539,110.37994384765625
2024-05-17,188.2393798828125,164.47000122070312,184.6999969482422,37.49946975708008,787.2848510742188,281.84515380859375,150.71571350097656,101.2032241821289,174.61680603027344,448.3367004394531,327.57843017578125,31.629356384277344,145.77174377441406,196.32994079589844,59.475486755371094,468.7323303222656,414.60430908203125,62.11000061035156,92.42683410644531,25.091642379760742,159.06396484375,516.8709106445312,177.4600067138672,502.2105712890625,63.46226119995117,112.03746795654297
2024-05-20,189.3993377685547,166.3300018310547,183.5399932861328,37.05088806152344,784.5049438476562,283.285888671875,149.2981414794922,100.86016845703125,175.46974182128906,443.7547607421875,321.4972839355469,31.897653579711914,143.7476806640625,187.50039672851562,59.04143142700195,465.6830139160156,419.6658630371094,64.08200073242188,94.72654724121094,24.995271682739258,158.75082397460938,517.4663696289062,174.9499969482422,495.12677001953125,63.00088882446289,111.12911224365234
2024-05-21,190.69808959960938,164.66000366210938,183.14999389648438,37.84306716918945,792.3499755859375,280.0195617675781,148.21412658691406,100.9679946899414,176.39210510253906,450.9151611328125,319.9078674316406,31.5399227142334,143.7191619873047,191.2776641845703,59.36225128173828,461.5013427734375,423.3164978027344,65.06099700927734,95.33220672607422,25.021554946899414,159.7376251220703,518.735595703125,186.60000610351562,501.1767272949219,63.95307159423828,110.36121368408203
2024-05-22,189.2605438232422,165.52000427246094,183.1300048828125,37.94804763793945,793.27001953125,280.0787658691406,145.99049377441406,100.977783203125,174.9341583251953,443.2179870605469,314.61651611328125,31.221940994262695,145.86676025390625,190.11764526367188,59.44717788696289,464.6301574707031,424.7767333984375,64.0469970703125,94.89645385742188,25.93270492553711,159.22525024414062,517.2418823242188,180.11000061035156,499.0707702636719,64.05123138427734,108.14183044433594
2024-05-23,185.2750701904297,160.42999267578125,181.0500030517578,37.38494110107422,787.8092041015625,274.89794921875,145.40679931640625,98.6645736694336,172.12738037109375,439.1632385253906,311.0953674316406,29.8903865814209,142.2557373046875,188.78506469726562,58.5885009765625,462.64361572265625,421.3037414550781,63.56700134277344,103.7404556274414,25.135448455810547,157.02392578125,513.4638671875,173.74000549316406,494.743896484375,63.64876174926758,106.2969970703125
2024-05-24,188.34841918945312,166.36000061035156,180.75,37.89078903198242,801.0558471679688,268.70074462890625,146.1572723388672,99.74275970458984,173.5555419921875,442.06768798828125,309.3918151855469,30.526351928710938,139.6614990234375,192.4185028076172,58.50357437133789,474.9998779296875,424.42156982421875,64.67500305175781,106.4089584350586,25.301908493041992,156.87210083007812,516.8612670898438,179.24000549316406,486.4539794921875,64.1788330078125,106.21272277832031
2024-05-28,188.35838317871094,171.61000061035156,182.14999389648438,37.528106689453125,804.4588623046875,266.27313232421875,147.35244750976562,100.40929412841797,174.95399475097656,440.75445556640625,312.81787109375,30.86421012878418,137.20028686523438,191.25851440429688,58.3337287902832,476.6884460449219,424.5794372558594,64.9000015258789,113.83674621582031,24.793766021728516,154.76565551757812,517.2222900390625,176.75,482.15582275390625,63.845088958740234,107.56121063232422
2024-05-29,188.65577697753906,165.13999938964844,182.02000427246094,36.9554443359375,797.8801879882812,268.0395202636719,145.36973571777344,98.88021087646484,174.4580841064453,438.2239074707031,310.1626892089844,29.94007110595703,137.25730895996094,189.9259033203125,58.220497131347656,471.16583251953125,423.44476318359375,65.46199798583984,114.76023864746094,24.37323760986328,153.38035583496094,513.6004638671875,176.19000244140625,464.00604248046875,63.72728729248047,106.40937042236328
2024-05-30,189.6471710205078,166.75,179.32000732421875,36.869544982910156,806.6055908203125,215.13621520996094,146.62979125976562,99.68395233154297,170.69918823242188,434.1831970214844,315.4524841308594,29.99969482421875,138.05552673339844,191.09548950195312,58.47526931762695,463.905029296875,409.1382751464844,64.76599884033203,110.43766021728516,24.706157684326172,154.2628173828125,510.1933898925781,178.7899932861328,461.0672607421875,63.697845458984375,106.74649810791016
2024-05-31,190.59893798828125,166.89999389648438,176.44000244140625,38.167572021484375,801.214111328125,231.3496551513672,150.3728790283203,101.85014343261719,171.0859832763672,440.2489929199219,320.9052429199219,30.655534744262695,139.37640380859375,194.25917053222656,59.381126403808594,463.6865539550781,409.5920715332031,64.16200256347656,109.57115936279297,25.109167098999023,156.12252807617188,514.8403930664062,178.0800018310547,474.2009582519531,64.55186462402344,109.80870819091797
2024-06-03,192.36366271972656,163.5500030517578,178.33999633789062,38.06258773803711,806.6550903320312,233.50091552734375,145.88858032226562,100.73273468017578,171.75048828125,438.7638854980469,314.331298828125,30.099063873291016,140.39320373535156,193.48265075683594,59.381126403808594,474.2747497558594,408.0035095214844,63.37900161743164,114.93512725830078,25.678632736206055,156.2268829345703,515.2601318359375,176.2899932861328,476.18255615234375,64.61076354980469,107.17727661132812
2024-06-04,192.680908203125,159.99000549316406,179.33999633789062,37.87169647216797,818.5266723632812,231.76409912109375,144.65634155273438,101.2816390991211,172.3654022216797,439.0724792480469,314.5708923339844,29.8407039642334,140.45022583007812,190.9325408935547,60.334163665771484,473.7781066894531,410.5195007324219,63.1619987487793,116.37133026123047,25.836332321166992,158.46615600585938,515.8361206054688,174.77000427246094,483.8885192871094,65.37642669677734,105.5103759765625
2024-06-05,194.1878662109375,166.1699981689453,181.27999877929688,38.13893127441406,825.3624877929688,233.412109375,143.5908203125,99.48792266845703,173.97213745117188,445.2250671386719,316.48748779296875,30.585975646972656,138.71121215820312,189.1110076904297,60.31529998779297,491.7264709472656,418.3536071777344,65.0270004272461,122.37095642089844,25.888900756835938,157.5552978515625,521.9669189453125,175.0,481.6198425292969,65.85742950439453,105.93180084228516
2024-06-06,192.80979919433594,166.77999877929688,185.0,37.89078903198242,833.61328125,239.5599822998047,144.4709930419922,99.20366668701172,175.28131103515625,441.772705078125,317.29241943359375,30.22824478149414,139.1388397216797,188.7754669189453,60.53232955932617,490.43524169921875,418.8568115234375,64.85199737548828,120.92976379394531,25.231821060180664,159.85147094726562,521.95703125,177.94000244140625,480.4710998535156,65.91633605957031,106.72777557373047
2024-06-07,195.19911193847656,167.8699951171875,184.3000030517578,38.198055267333984,836.521728515625,238.6619873046875,144.6099853515625,99.52713012695312,173.0299072265625,438.6963806152344,313.39215087890625,30.546226501464844,139.7660369873047,191.68988037109375,60.30586242675781,489.6405944824219,418.1957702636719,64.14700317382812,120.81982421875,25.03907585144043,158.51361083984375,521.3225708007812,177.47999572753906,469.7209777832031,64.66964721679688,105.58529663085938
2024-06-10,191.46145629882812,160.33999633789062,187.05999755859375,38.092430114746094,839.2521362304688,238.65208435058594,145.2214813232422,100.70333862304688,173.7746124267578,437.38482666015625,318.69158935546875,30.71515464782715,139.81353759765625,191.3639373779297,60.003910064697266,499.2157287597656,422.1621398925781,64.44999694824219,121.7213134765625,24.59226417541504,158.7887725830078,522.9332885742188,173.7899932861328,473.8467712402344,65.72981262207031,105.89432525634766
2024-06-11,205.3709716796875,158.9600067138672,187.22999572753906,37.31464767456055,840.2117919921875,237.81332397460938,144.9898681640625,98.87040710449219,175.37322998046875,428.43560791015625,321.71978759765625,30.7250919342041,139.46192932128906,186.330810546875,59.96615982055664,504.0528869628906,426.907958984375,64.8550033569336,120.85173797607422,24.557220458984375,158.91209411621094,524.1927490234375,170.66000366210938,475.0146179199219,65.50405883789062,105.04216003417969
2024-06-12,211.2401580810547,160.24000549316406,186.88999938964844,37.8427734375,838.7279052734375,232.6917266845703,142.88668823242188,98.80178833007812,176.53500366210938,432.70770263671875,329.7886962890625,30.56610107421875,138.1790771484375,183.61770629882812,59.33395004272461,505.4136962890625,435.1761779785156,65.00599670410156,125.13965606689453,24.233060836791992,156.72976684570312,528.4979248046875,177.2899932861328,471.999267578125,65.09175109863281,103.88095092773438
2024-06-13,212.4001007080078,159.89999389648438,183.8300018310547,37.69873809814453,836.8976440429688,226.01095581054688,141.60809326171875,98.10586547851562,173.923583984375,430.4414978027344,333.3726806640625,30.26799201965332,138.21710205078125,185.6597442626953,59.437747955322266,500.70562744140625,435.689208984375,65.32599639892578,129.5475311279297,24.224300384521484,157.8968505859375,529.5621337890625,182.47000122070312,476.0484924316406,65.4745864868164,103.0475082397461
2024-06-14,210.66513061523438,159.6300048828125,183.66000366210938,37.679542541503906,846.503662109375,228.8826141357422,141.35794067382812,97.98824310302734,175.5420379638672,430.5475769042969,332.37603759765625,30.258056640625,138.30259704589844,185.7747802734375,59.48052978515625,501.26239013671875,436.6660461425781,66.93800354003906,131.8164520263672,24.119169235229492,158.25743103027344,529.8843383789062,178.00999450683594,475.8761901855469,65.7887191772461,102.17660522460938
2024-06-17,214.80921936035156,158.39999389648438,184.05999755859375,37.93879318237305,858.612548828125,227.4418487548828,141.93235778808594,99.50752258300781,175.9888916015625,434.135009765625,334.9251708984375,30.784713745117188,138.69223022460938,186.92520141601562,59.54710388183594,503.71820068359375,442.3886413574219,67.58300018310547,130.91688537597656,23.637310028076172,158.9311065673828,534.1015014648438,187.44000244140625,470.31011962890625,66.18136596679688,101.47425842285156
2024-06-18,212.44967651367188,154.6300048828125,182.80999755859375,38.39971160888672,861.4221801757812,228.75433349609375,142.06207275390625,99.48792266845703,173.8540496826172,441.1265563964844,339.1128845214844,30.436920166015625,138.40713500976562,188.86175537109375,59.55660629272461,496.6192321777344,440.3857116699219,68.56700134277344,135.51466369628906,24.014034271240234,159.93687438964844,535.4586181640625,184.86000061035156,462.44647216796875,66.3580551147461,102.429443359375
2024-06-20,207.87925720214844,161.77999877929688,186.10000610351562,38.39971160888672,853.2010498046875,238.61260986328125,145.1288299560547,99.82117462158203,175.05551147460938,441.7244567871094,338.7008361816406,30.426984786987305,140.43121337890625,190.46275329589844,59.12868881225586,498.8164978027344,439.7543029785156,67.90299987792969,130.71697998046875,24.30314826965332,159.09239196777344,534.0040283203125,181.57000732421875,465.7822570800781,66.76052856445312,104.63948059082031
2024-06-21,205.7080841064453,161.22999572753906,189.0800018310547,37.919593811035156,839.2224731445312,241.82965087890625,143.8687744140625,100.2426528930664,178.3620147705078,434.135009765625,340.96240234375,30.894020080566406,141.35299682617188,188.190673828125,59.68973922729492,491.936279296875,443.77984619140625,68.61199951171875,126.50900268554688,24.30314826965332,159.6522216796875,533.2879638671875,183.00999450683594,463.9268798828125,66.66236877441406,103.72175598144531
2024-06-24,206.35247802734375,160.25,185.57000732421875,38.42851638793945,839.0740356445312,236.7771453857422,147.6026153564453,99.95841217041016,177.95489501953125,445.6204833984375,336.24761962890625,30.37729835510254,141.70457458496094,190.6641082763672,60.830848693847656,496.0425109863281,441.697998046875,66.9020004272461,118.05308532714844,24.84633445739746,159.83248901367188,531.5545654296875,182.5800018310547,471.0310974121094,67.63418579101562,106.80268859863281
2024-06-25,207.27452087402344,160.25,186.33999633789062,37.813968658447266,846.3453369140625,238.5731201171875,146.81509399414062,100.17403411865234,182.73094177246094,441.0783386230469,324.21136474609375,30.546226501464844,139.87057495117188,189.88755798339844,60.70723342895508,507.6653747558594,444.9342041015625,67.24099731445312,126.02922821044922,24.522174835205078,158.31436157226562,533.6014404296875,187.35000610351562,465.7630615234375,66.18136596679688,107.10235595703125
2024-06-26,211.41859436035156,157.5399932861328,193.61000061035156,37.44908142089844,847.6611938476562,239.94483947753906,144.48953247070312,100.15443420410156,182.58201599121094,439.612548828125,327.5653991699219,30.347488403320312,139.51895141601562,189.27398681640625,60.906925201416016,510.1708679199219,446.1280517578125,67.76899719238281,126.3390884399414,24.022794723510742,158.8836669921875,534.2674560546875,196.3699951171875,465.3208312988281,67.03538513183594,107.13981628417969
2024-06-27,212.2612762451172,159.47000122070312,197.85000610351562,37.68912887573242,841.5076904296875,249.51699829101562,144.8323516845703,100.14463806152344,184.10121154785156,430.06536865234375,327.2491760253906,30.397172927856445,138.54966735839844,190.94212341308594,60.77379608154297,516.5738525390625,446.80889892578125,68.43399810791016,123.93025207519531,24.355716705322266,158.09613037109375,535.1096801757812,197.4199981689453,467.6280212402344,66.63291931152344,107.59867095947266
2024-06-28,208.81117248535156,162.2100067138672,193.25,38.188453674316406,840.884521484375,253.7109375,144.92498779296875,97.32173156738281,180.86419677734375,436.19873046875,329.884521484375,30.774776458740234,138.8917999267578,193.90444946289062,60.52655792236328,501.3219909667969,440.98760986328125,67.48799896240234,123.48046875,24.513416290283203,156.48309326171875,533.00390625,197.8800048828125,489.5655212402344,66.4660415649414,107.80469512939453
2024-07-01,214.88851928710938,157.69000244140625,197.1999969482422,38.418907165527344,836.6107788085938,252.83267211914062,145.01766967773438,96.09650421142578,181.6982879638672,447.1345520019531,322.170166015625,30.645597457885742,139.15786743164062,196.9626922607422,60.174713134765625,501.77935791015625,450.63714599609375,67.36100006103516,124.24010467529297,24.72368049621582,154.39564514160156,534.1009521484375,209.86000061035156,475.5205078125,66.24027252197266,107.65486907958984
2024-07-02,218.37832641601562,164.30999755859375,200.0,39.302330017089844,850.154052734375,252.8129425048828,145.23074340820312,96.04750061035156,183.93240356445312,449.0150451660156,321.00103759765625,30.874147415161133,138.7682342529297,200.20303344726562,60.05109405517578,506.5716857910156,453.1531066894531,67.95800018310547,122.61089324951172,24.381999969482422,155.51528930664062,537.6953735351562,231.25999450683594,478.97161865234375,66.81942749023438,106.92443084716797
2024-07-03,219.64730834960938,163.89999389648438,197.58999633789062,39.273521423339844,853.4187622070312,257.51019287109375,145.19369506835938,96.65519714355469,184.50830078125,451.24267578125,319.7265319824219,31.033138275146484,138.4451446533203,200.06883239746094,60.22226333618164,507.029052734375,454.6231689453125,68.2509994506836,128.21817016601562,24.268108367919922,155.44883728027344,540.0948486328125,246.38999938964844,470.9446105957031,66.98628997802734,107.46758270263672
2024-07-05,224.3961639404297,171.89999389648438,200.0,38.803009033203125,876.1821899414062,259.72064208984375,142.97006225585938,96.04750061035156,189.2545623779297,448.1856994628906,320.6272888183594,31.818159103393555,139.19586181640625,197.41781616210938,60.63115692138672,536.8068237304688,461.3226318359375,69.06500244140625,125.76936340332031,24.57474136352539,156.75827026367188,543.2092895507812,251.52000427246094,469.13726806640625,68.75323486328125,106.16590881347656
2024-07-08,225.86346435546875,178.69000244140625,199.2899932861328,39.00465393066406,871.4039916992188,253.9773712158203,142.98858642578125,95.88009643554688,187.6956329345703,448.253173828125,325.4380187988281,33.77574157714844,138.24557495117188,197.78414916992188,59.87041473388672,526.2777709960938,460.0202331542969,68.5739974975586,128.13818359375,24.4696102142334,158.001220703125,543.8361206054688,252.94000244140625,470.4158630371094,68.39984893798828,105.051513671875
2024-07-09,226.71607971191406,177.10000610351562,199.33999633789062,39.77283477783203,877.349609375,249.49026489257812,141.73779296875,95.56500244140625,187.64598083496094,455.97772216796875,323.03265380859375,34.3719596862793,139.7375030517578,200.1555938720703,59.6136589050293,526.9539184570312,453.40966796875,68.5739974975586,131.3166961669922,24.285627365112305,157.18524169921875,544.3649291992188,262.3299865722656,473.0787353515625,68.61581420898438,103.89031982421875
2024-07-10,230.97915649414062,183.9600067138672,199.7899932861328,40.080116271972656,874.8367919921875,249.6483917236328,143.72979736328125,95.48622131347656,189.8304443359375,461.82171630859375,329.82696533203125,34.65019226074219,141.99917602539062,200.31948852539062,59.746795654296875,531.6168823242188,460.0301818847656,67.76499938964844,134.84500122070312,24.837575912475586,158.26693725585938,549.7515869140625,263.260009765625,481.5576477050781,69.11643981933594,104.80803680419922
2024-07-11,225.61561584472656,181.94000244140625,195.0500030517578,40.1473388671875,837.52099609375,248.19552612304688,143.85025024414062,95.12187957763672,184.2600860595703,462.14959716796875,339.0362243652344,33.2888298034668,142.2557373046875,199.98207092285156,60.003543853759766,509.7532958984375,448.6342468261719,65.2750015258789,127.33860778808594,25.109167098999023,157.0713653564453,545.01123046875,241.02999877929688,484.85498046875,68.51763916015625,106.05352783203125
2024-07-12,228.56011962890625,181.61000061035156,194.49000549316406,39.93607711791992,833.8705444335938,251.01234436035156,144.15599060058594,95.64376831054688,183.76361083984375,462.77642822265625,344.7668151855469,34.27259063720703,142.4268035888672,197.56243896484375,60.574100494384766,496.00274658203125,447.4995422363281,64.76000213623047,129.17774963378906,25.336952209472656,158.08665466308594,548.448974609375,248.22999572753906,491.7477111816406,67.96793365478516,106.0722427368164
2024-07-15,232.386962890625,179.8300018310547,192.72000122070312,40.22414779663086,839.6378784179688,249.91525268554688,146.42596435546875,95.38775634765625,185.2133026123047,474.686279296875,343.5114440917969,34.242774963378906,141.81863403320312,202.48846435546875,60.29833221435547,493.3083190917969,447.904052734375,65.6449966430664,128.3780975341797,25.494651794433594,156.16046142578125,549.957275390625,252.63999938964844,495.4392395019531,68.33113098144531,107.88898468017578
2024-07-16,232.8033447265625,177.5500030517578,193.02000427246094,42.37506866455078,841.6561889648438,253.04833984375,146.17579650878906,96.96327209472656,182.6217041015625,485.0917053222656,353.72686767578125,34.12353515625,143.5006103515625,205.929931640625,61.116127014160156,486.9750061035156,443.5233154296875,65.63200378417969,126.2990951538086,25.8450927734375,158.4092254638672,553.2186279296875,256.55999755859375,527.6436767578125,68.70413208007812,108.66622924804688
2024-07-17,226.91439819335938,159.42999267578125,187.92999267578125,42.23103713989258,837.2142944335938,248.29434204101562,149.3815155029297,95.82101440429688,179.74220275878906,484.2816467285156,356.3814392089844,34.242774963378906,148.79360961914062,209.0629425048828,62.010005950927734,459.3346862792969,437.6033630371094,64.74600219726562,117.9331283569336,26.309431076049805,160.77188110351562,545.4618530273438,248.5,551.1096801757812,69.72503662109375,110.1645736694336
2024-07-18,222.25473022460938,155.77000427246094,183.75,41.29961013793945,830.3782958984375,244.46945190429688,150.067138671875,95.3089828491211,176.43568420410156,468.8808288574219,350.813720703125,34.65019226074219,147.69129943847656,202.42098999023438,61.9909782409668,473.1151123046875,434.495361328125,64.30400085449219,121.03164672851562,26.029075622558594,159.82302856445312,541.27001953125,249.22999572753906,542.5154418945312,69.51890563964844,111.25084686279297
2024-07-19,222.38360595703125,151.5800018310547,183.1300048828125,41.19398498535156,829.1514892578125,244.74618530273438,147.45436096191406,94.2750473022461,176.40589904785156,467.6464538574219,348.2071533203125,32.7721061706543,146.9976043701172,202.22817993164062,62.08607482910156,474.0497131347656,431.2787780761719,63.33399963378906,117.87317657470703,26.25686264038086,160.32606506347656,537.67578125,239.1999969482422,543.4671630859375,69.45018768310547,108.69432067871094
2024-07-22,222.03663635253906,155.8699951171875,182.5500030517578,40.61783981323242,838.342041015625,251.12103271484375,145.45310974121094,92.6896743774414,180.38760375976562,469.68121337890625,348.1016845703125,33.15964889526367,146.56997680664062,202.710205078125,61.59159469604492,484.59869384765625,437.0310974121094,64.75,123.48046875,25.93270492553711,160.60287475585938,543.218994140625,251.50999450683594,536.9300537109375,69.08699035644531,107.9451675415039
2024-07-23,223.0775909423828,154.0,186.41000366210938,40.72347640991211,842.9817504882812,253.0780029296875,142.76622009277344,89.5484848022461,180.50674438476562,474.6091003417969,344.6231384277344,32.7422981262207,144.7739715576172,202.7584228515625,61.77226638793945,485.8813171386719,438.9156494140625,64.2760009765625,122.53092193603516,25.8450927734375,159.04696655273438,542.3670654296875,246.3800048828125,533.2482299804688,69.3520278930664,106.20336151123047
2024-07-24,216.6631622314453,144.6300048828125,180.8300018310547,40.51221466064453,821.9198608398438,246.87112426757812,143.67420959472656,88.42593383789062,171.4114227294922,469.35333251953125,335.7013244628906,31.50017547607422,148.50852966308594,201.0810089111328,62.580570220947266,458.6188659667969,423.17840576171875,63.5989990234375,114.1949462890625,26.265621185302734,160.36424255371094,530.0755615234375,215.99000549316406,538.1029052734375,69.30294799804688,107.7016830444336
2024-07-25,215.62217712402344,138.32000732421875,179.85000610351562,40.022499084472656,807.2091674804688,253.5326385498047,145.96267700195312,87.84496307373047,166.0991668701172,474.1847839355469,338.5570373535156,30.90395736694336,151.70144653320312,201.1581573486328,62.82780075073242,450.80401611328125,412.8184509277344,63.409000396728516,112.22588348388672,26.44084930419922,159.3142547607422,527.313720703125,220.25,538.03564453125,68.73358917236328,109.96790313720703
2024-07-26,216.088134765625,139.99000549316406,182.5,40.012901306152344,809.992919921875,259.6505126953125,146.2406463623047,88.55393981933594,165.82115173339844,481.24395751953125,344.5177001953125,31.152381896972656,152.65171813964844,204.59962463378906,63.759708404541016,463.0234375,419.5968017578125,63.137001037597656,113.00550842285156,27.338197708129883,161.42379760742188,533.219482421875,219.8000030517578,547.6873168945312,68.49800109863281,109.87425994873047
2024-07-29,216.3657684326172,139.75,183.1999969482422,39.45596694946289,807.971923828125,255.57852172851562,145.09178161621094,90.7301254272461,168.3332977294922,475.1588134765625,346.587646484375,30.63566017150879,150.67515563964844,203.2596893310547,63.55051040649414,463.0333557128906,421.03729248046875,62.69599914550781,111.53621673583984,27.293773651123047,162.20651245117188,533.5328369140625,232.10000610351562,544.832275390625,68.34095001220703,108.72241973876953
2024-07-30,216.9209442138672,138.44000244140625,181.7100067138672,39.63841247558594,802.493408203125,254.9262237548828,147.843505859375,92.3548812866211,169.08790588378906,487.647216796875,348.52337646484375,29.94007110595703,153.30740356445312,207.4434356689453,64.35879516601562,460.52783203125,417.2781677246094,62.257999420166016,103.68001556396484,27.88905143737793,154.3505859375,530.829833984375,222.6199951171875,554.041748046875,67.91883850097656,110.660888671875
2024-07-31,220.1727752685547,144.47999572753906,186.97999572753906,38.70698547363281,814.35205078125,255.7860870361328,148.6773681640625,92.25640869140625,170.3291015625,490.8874816894531,352.8069152832031,30.546226501464844,150.00045776367188,205.1394805908203,63.46492385864258,472.1009521484375,412.76910400390625,62.834999084472656,116.9636001586914,27.133852005004883,153.4532928466797,539.4581298828125,232.07000732421875,553.878173828125,67.37893676757812,111.05419158935547
2024-08-01,216.48471069335938,132.5399932861328,184.07000732421875,37.92919158935547,809.2896728515625,250.11293029785156,141.40423583984375,91.62620544433594,169.5546112060547,482.2950439453125,343.62646484375,28.866878509521484,152.76573181152344,200.47372436523438,64.62505340576172,494.8792419433594,411.545654296875,62.48500061035156,109.15736389160156,27.231582641601562,158.1592254638672,531.8189697265625,216.86000061035156,550.619384765625,68.50782775878906,109.51841735839844
2024-08-02,217.97186279296875,132.5,167.89999389648438,36.085548400878906,814.4312744140625,241.12876892089844,137.6333465576172,88.1994400024414,165.48355102539062,453.86578369140625,340.60784912109375,21.3445987701416,155.97767639160156,191.97122192382812,65.9278335571289,485.3344421386719,403.0406494140625,61.36399841308594,107.21829986572266,27.03611946105957,162.34971618652344,521.9172973632812,207.6699981689453,567.0197143554688,67.20225524902344,109.4528579711914
2024-08-05,207.4727783203125,134.82000732421875,161.02000427246094,35.192535400390625,794.3697509765625,236.22654724121094,134.02923583984375,86.43683624267578,158.12586975097656,442.659912109375,335.41387939453125,19.983234405517578,153.23138427734375,187.8838653564453,64.7581787109375,472.9957580566406,389.87860107421875,59.85499954223633,100.4015884399414,26.423076629638672,160.42152404785156,506.71722412109375,198.8800048828125,547.9180908203125,66.34825134277344,107.47693634033203
2024-08-06,205.4502716064453,130.17999267578125,161.92999267578125,35.4517936706543,809.2796630859375,235.64340209960938,132.7042999267578,88.59333038330078,157.17262268066406,453.46075439453125,339.1512145996094,19.704999923706055,151.06475830078125,193.12802124023438,64.71064758300781,491.250244140625,394.2790832519531,60.957000732421875,104.19976806640625,26.049917221069336,160.45018005371094,511.3888854980469,200.63999938964844,546.3703002929688,66.49549102783203,106.90570068359375
2024-08-07,208.01806640625,128.6699981689453,162.77000427246094,35.81668472290039,802.7608642578125,237.24456787109375,131.94459533691406,84.64468383789062,157.8180389404297,456.15130615234375,328.1212463378906,18.989999771118164,150.99822998046875,193.18585205078125,65.10051727294922,486.1100158691406,393.1148376464844,61.14799880981445,98.86233520507812,25.632339477539062,162.29246520996094,507.97076416015625,191.75999450683594,544.1881103515625,65.68073272705078,108.3291244506836
2024-08-08,211.4780731201172,136.32000732421875,165.8000030517578,36.69049072265625,831.6199340820312,246.21881103515625,133.87173461914062,84.64468383789062,160.88624572753906,468.4564514160156,333.8135070800781,20.489999771118164,152.2526092529297,196.71409606933594,65.3572769165039,506.700927734375,397.3180236816406,63.03499984741211,104.91940307617188,25.55237579345703,163.10382080078125,519.7137451171875,198.83999633789062,544.3419189453125,66.41696166992188,110.398681640625
2024-08-09,214.3829345703125,134.27000427246094,166.94000244140625,36.75770950317383,846.9756469726562,249.58908081054688,134.33499145507812,84.89086151123047,162.51466369628906,472.78643798828125,334.10101318359375,19.709999084472656,152.6326904296875,198.39146423339844,65.30972290039062,514.794189453125,400.6036071777344,63.39400100708008,104.69952392578125,25.365795135498047,162.78880310058594,522.0054321289062,200.0,537.151123046875,66.70162963867188,111.29768371582031
2024-08-12,215.91146850585938,136.77000427246094,166.8000030517578,36.65208435058594,855.5352783203125,248.38330078125,134.36276245117188,84.63483428955078,161.14437866210938,468.19610595703125,331.3890075683594,19.360000610351562,151.92950439453125,198.76742553710938,64.82475280761719,512.9845581054688,401.383056640625,63.31399917602539,108.96746063232422,25.276948928833008,159.2283172607422,522.2797241210938,197.49000549316406,543.4285278320312,67.43783569335938,111.43814849853516
2024-08-13,219.62362670898438,141.1300048828125,170.22999572753906,36.930545806884766,856.7736206054688,251.635009765625,133.5566864013672,84.29019165039062,163.00120544433594,474.4065856933594,335.47137451171875,20.469999313354492,150.51361083984375,200.45443725585938,65.10051727294922,525.502197265625,408.4870300292969,64.802001953125,116.08402252197266,25.632339477539062,159.68653869628906,530.8689575195312,207.8300018310547,552.0325317382812,66.8783187866211,110.37059020996094
2024-08-14,220.0703125,140.75,170.10000610351562,37.26663589477539,854.683349609375,252.3466033935547,134.0384521484375,84.97948455810547,159.23794555664062,480.9256896972656,340.8282470703125,19.920000076293945,150.59912109375,202.67166137695312,65.21463775634766,523.7324829101562,411.29901123046875,66.16799926757812,118.02308654785156,25.65899085998535,161.1278839111328,532.5436401367188,201.3800048828125,557.2525634765625,67.3985824584961,111.39131164550781
2024-08-15,223.04795837402344,147.36000061035156,177.58999633789062,37.477882385253906,869.1870727539062,259.7296142578125,136.01194763183594,87.43138122558594,160.161376953125,481.2342224121094,345.05438232421875,20.690000534057617,151.17880249023438,203.93447875976562,65.28120422363281,534.2417602539062,416.162109375,66.3219985961914,122.80079650878906,25.507953643798828,160.28787231445312,541.671630859375,214.13999938964844,557.19482421875,71.8355484008789,112.08043670654297
2024-08-16,224.3680877685547,148.55999755859375,177.05999755859375,37.77555847167969,862.489990234375,259.84820556640625,136.44741821289062,87.93357849121094,161.80966186523438,486.2874755859375,346.9613342285156,20.8700008392334,151.46385192871094,206.26736450195312,65.78518676757812,524.388671875,413.6317138671875,67.40699768066406,124.51995086669922,25.1436767578125,160.25924682617188,542.8861083984375,216.1199951171875,555.3395385742188,72.30609893798828,111.55179595947266
2024-08-19,224.2092742919922,155.27999877929688,178.22000122070312,38.092430114746094,864.2335815429688,262.2894287109375,137.5623016357422,89.43031311035156,165.49346923828125,486.6925048828125,347.9292297363281,21.520000457763672,151.69192504882812,207.69407653808594,65.59500122070312,526.2380981445312,416.6563720703125,68.85299682617188,129.93734741210938,25.587913513183594,160.76515197753906,548.0767822265625,222.72000122070312,556.39697265625,72.57189178466797,111.89163970947266
2024-08-20,224.8246612548828,156.39999389648438,178.8800048828125,37.15140151977539,868.0477905273438,258.7906494140625,135.55738830566406,88.36685180664062,165.99986267089844,479.6141357421875,351.9540710449219,20.989999771118164,152.1956024169922,206.7975616455078,65.9753646850586,523.70263671875,419.8885192871094,69.85399627685547,127.18867492675781,25.676761627197266,162.6647186279297,547.1856079101562,221.10000610351562,558.1947021484375,73.3791275024414,108.1628646850586
2024-08-21,224.71546936035156,157.80999755859375,180.11000061035156,37.20901870727539,873.21923828125,258.0494384765625,136.14761352539062,89.33185577392578,164.6792755126953,478.7655334472656,355.01104736328125,21.40999984741211,153.4024200439453,206.87466430664062,66.15605163574219,532.0841064453125,419.23614501953125,69.71199798583984,128.4380645751953,25.792261123657227,162.42608642578125,549.0661010742188,223.27000427246094,555.7144775390625,74.0682144165039,107.47374725341797
2024-08-22,222.85939025878906,151.6999969482422,176.1300048828125,37.679542541503906,869.3950805664062,255.57852172851562,136.53173828125,88.5440902709961,162.6437530517578,480.009521484375,350.12371826171875,20.100000381469727,154.27667236328125,208.8316192626953,65.9278335571289,528.872802734375,410.7454528808594,68.89600372314453,123.68036651611328,25.570146560668945,162.41653442382812,544.7567138671875,210.66000366210938,556.3392333984375,74.40292358398438,108.3044662475586
2024-08-23,225.15220642089844,154.97999572753906,177.0399932861328,38.188453674316406,871.02978515625,260.9255065917969,138.30242919921875,89.17430114746094,164.45089721679688,491.26361083984375,359.9270935058594,20.540000915527344,155.96817016601562,210.4511260986328,66.3652572631836,524.9653930664062,411.9711608886719,68.6729965209961,129.30763244628906,25.676761627197266,161.48106384277344,550.544921875,220.32000732421875,561.9053344726562,74.52104949951172,109.80541229248047
2024-08-26,225.48963928222656,149.99000549316406,175.5,38.33248519897461,884.2061157226562,262.1905822753906,139.12689208984375,90.3756332397461,164.98709106445312,489.7688293457031,358.50885009765625,20.1299991607666,156.42430114746094,211.28016662597656,67.36372375488281,518.1249389648438,408.7093200683594,68.84400177001953,126.39905548095703,25.694530487060547,162.60743713378906,549.2324829101562,213.2100067138672,564.424072265625,74.8459243774414,112.15595245361328
2024-08-27,226.33334350585938,150.5,173.1199951171875,38.092430114746094,900.4435424804688,261.12322998046875,137.6747283935547,89.50909423828125,163.5175323486328,489.1805419921875,357.61761474609375,20.06999969482422,156.0221405029297,212.25379943847656,67.99134063720703,516.1163940429688,409.05523681640625,69.5719985961914,128.23817443847656,25.605682373046875,161.55743408203125,549.9866943359375,209.2100067138672,564.635498046875,74.9443588256836,111.08924102783203
2024-08-28,224.80479431152344,146.36000061035156,170.8000030517578,38.36129379272461,879.7874755859375,255.88491821289062,136.78469848632812,88.12067413330078,161.70045471191406,485.390625,357.1480407714844,19.610000610351562,156.95091247558594,213.32382202148438,68.22907257080078,513.809814453125,405.85272216796875,68.38400268554688,125.54946899414062,25.54349136352539,161.37606811523438,546.7938842773438,205.75,565.7794799804688,74.8951416015625,109.99420166015625
2024-08-29,228.0802459716797,145.49000549316406,172.1199951171875,38.57255172729492,878.3807983398438,254.0169219970703,138.11505126953125,88.4357681274414,160.63800048828125,491.91937255859375,353.88934326171875,20.1299991607666,157.24771118164062,214.21075439453125,68.51435852050781,515.2415161132812,408.34356689453125,69.24800109863281,117.5333251953125,25.516836166381836,162.30198669433594,546.8427124023438,206.27999877929688,568.6924438476562,75.22984313964844,111.5140380859375
2024-08-30,227.29612731933594,148.55999755859375,178.5,39.12948989868164,884.0772705078125,249.95477294921875,138.6116180419922,88.99705505371094,162.22671508789062,494.9750671386719,355.27764892578125,22.040000915527344,158.80844116210938,216.70750427246094,68.91374969482422,518.3138427734375,412.3171081542969,70.13500213623047,119.31246948242188,25.774494171142578,163.74334716796875,552.0629272460938,214.11000061035156,567.3753051757812,76.02722930908203,111.33468627929688
2024-09-03,221.1125030517578,136.94000244140625,176.25,39.08147430419922,870.3956909179688,245.17117309570312,135.52926635742188,87.76618194580078,156.24920654296875,472.8672790527344,351.6525573730469,20.100000381469727,160.0531768798828,212.36949157714844,69.42724609375,508.8186950683594,404.7060852050781,67.53199768066406,107.94794464111328,25.1436767578125,166.58790588378906,540.7020263671875,210.60000610351562,575.5274658203125,75.96817016601562,109.00302124023438
2024-09-04,219.20675659179688,140.8699951171875,173.3300018310547,38.88943099975586,881.7391357421875,244.79559326171875,133.10276794433594,87.88434600830078,155.3456268310547,475.9521179199219,351.5851135253906,19.43000030517578,160.24465942382812,211.4344024658203,68.99932861328125,509.79302978515625,404.1723327636719,67.96800231933594,106.15880584716797,25.22364044189453,167.90518188476562,539.5953369140625,219.41000366210938,580.8146362304688,76.03707122802734,107.67198181152344
2024-09-05,220.7253875732422,139.44000244140625,177.88999938964844,38.54374313354492,877.73681640625,243.25372314453125,132.03469848632812,87.29353332519531,156.13006591796875,473.27471923828125,348.86627197265625,19.399999618530273,157.9754180908203,209.79562377929688,67.67752075195312,513.8893432617188,403.6682434082031,68.36199951171875,107.15833282470703,25.330257415771484,167.49473571777344,538.2828979492188,230.1699981689453,572.4607543945312,75.76143646240234,106.83181762695312
2024-09-06,219.17701721191406,134.35000610351562,171.38999938964844,37.46126937866211,868.5232543945312,241.12876892089844,129.81430053710938,86.59439086914062,149.8546600341797,465.2522888183594,347.130859375,18.889999389648438,157.391357421875,204.8117218017578,67.64900970458984,497.39471435546875,397.0556335449219,66.5770034790039,102.78044891357422,25.374683380126953,167.60926818847656,529.2235717773438,210.72999572753906,573.7969360351562,75.4464111328125,106.33150482177734
2024-09-09,219.26632690429688,138.14999389648438,175.39999389648438,38.147483825683594,888.1489868164062,242.89793395996094,131.44447326660156,86.98826599121094,147.85621643066406,473.9440612792969,352.4045715332031,19.06999969482422,159.52655029296875,209.00511169433594,68.32415771484375,501.8887634277344,401.0290832519531,67.54199981689453,106.41868591308594,26.129880905151367,168.05789184570312,535.1488647460938,216.27000427246094,571.1244506835938,76.1355209350586,108.56876373291016
2024-09-10,218.47225952148438,142.83999633789062,179.5500030517578,37.96384811401367,885.969482421875,243.2932891845703,129.50511169433594,87.04734802246094,147.80648803710938,453.1459045410156,357.5626220703125,18.979999542236328,160.26382446289062,198.1601104736328,68.03888702392578,501.8887634277344,409.4111022949219,67.36199951171875,108.04789733886719,26.423076629638672,169.70928955078125,537.4797973632812,226.1699981689453,575.8639526367188,77.58263397216797,104.61344909667969
2024-09-11,221.0032958984375,149.86000061035156,184.52000427246094,37.69322967529297,892.0226440429688,246.66357421875,129.17724609375,86.96857452392578,150.2921142578125,457.06494140625,357.19622802734375,19.639999389648438,157.81265258789062,199.7699737548828,67.5919418334961,508.8882751464844,418.1488952636719,68.14700317382812,116.8536605834961,26.351999282836914,166.0151824951172,542.9937744140625,228.1300048828125,566.9427490234375,77.6121597290039,103.57504272460938
2024-09-12,221.1125030517578,150.77000427246094,187.0,37.480594635009766,906.5165405273438,250.41929626464844,130.42327880859375,87.93357849121094,153.80186462402344,459.8684387207031,360.994873046875,19.360000610351562,157.6403045654297,199.16268920898438,67.73458862304688,522.5791015625,422.0630798339844,68.68000030517578,119.0927734375,25.90776252746582,165.58563232421875,547.5675048828125,229.80999755859375,565.6642456054688,78.41938018798828,105.00048065185547
2024-09-13,220.844482421875,152.30999755859375,186.49000549316406,37.35496139526367,907.4774780273438,251.60536193847656,131.73489379882812,89.1644515991211,156.5559844970703,464.65081787109375,366.3553771972656,19.65999984741211,158.48289489746094,196.9647674560547,68.37129211425781,521.6046752929688,425.611572265625,69.70600128173828,119.05278778076172,26.005495071411133,166.16790771484375,550.4274291992188,230.2899932861328,571.3359985351562,79.3447494506836,104.9249496459961
2024-09-16,214.71046447753906,152.0800018310547,184.88999938964844,37.789878845214844,899.4230346679688,253.9180908203125,133.12147521972656,90.44456481933594,157.1525421142578,470.63616943359375,368.3028869628906,20.90999984741211,159.89039611816406,200.3773193359375,69.03193664550781,530.7208251953125,426.3529052734375,69.6500015258789,116.73371124267578,26.716270446777344,169.1842803955078,551.240234375,226.77999877929688,568.3646240234375,79.30535888671875,106.39759826660156
2024-09-17,215.17697143554688,150.82000732421875,186.8800048828125,38.22480010986328,888.9217529296875,252.21812438964844,134.35818481445312,91.4391098022461,158.40528869628906,470.8592529296875,369.48876953125,21.469999313354492,159.9669952392578,201.71726989746094,68.74469757080078,533.7462158203125,430.11883544921875,70.69100189208984,115.54417419433594,26.503036499023438,167.8861083984375,551.4655151367188,227.8699951171875,557.578857421875,77.37589263916016,107.78526306152344
2024-09-18,219.04795837402344,148.2899932861328,186.42999267578125,38.292457580566406,884.216064453125,249.8819580078125,134.8734588623047,92.14808654785156,158.8924560546875,470.073486328125,370.23114013671875,20.770000457763672,159.0861053466797,200.0592041015625,68.69682312011719,535.3683471679688,425.8290710449219,69.0469970703125,113.32505798339844,26.431961059570312,166.0151824951172,549.8300170898438,227.1999969482422,560.1740112304688,77.79918670654297,108.1628646850586
2024-09-19,227.16708374023438,156.74000549316406,189.8699951171875,39.50056838989258,892.359375,263.3050537109375,135.83843994140625,92.02008056640625,161.20907592773438,488.7472229003906,376.3340148925781,21.139999389648438,157.81265258789062,202.9029998779297,67.61490631103516,556.4168701171875,433.6179504394531,70.43199920654297,117.82327270507812,26.351999282836914,163.74334716796875,559.2125244140625,243.9199981689453,556.72021484375,76.82461547851562,109.50333404541016
2024-09-20,226.50204467773438,155.9499969482422,191.60000610351562,38.920677185058594,898.5413818359375,264.10687255859375,136.48489379882812,92.31549072265625,162.65078735351562,483.5089111328125,375.8711853027344,21.84000015258789,157.1807098388672,203.49102783203125,68.59151458740234,558.6560668945312,430.23748779296875,70.10299682617188,115.95401763916016,26.138765335083008,166.3015594482422,558.2457885742188,238.25,554.7232666015625,77.82872772216797,108.81421661376953
2024-09-23,224.78494262695312,156.75,193.8800048828125,38.53407669067383,908.5474243164062,261.54302978515625,138.22747802734375,91.54743194580078,160.9207763671875,482.5194396972656,377.8958435058594,22.559999465942383,156.28065490722656,203.8284454345703,68.67768096923828,561.701416015625,428.4978332519531,70.53700256347656,116.21391296386719,26.041034698486328,165.8719940185547,559.640869140625,250.0,553.189208984375,79.07894897460938,110.78715515136719
2024-09-24,225.67825317382812,158.32000732421875,193.9600067138672,38.128150939941406,893.1519165039062,267.71014404296875,138.14315795898438,92.25640869140625,161.35821533203125,483.11114501953125,386.28375244140625,22.809999465942383,155.859375,203.97303771972656,68.29469299316406,560.626708984375,424.2080078125,72.22599792480469,120.82209014892578,26.209842681884766,165.3660888671875,561.2421264648438,254.27000427246094,554.906494140625,79.41365814208984,110.4945297241211
2024-09-25,224.68569946289062,162.02000427246094,192.52999877929688,37.934852600097656,899.9680786132812,271.3233337402344,134.88282775878906,92.4828872680664,160.5628204345703,476.4371337890625,382.68756103515625,23.540000915527344,153.77206420898438,202.62342834472656,68.40958404541016,565.5826416015625,427.1139831542969,72.15599822998047,123.4610366821289,25.703411102294922,164.43060302734375,560.0043334960938,257.0199890136719,555.9869995117188,80.13229370117188,108.34221649169922
2024-09-26,225.82713317871094,167.49000549316406,191.16000366210938,38.19580841064453,893.052978515625,272.9764709472656,133.02780151367188,93.74330139160156,161.7957000732422,482.0440979003906,382.4657897949219,23.920000076293945,154.52845764160156,202.22817993164062,68.3617172241211,565.1150512695312,426.3232116699219,71.14299774169922,123.9908218383789,25.73895263671875,165.33746337890625,562.2245483398438,254.22000122070312,554.5398559570312,78.67534637451172,106.48255157470703
2024-09-27,226.09512329101562,164.35000610351562,187.97000122070312,38.079830169677734,877.3800659179688,273.8475341796875,136.306884765625,94.5409164428711,163.00869750976562,483.5865173339844,385.19427490234375,23.90999984741211,154.5380401611328,202.9222869873047,68.73512268066406,564.6372680664062,423.0712890625,70.73500061035156,121.35187530517578,25.845569610595703,165.6619873046875,561.4090576171875,260.4599914550781,561.3316650390625,78.53751373291016,109.33340454101562
2024-09-30,231.26634216308594,164.0800018310547,186.3300018310547,38.35044479370117,878.271728515625,270.9471740722656,137.97451782226562,94.71815490722656,164.89781188964844,480.28826904296875,390.66082763671875,23.459999084472656,155.16998291015625,203.26931762695312,68.8021469116211,569.69287109375,425.3249206542969,70.927001953125,121.3918685913086,25.71230125427246,165.32791137695312,563.6588134765625,261.6300048828125,564.0618286132812,79.4924087524414,110.6550064086914
2024-10-01,224.52688598632812,159.75,185.1300048828125,37.90585708618164,869.2167358398438,268.1358337402344,140.2511444091797,92.61090087890625,166.03121948242188,475.4961853027344,394.3726501464844,22.690000534057617,155.1029815673828,199.58682250976562,68.65851593017578,573.70361328125,415.8260803222656,70.61299896240234,116.95362091064453,25.472414016723633,165.1751708984375,558.609375,258.0199890136719,562.7305908203125,80.00430297851562,113.21322631835938
2024-10-02,225.0926513671875,159.77999877929688,184.75999450683594,37.915523529052734,870.3561401367188,276.6589050292969,141.42225646972656,92.7093734741211,164.90774536132812,477.26171875,396.5033874511719,22.389999389648438,154.3178253173828,199.82781982421875,67.9883041381836,570.0611572265625,412.30718994140625,71.10900115966797,118.80288696289062,25.41910743713379,164.10606384277344,558.8450927734375,249.02000427246094,571.4227294921875,79.17739868164062,114.71416473388672
2024-10-03,223.99090576171875,162.85000610351562,181.9600067138672,37.934852600097656,867.5226440429688,278.0744323730469,141.7033233642578,92.19731903076172,164.90774536132812,471.54803466796875,396.8118896484375,22.260000228881836,153.6763153076172,197.84197998046875,67.51915740966797,579.9733276367188,411.7240295410156,70.68000030517578,122.80130004882812,25.179218292236328,162.3878936767578,557.8233642578125,240.66000366210938,571.8472900390625,79.17739868164062,115.7148208618164
2024-10-04,225.11248779296875,170.89999389648438,186.50999450683594,38.76603698730469,874.8934936523438,284.8454284667969,141.22552490234375,93.69406127929688,166.100830078125,480.3367919921875,393.7074279785156,22.59000015258789,153.47523498535156,204.8641357421875,67.1840591430664,593.080078125,411.24957275390625,71.97000122070312,124.87047576904297,25.3924503326416,161.20425415039062,562.8924560546875,250.0800018310547,570.3519897460938,79.67945861816406,117.83880615234375
2024-10-07,220.04052734375,170.97000122070312,180.8000030517578,38.621063232421875,865.4620971679688,281.6975402832031,141.58151245117188,90.9762954711914,162.0442657470703,479.81292724609375,393.4181823730469,22.3799991607666,152.74754333496094,204.58285522460938,66.07341003417969,581.9736938476562,404.8049621582031,70.19200134277344,127.66937255859375,25.943302154541016,159.52423095703125,557.8037109375,240.8300018310547,562.9813232421875,77.86810302734375,118.34855651855469
2024-10-08,224.09017944335938,172.8000030517578,182.72000122070312,38.592071533203125,882.1354370117188,288.6269226074219,139.36111450195312,91.09446716308594,163.4362335205078,481.7045593261719,399.318603515625,23.31999969482422,152.90074157714844,204.4082489013672,66.23617553710938,590.0448608398438,409.91522216796875,72.1760025024414,132.83731079101562,25.925533294677734,160.51698303222656,563.0791625976562,244.5,561.0712280273438,78.4686050415039,115.20506286621094
2024-10-09,227.83209228515625,171.02000427246094,185.1699981689453,38.84335708618164,900.6416015625,285.01373291015625,140.20431518554688,92.16778564453125,160.93069458007812,490.0567932128906,401.1407775878906,23.459999084472656,153.81993103027344,206.9979248046875,66.6095962524414,587.6760864257812,412.6333923339844,72.74299621582031,132.597412109375,26.822885513305664,161.5765380859375,566.9793090820312,241.0500030517578,570.3712158203125,79.14786529541016,115.25225067138672
2024-10-10,227.3358154296875,164.17999267578125,186.64999389648438,38.63072967529297,885.3155517578125,287.24102783203125,141.11306762695312,91.5671157836914,161.14944458007812,488.6405029296875,395.2500305175781,23.219999313354492,153.68588256835938,206.43539428710938,66.30321502685547,581.0282592773438,411.0320739746094,73.02899932861328,134.75656127929688,26.067686080932617,161.27105712890625,565.9871215820312,238.77000427246094,576.622802734375,78.37017059326172,116.24345397949219
2024-10-11,225.85694885253906,167.88999938964844,188.82000732421875,40.54438400268555,880.7584228515625,285.1918640136719,141.8625946044922,92.6896743774414,162.3028106689453,500.8439025878906,397.1203918457031,23.559999465942383,154.59548950195312,215.6009979248047,66.6095962524414,587.1189575195312,411.506591796875,72.27899932861328,134.74656677246094,25.90776252746582,163.3137969970703,569.3764038085938,217.8000030517578,576.9603881835938,78.8525390625,116.68714141845703
2024-10-14,229.5790252685547,165.27000427246094,187.5399932861328,40.5057258605957,881.4815673828125,288.6961669921875,142.1998748779297,93.5168228149414,164.01290893554688,507.1008605957031,400.51416015625,23.440000534057617,154.7295684814453,214.8153839111328,67.34681701660156,587.5866088867188,414.2939453125,71.30000305175781,138.01527404785156,25.83668327331543,164.66925048828125,574.032958984375,219.16000366210938,584.05126953125,79.03958129882812,117.13080596923828
2024-10-15,232.11004638671875,156.63999938964844,187.69000244140625,40.72801971435547,886.286376953125,285.4393615722656,138.40550231933594,92.7782974243164,164.5100555419922,506.741943359375,400.6683349609375,22.65999984741211,157.12327575683594,215.69801330566406,67.34681701660156,583.4566040039062,413.8985900878906,70.5979995727539,131.54783630371094,26.15653419494629,165.68109130859375,569.5728759765625,219.57000732421875,536.6729736328125,80.37840270996094,113.60970306396484
2024-10-16,230.05545043945312,156.1300048828125,186.88999938964844,41.36589813232422,879.1237182617188,287.9240417480469,139.3424072265625,95.26959228515625,164.21177673339844,513.9979858398438,403.589599609375,22.309999465942383,157.2956085205078,216.910400390625,67.56703186035156,574.02197265625,411.3088684082031,70.19999694824219,135.66619873046875,26.360883712768555,164.54519653320312,572.0484619140625,221.3300018310547,551.1923828125,79.95508575439453,113.90233612060547
2024-10-17,230.42266845703125,156.25,187.52999877929688,41.172607421875,877.0531616210938,288.1715087890625,141.65646362304688,95.06279754638672,161.9945526123047,513.1637573242188,400.6876220703125,22.440000534057617,157.47752380371094,217.66693115234375,66.92554473876953,574.161376953125,411.9019470214844,68.76499938964844,136.87571716308594,26.005495071411133,164.44972229003906,572.0975952148438,220.88999938964844,546.069580078125,79.63023376464844,113.60970306396484
2024-10-18,233.25149536132812,155.97000122070312,188.99000549316406,40.90198516845703,881.283447265625,289.9830627441406,141.23486328125,95.79147338867188,162.48171997070312,512.6786499023438,400.1091613769531,22.770000457763672,158.09988403320312,218.58831787109375,67.44257354736328,573.70361328125,413.3253173828125,76.38899993896484,137.94529724121094,25.961071014404297,164.45645141601562,574.2982177734375,220.6999969482422,549.5233154296875,80.04369354248047,113.28874969482422
2024-10-21,234.720458984375,157.89999389648438,189.07000732421875,40.360748291015625,878.5194702148438,288.3497009277344,141.35667419433594,95.14157104492188,163.12803649902344,502.2990417480469,391.8177795410156,22.84000015258789,155.90724182128906,216.28964233398438,66.49468994140625,572.3997802734375,413.9381103515625,77.20700073242188,143.6530303955078,25.703411102294922,162.78573608398438,573.3551025390625,218.85000610351562,551.3177490234375,79.55147552490234,113.3548355102539
2024-10-22,234.10507202148438,154.08999633789062,189.6999969482422,40.88265609741211,885.1769409179688,285.4195556640625,141.39413452148438,95.25973510742188,164.19186401367188,502.7840270996094,387.4310607910156,22.399999618530273,156.50088500976562,217.3759307861328,66.49468994140625,579.2169799804688,422.56719970703125,76.42400360107422,143.5330810546875,25.62345314025879,162.9393768310547,573.050537109375,217.97000122070312,549.764404296875,80.74262237548828,113.9400863647461
2024-10-23,229.04302978515625,152.91000366210938,184.7100067138672,40.92131805419922,890.8040771484375,281.5589294433594,140.98191833496094,94.76737976074219,161.8454132080078,501.71697998046875,385.30035400390625,21.979999542236328,158.80844116210938,216.68731689453125,65.115966796875,560.98486328125,419.6907958984375,74.92900085449219,139.50466918945312,25.64122200012207,162.82415771484375,567.8142700195312,213.64999389648438,544.7285766601562,81.97317504882812,113.53418731689453
2024-10-24,228.85446166992188,153.44000244140625,186.3800048828125,41.22093200683594,885.1074829101562,283.865478515625,140.95379638671875,93.94024658203125,161.78578186035156,508.7984313964844,388.2312316894531,22.34000015258789,156.71153259277344,218.21005249023438,64.43618774414062,565.0552978515625,419.8193359375,75.45500183105469,140.35433959960938,25.445758819580078,162.86257934570312,569.0422973632812,260.4800109863281,541.0336303710938,81.74674224853516,112.89226531982422
2024-10-25,229.6881866455078,156.22999572753906,187.8300018310547,40.486392974853516,882.9280395507812,287.5280456542969,141.2910919189453,93.57589721679688,164.3211212158203,497.254638671875,384.5965576171875,22.68000030517578,154.0401611328125,215.62042236328125,64.07234954833984,570.4989624023438,423.1997985839844,75.46800231933594,141.48388671875,25.276948928833008,161.51834106445312,568.8458251953125,269.19000244140625,544.6513061523438,81.22500610351562,112.79785919189453
2024-10-28,231.66336059570312,159.9199981689453,188.38999938964844,41.19193649291992,882.67041015625,290.80462646484375,141.03811645507812,94.72798919677734,165.76280212402344,507.90606689453125,388.4336853027344,22.920000076293945,154.7295684814453,218.71441650390625,63.83299255371094,575.3853759765625,421.6578063964844,74.91200256347656,140.4643096923828,25.64122200012207,162.55532836914062,570.6043701171875,262.510009765625,545.3074340820312,81.46125793457031,112.24091339111328
2024-10-29,231.93138122558594,166.25,190.8300018310547,41.10495376586914,878.7374267578125,295.8730163574219,139.14564514160156,94.65907287597656,168.705810546875,508.5850524902344,380.894287109375,22.899999618530273,153.2837371826172,216.19265747070312,62.77021408081055,590.4329223632812,426.95587158203125,75.94400024414062,141.19400024414062,25.28583335876465,160.51016235351562,571.5277709960938,259.5199890136719,542.3070068359375,80.42760467529297,110.71163940429688
2024-10-30,228.387939453125,148.60000610351562,192.72999572753906,40.8923225402832,870.9109497070312,293.4081115722656,138.7052764892578,93.6251449584961,173.45835876464844,508.7015075683594,378.4357604980469,22.299999237060547,153.78164672851562,217.65724182128906,63.114906311035156,588.9599609375,427.52911376953125,75.3740005493164,139.28475952148438,25.339141845703125,159.54043579101562,569.7988891601562,257.54998779296875,543.1077880859375,80.12244415283203,110.15469360351562
2024-10-31,224.22911071777344,144.07000732421875,186.39999389648438,40.418739318847656,866.0465698242188,288.4288635253906,139.42669677734375,94.72798919677734,170.12757873535156,502.289306640625,379.6216125488281,21.520000457763672,153.0635223388672,215.2421417236328,62.53086471557617,564.856201171875,401.65185546875,75.60299682617188,132.70736694335938,25.1436767578125,158.59942626953125,558.6290283203125,249.85000610351562,544.593505859375,80.67371368408203,110.2396469116211
2024-11-01,221.25144958496094,141.86000061035156,197.92999267578125,40.360748291015625,870.3023681640625,291.7450256347656,143.408447265625,94.34396362304688,170.3065643310547,503.8025817871094,378.50323486328125,23.200000762939453,153.32203674316406,216.2314453125,62.24363327026367,564.438232421875,405.6253662109375,75.61000061035156,135.34632873535156,24.95709800720215,158.52264404296875,560.9866943359375,248.97999572753906,547.5455932617188,80.90999603271484,108.51213836669922
2024-11-04,220.3581085205078,140.7100067138672,195.77999877929688,39.945159912109375,878.9923706054688,295.0018615722656,144.2516326904297,94.32427215576172,168.26834106445312,496.1585388183594,381.3763122558594,22.520000457763672,151.51242065429688,213.16653442382812,62.33937454223633,557.9893188476562,403.7374267578125,75.5510025024414,135.99606323242188,24.663904190063477,158.50343322753906,559.7783203125,242.83999633789062,538.1008911132812,81.16593170166016,111.96715545654297
2024-11-05,221.7874298095703,141.66000366210938,199.5,40.47673416137695,883.0595703125,294.4870910644531,143.72698974609375,95.15142059326172,168.7654571533203,511.184814453125,385.73419189453125,23.31999969482422,151.6177215576172,214.82508850097656,62.58831024169922,569.6829833984375,406.7027587890625,76.39099884033203,139.8545379638672,24.868253707885742,159.15634155273438,566.5469970703125,251.44000244140625,547.0343017578125,82.37678527832031,112.29755401611328
2024-11-06,221.06285095214844,145.10000610351562,207.08999633789062,43.88845443725586,892.0670776367188,303.8021240234375,147.7649383544922,97.37683868408203,175.49658203125,578.138671875,374.4346923828125,25.049999237060547,151.16770935058594,239.6256561279297,60.98937225341797,569.3048095703125,415.3219299316406,78.02100372314453,145.5522918701172,24.30851936340332,154.63397216796875,580.6345825195312,288.5299987792969,575.6483154296875,82.14051818847656,114.22330474853516
2024-11-07,225.78744506835938,149.82000732421875,210.0500030517578,43.2698974609375,906.6297607421875,307.6429748535156,146.87489318847656,97.41622924804688,179.71226501464844,564.741943359375,385.1075134277344,26.229999542236328,150.06658935546875,229.26702880859375,60.95107650756836,588.8605346679688,420.51123046875,79.65399932861328,148.82098388671875,24.39736557006836,156.89996337890625,585.1241455078125,296.9100036621094,584.0994262695312,82.54412078857422,114.36490631103516
2024-11-08,225.51913452148438,147.9499969482422,208.17999267578125,43.61783218383789,936.2612915039062,318.7001953125,147.02479553222656,97.50484466552734,177.32603454589844,571.6198120117188,391.335693359375,26.200000762939453,148.86016845703125,229.84896850585938,61.20001220703125,586.5118408203125,417.6546630859375,79.50399780273438,147.5714874267578,24.1086368560791,161.02867126464844,587.6587524414062,321.2200012207031,594.0941162109375,83.50886535644531,114.32713317871094
2024-11-11,222.80648803710938,147.35000610351562,206.83999633789062,44.53600311279297,925.428466796875,338.280517578125,146.6219482421875,99.31670379638672,179.31455993652344,584.3082275390625,393.63995361328125,25.049999237060547,148.4484405517578,232.08944702148438,60.66384506225586,580.3713989257812,413.1770935058594,80.54399871826172,145.20240783691406,23.67555046081543,159.4156036376953,588.21875,350.0,603.2012329101562,82.89852905273438,113.72298431396484
2024-11-12,222.80648803710938,143.6300048828125,208.91000366210938,44.32337188720703,924.932373046875,337.7064208984375,145.48831176757812,99.4447021484375,180.57725524902344,574.8502197265625,388.61688232421875,24.15999984741211,146.15048217773438,232.35134887695312,60.510650634765625,582.0134887695312,418.13897705078125,81.94999694824219,148.231201171875,23.63043785095215,159.233154296875,586.3914184570312,328.489990234375,592.9943237304688,83.66637420654297,113.60970306396484
2024-11-13,223.6908416748047,139.3000030517578,214.10000610351562,44.33303451538086,926.2716064453125,338.2706604003906,148.70181274414062,101.14823913574219,177.8529815673828,576.4312133789062,395.4718017578125,24.920000076293945,146.7249755859375,233.9031982421875,60.319156646728516,577.216552734375,420.2839050292969,83.0469970703125,146.2120361328125,24.1086368560791,159.9436798095703,586.67626953125,330.239990234375,584.504638671875,84.16842651367188,114.66698455810547
2024-11-14,226.77113342285156,138.83999633789062,211.47999572753906,44.362030029296875,916.5101928710938,328.3022766113281,151.58741760253906,107.45030975341797,174.5719451904297,570.9892578125,391.16217041015625,25.030000686645508,145.4132080078125,234.59181213378906,59.8883056640625,574.3902587890625,421.95440673828125,83.72599792480469,146.70181274414062,23.477054595947266,160.42376708984375,582.9039306640625,311.17999267578125,572.233154296875,83.15447235107422,114.74312591552734
2024-11-15,223.57159423828125,134.89999389648438,202.61000061035156,45.18355178833008,899.8245849609375,321.976806640625,151.23141479492188,113.3191146850586,171.49969482421875,575.7716064453125,393.53387451171875,24.350000381469727,147.45266723632812,237.92831420898438,59.1127815246582,551.4210205078125,410.2018127441406,82.39600372314453,141.92369079589844,22.376279830932617,162.78573608398438,575.4378051757812,320.7200012207031,571.3455810546875,82.93789672851562,113.55343627929688
2024-11-18,226.5724334716797,138.92999267578125,201.6999969482422,45.15455627441406,912.1651611328125,318.9971923828125,152.14944458007812,111.80267333984375,174.29354858398438,570.3878173828125,395.7127685546875,24.84000015258789,148.18992614746094,237.65672302246094,59.2276725769043,551.7394409179688,410.95306396484375,84.70500183105469,140.09442138671875,22.430418014526367,163.9475555419922,577.7954711914062,338.739990234375,568.8566284179688,82.77054595947266,114.50518035888672
2024-11-19,226.8307647705078,139.38999938964844,204.61000061035156,44.854942321777344,922.7203369140625,320.165283203125,151.0515899658203,110.69981384277344,177.09732055664062,563.9755859375,392.20343017578125,24.200000762939453,146.49517822265625,235.77511596679688,59.926605224609375,558.3973388671875,412.9595642089844,87.13200378417969,146.95172119140625,22.646963119506836,163.95713806152344,579.9076538085938,346.0,556.6527709960938,85.25130462646484,112.90624237060547
2024-11-20,227.54620361328125,137.60000610351562,202.8800048828125,44.51667785644531,920.6668090820312,322.41241455078125,152.6889190673828,112.51165771484375,174.9696502685547,564.5092163085938,385.64739990234375,24.010000228881836,146.6005096435547,233.5346221923828,60.30958938598633,562.8060913085938,410.6861572265625,88.38500213623047,145.83216857910156,22.502599716186523,164.08197021484375,580.1040649414062,342.0299987792969,579.3240356445312,85.82225799560547,114.51469421386719
2024-11-21,227.06924438476562,137.49000549316406,198.3800048828125,44.903263092041016,948.0166015625,332.3905944824219,152.97283935546875,112.9646224975586,166.66757202148438,578.2646484375,395.722412109375,24.440000534057617,148.88888549804688,237.39486694335938,61.04682159423828,560.3877563476562,408.913330078125,89.74800109863281,146.6118621826172,22.674030303955078,165.8678741455078,583.2183227539062,339.6400146484375,576.4201049804688,87.013427734375,116.0470199584961
2024-11-22,228.41067504882812,138.35000610351562,197.1199951171875,45.425174713134766,956.309814453125,338.567626953125,153.6637420654297,113.8803939819336,163.81405639648438,584.7350463867188,404.9297790527344,24.5,148.5729217529297,241.07081604003906,61.20001220703125,556.456787109375,413.00372314453125,89.77899932861328,141.89373779296875,23.143211364746094,169.25723266601562,585.0259399414062,352.55999755859375,570.0336303710938,89.03150177001953,115.91378021240234
2024-11-25,231.39163208007812,141.1300048828125,201.4499969482422,45.90842056274414,953.2147216796875,335.6869812011719,151.77085876464844,114.22502899169922,166.6874542236328,584.9775390625,413.2886657714844,24.8700008392334,149.15699768066406,242.75845336914062,61.640438079833984,562.3980712890625,414.776611328125,86.55899810791016,135.96607971191406,23.61239242553711,170.32301330566406,587.0103759765625,338.5899963378906,584.4660034179688,88.10614013671875,114.18160247802734
2024-11-26,233.56771850585938,137.72000122070312,207.86000061035156,46.15004348754883,963.7398681640625,339.71588134765625,153.82464599609375,113.68344116210938,168.14903259277344,587.3736572265625,414.108154296875,24.049999237060547,149.1376953125,242.44810485839844,61.80320739746094,570.78759765625,423.888427734375,87.26000213623047,136.86572265625,23.251483917236328,172.16651916503906,590.0753784179688,338.2300109863281,585.3921508789062,89.88794708251953,112.278076171875
2024-11-27,233.4385223388672,136.24000549316406,205.74000549316406,46.16937255859375,953.8694458007812,326.6788635253906,153.42713928222656,115.80055236816406,168.2583770751953,587.3057250976562,414.0306396484375,23.649999618530273,149.9870147705078,242.2734832763672,61.68830871582031,566.468505859375,418.93634033203125,87.73400115966797,135.2863311767578,23.305618286132812,172.2145538330078,588.2874755859375,332.8900146484375,586.9260864257812,90.44908142089844,111.98304748535156
2024-11-29,235.8233184814453,137.17999267578125,207.88999938964844,45.918087005615234,964.116943359375,326.6590576171875,153.25677490234375,115.67253875732422,167.97998046875,590.3517456054688,415.9108581542969,24.049999237060547,149.61061096191406,242.2056121826172,61.81855010986328,571.5639038085938,419.40185546875,88.68099975585938,138.19520568847656,23.648483276367188,172.11851501464844,591.9420166015625,345.1600036621094,588.6820068359375,91.05940246582031,112.26856231689453
2024-12-02,238.06898498535156,142.05999755859375,210.7100067138672,45.46384048461914,967.2119750976562,327.66876220703125,153.5217742919922,115.3672866821289,170.5054168701172,586.5887451171875,413.8077087402344,23.93000030517578,149.40794372558594,238.8400421142578,61.40372085571289,589.9850463867188,426.8498229980469,89.77400207519531,138.57504272460938,23.29659652709961,172.54098510742188,593.0029296875,357.0899963378906,587.0611572265625,91.19723510742188,112.16387176513672
2024-12-03,241.1095428466797,141.97999572753906,213.44000244140625,45.25120162963867,974.3048706054688,328.0845031738281,153.247314453125,114.66814422607422,170.3562774658203,586.9494018554688,416.1241149902344,22.469999313354492,147.05291748046875,237.45306396484375,61.2783088684082,610.7051391601562,427.0676574707031,90.21700286865234,140.20440673828125,23.062007904052734,168.43150329589844,593.2780151367188,351.4200134277344,583.8871459960938,92.05370330810547,111.9925537109375
2024-12-04,241.4672393798828,143.99000549316406,218.16000366210938,44.816287994384766,983.0048828125,364.15667724609375,149.84014892578125,115.19988250732422,173.368896484375,583.6641845703125,414.7381286621094,21.959999084472656,145.22877502441406,236.0757598876953,60.0145378112793,610.8345336914062,433.22802734375,91.10600280761719,145.08245849609375,22.764257431030273,168.1338653564453,596.9620361328125,357.92999267578125,589.2510986328125,92.97904205322266,108.76612091064453
2024-12-05,241.49705505371094,141.36000061035156,220.5500030517578,45.425174713134766,974.4140625,357.732177734375,150.79605102539062,114.71737670898438,171.6488037109375,581.8021240234375,413.4006652832031,20.799999237060547,144.31185913085938,238.0932159423828,60.69948196411133,606.0077514648438,438.37823486328125,91.78700256347656,145.0124969482422,23.188323974609375,169.0172119140625,595.9795532226562,369.489990234375,558.55322265625,93.81581115722656,109.24198913574219
2024-12-06,241.29832458496094,138.58999633789062,227.02999877929688,45.43489456176758,984.6813354492188,358.3360290527344,146.92510986328125,114.94386291503906,173.70693969726562,584.6096801757812,418.0819091796875,20.920000076293945,144.10914611816406,239.9166259765625,60.323246002197266,620.776611328125,439.3191223144531,93.4739990234375,142.3933563232422,23.21539306640625,166.89524841308594,597.1094360351562,389.2200012207031,530.2381591796875,94.2095718383789,108.09037780761719
2024-12-09,245.18350219726562,130.8699951171875,226.08999633789062,44.61852264404297,979.96923828125,348.021240234375,148.66656494140625,112.85630798339844,174.5629425048828,579.1893920898438,415.9593200683594,20.809999465942383,144.38905334472656,236.47344970703125,60.390777587890625,610.6255493164062,441.7456359863281,91.36900329589844,138.7645263671875,23.549232482910156,163.98594665527344,594.034423828125,389.7900085449219,542.9247436523438,92.36869812011719,107.45271301269531
2024-12-10,246.19703674316406,127.73999786376953,225.0399932861328,44.46302795410156,985.4649047851562,345.29901123046875,148.59083557128906,112.97447204589844,184.31787109375,570.3279418945312,409.57232666015625,20.15999984741211,144.03195190429688,235.5520477294922,60.68983459472656,616.3479614257812,439.0814208984375,91.33499908447266,135.0257568359375,23.071029663085938,165.41659545898438,592.1876220703125,400.989990234375,547.3505249023438,93.07749938964844,107.23380279541016
2024-12-11,244.9251708984375,130.14999389648438,230.25999450683594,44.78374099731445,986.7447509765625,351.2681579589844,147.84317016601562,112.85630798339844,194.5008087158203,577.6686401367188,408.3996276855469,20.1200008392334,141.5321807861328,236.2018585205078,60.42936325073242,629.6437377929688,444.6871643066406,93.65599822998047,139.2643585205078,22.764257431030273,163.83233642578125,596.765625,424.7699890136719,516.6898193359375,93.4811019897461,106.51998138427734
2024-12-12,246.38580322265625,130.60000610351562,228.97000122070312,44.78374099731445,980.4950561523438,354.416015625,146.42349243164062,113.14186096191406,191.07664489746094,576.7424926757812,401.6540222167969,20.780000686645508,141.14610290527344,234.26206970214844,61.587013244628906,627.7628784179688,445.2516784667969,92.55500030517578,137.29501342773438,22.890575408935547,164.0435791015625,593.690673828125,418.1000061035156,499.4807434082031,92.62464904785156,106.42481231689453
2024-12-13,246.5547332763672,126.91000366210938,227.4600067138672,44.38527297973633,981.4473876953125,350.73358154296875,145.62847900390625,111.60572814941406,188.94647216796875,570.7666625976562,404.1351318359375,20.34000015258789,141.5128631591797,232.71990966796875,60.89242935180664,617.3729248046875,442.983642578125,91.88700103759766,134.20602416992188,23.08005142211914,164.2451934814453,593.57275390625,436.2300109863281,504.05169677734375,92.98773193359375,105.49209594726562
2024-12-16,249.44627380371094,126.69000244140625,232.92999267578125,44.19089889526367,984.939208984375,353.6241455078125,141.3600616455078,110.88372039794922,195.7550048828125,571.5952758789062,398.05828857421875,20.829999923706055,138.83937072753906,232.3707275390625,60.3425407409668,621.7454833984375,447.26226806640625,92.10800170898438,131.95677185058594,22.78230094909668,164.32200622558594,596.1073608398438,463.0199890136719,482.7654724121094,93.59943389892578,103.2364501953125
2024-12-17,251.87078857421875,125.0199966430664,231.14999389648438,43.782718658447266,974.2355346679688,347.4272766113281,140.177001953125,111.78376007080078,194.5207061767578,560.2379760742188,395.88726806640625,20.440000534057617,141.31016540527344,231.1874542236328,61.16254425048828,616.9646606445312,450.1047058105469,91.91300201416016,130.3472900390625,23.84697914123535,163.54429626464844,593.6513061523438,479.8599853515625,470.1951904296875,94.14205169677734,102.79864501953125
2024-12-18,246.4752655029297,121.41000366210938,220.52000427246094,42.27631759643555,957.033935546875,334.2068786621094,136.3628692626953,110.13202667236328,187.53298950195312,536.4219360351562,381.6885681152344,19.299999237060547,139.70799255371094,223.4378662109375,60.631954193115234,594.8035278320312,433.1983337402344,88.95500183105469,128.86778259277344,23.359756469726562,162.34408569335938,575.9584350585938,440.1300048828125,483.9469909667969,92.29711151123047,101.28535461425781
2024-12-19,248.20419311523438,118.87999725341797,223.2899932861328,42.15969467163086,947.17333984375,333.21588134765625,133.5897674560547,110.15181732177734,187.64248657226562,540.0679321289062,373.1596374511719,19.059999465942383,138.57876586914062,225.94996643066406,60.24606704711914,593.1900634765625,432.841796875,90.2040023803711,130.63717651367188,23.251483917236328,162.44969177246094,575.7815551757812,436.1700134277344,473.8074645996094,92.14911651611328,100.41926574707031
2024-12-20,252.8743896484375,119.20999908447266,224.9199981689453,42.92747116088867,946.44921875,340.5693054199219,135.19876098632812,110.8045883178711,190.52914428710938,551.8735961914062,380.50616455078125,19.520000457763672,139.437744140625,230.4503173828125,60.3425407409668,582.9112548828125,432.4159240722656,90.90499877929688,134.65586853027344,23.783824920654297,161.36471557617188,582.697265625,421.05999755859375,484.34405517578125,91.00464630126953,100.76189422607422
2024-12-23,253.6494140625,124.5999984741211,225.05999755859375,42.65534591674805,942.3223876953125,339.8260498046875,135.31231689453125,110.18148803710938,193.73434448242188,556.4359741210938,380.36077880859375,20.200000762939453,140.2098846435547,231.216552734375,60.17853927612305,597.4529418945312,431.078857421875,91.1449966430664,139.62425231933594,24.0996150970459,161.41273498535156,586.1865844726562,430.6000061035156,490.3580017089844,89.13995361328125,101.171142578125
2024-12-24,256.56085205078125,126.29000091552734,229.0500030517578,43.131561279296875,951.1611938476562,341.34234619140625,136.13571166992188,111.32878875732422,195.20751953125,568.1441650390625,383.9371032714844,20.399999618530273,140.76968383789062,235.0186004638672,60.6223030090332,605.3213500976562,435.11968994140625,93.21199798583984,140.17408752441406,24.126684188842773,162.20965576171875,592.7020874023438,462.2799987792969,490.1256408691406,91.43875885009766,101.26631164550781
2024-12-26,257.3755798339844,125.05999755859375,227.0500030517578,43.296783447265625,948.5026245117188,338.6566162109375,136.26821899414062,111.31890869140625,194.6998748779297,566.6233520507812,382.9679260253906,20.440000534057617,140.5090789794922,235.82362365722656,60.36183547973633,600.9389038085938,433.9114074707031,92.41400146484375,139.88417053222656,23.964275360107422,163.38107299804688,592.7415771484375,454.1300048828125,495.0162048339844,91.54727935791016,101.35198211669922
2024-12-27,253.96737670898438,125.19000244140625,223.75,43.09268569946289,932.19384765625,335.4159240722656,136.28713989257812,110.32984924316406,191.87294006347656,561.7002563476562,380.7581481933594,20.299999237060547,139.99754333496094,233.91290283203125,60.24606704711914,597.4130249023438,426.4040832519531,90.75499725341797,136.96510314941406,24.01841163635254,162.77615356445312,586.5020751953125,431.6600036621094,493.892822265625,90.43242645263672,101.34246063232422
2024-12-30,250.5989227294922,122.44000244140625,221.3000030517578,42.67478561401367,914.8436889648438,332.730224609375,135.40696716308594,109.58805084228516,190.35995483398438,559.1364135742188,377.4338073730469,19.81999969482422,138.34710693359375,232.1185760498047,59.84088897705078,588.8772583007812,420.7586975097656,90.04299926757812,137.44496154785156,23.83795738220215,160.433349609375,579.80908203125,417.4100036621094,491.77191162109375,89.35701751708984,100.6572036743164
2024-12-31,248.8302001953125,120.79000091552734,219.38999938964844,42.71365737915039,908.951171875,331.3328552246094,137.0821533203125,110.13202667236328,188.42886352539062,558.229736328125,377.00732421875,20.049999237060547,139.58251953125,232.49684143066406,60.062774658203125,583.170166015625,417.4606018066406,89.13200378417969,134.2460174560547,23.937210083007812,160.97103881835938,577.6997680664062,403.8399963378906,489.8931884765625,89.13995361328125,102.37987518310547
2025-01-02,242.3019256591797,120.62999725341797,220.22000122070312,43.044097900390625,902.5426635742188,327.69573974609375,138.85198974609375,109.60782623291016,188.55825805664062,560.5206298828125,376.4936828613281,20.219999313354492,139.00343322753906,232.77809143066406,59.65760040283203,596.8452758789062,414.5685729980469,88.6729965209961,138.26470947265625,24.009389877319336,159.36756896972656,576.2802734375,379.2799987792969,488.5857849121094,88.79464721679688,102.13241577148438
2025-01-03,241.81503295898438,125.37000274658203,224.19000244140625,43.549468994140625,909.2586059570312,329.91571044921875,139.93092346191406,109.9441146850586,190.90740966796875,565.551025390625,377.1914978027344,20.559999465942383,139.16749572753906,235.9593963623047,59.57077407836914,602.2138061523438,419.29290771484375,88.1050033569336,144.4226837158203,23.991344451904297,158.5514678955078,583.4857788085938,410.44000244140625,496.8077697753906,89.564208984375,102.6558837890625
2025-01-06,243.4446258544922,129.5500030517578,227.61000061035156,44.12287139892578,915.3397216796875,327.5669250488281,139.37252807617188,109.83531951904297,195.9640350341797,568.7291259765625,377.37567138671875,19.8700008392334,138.65597534179688,234.80897521972656,58.66394805908203,627.681640625,423.7497863769531,88.17900085449219,149.38104248046875,24.262025833129883,154.20191955566406,586.8470458984375,411.04998779296875,497.4566345214844,90.20549774169922,102.54167175292969
2025-01-07,240.6723175048828,127.33000183105469,222.11000061035156,44.78374099731445,914.0103759765625,322.0171203613281,141.57772827148438,110.17159271240234,194.5903778076172,565.541259765625,372.39398193359375,20.010000228881836,141.13644409179688,237.07080078125,58.69289016723633,615.4207763671875,418.3222961425781,87.91899871826172,140.09408569335938,24.47857093811035,154.87403869628906,580.2133178710938,394.3599853515625,498.01837158203125,89.59380340576172,103.50293731689453
2025-01-08,241.15919494628906,121.83999633789062,222.1300048828125,44.91008377075195,919.9624633789062,323.969482421875,142.2497100830078,108.5594253540039,193.05747985839844,565.44384765625,375.27252197265625,19.8799991607666,137.31439208984375,237.0318145751953,59.53218460083008,608.2794189453125,420.4913024902344,87.5,140.06410217285156,24.234956741333008,155.64215087890625,581.0609741210938,394.94000244140625,507.9642333984375,90.57054138183594,101.770751953125
2025-01-10,235.3463592529297,116.04000091552734,218.94000244140625,43.841026306152344,929.4560546875,315.0005798339844,144.93759155273438,107.4615707397461,191.15623474121094,545.9269409179688,377.879638671875,19.149999618530273,137.1116943359375,233.85357666015625,58.914772033691406,613.3988647460938,414.93505859375,83.76899719238281,135.86549377441406,24.1086368560791,152.24317932128906,572.1896362304688,394.739990234375,504.255126953125,91.75446319580078,101.39957427978516
2025-01-13,232.9119110107422,117.31999969482422,218.4600067138672,43.79243469238281,917.3138427734375,316.2096862792969,147.0292205810547,106.8978042602539,190.1309814453125,548.8027954101562,377.1914978027344,19.200000762939453,139.437744140625,238.08473205566406,59.47430419921875,605.8990478515625,413.1919250488281,84.02899932861328,133.1863555908203,24.180822372436523,152.51202392578125,573.0768432617188,403.30999755859375,524.0596313476562,90.30416107177734,104.01688385009766
2025-01-14,231.7990264892578,116.08999633789062,217.75999450683594,44.49217987060547,909.9033813476562,320.6396179199219,148.49618530273438,106.93736267089844,188.78720092773438,557.1671752929688,380.6806335449219,19.200000762939453,139.70799255371094,241.26295471191406,59.85053634643555,591.8753051757812,411.68646240234375,82.83999633789062,131.71682739257812,23.828935623168945,153.3761749267578,573.8653564453125,396.3599853515625,526.5775146484375,89.5740737915039,104.42613983154297
2025-01-15,236.35989379882812,119.95999908447266,223.35000610351562,45.775047302246094,916.123291015625,318.2809753417969,149.849609375,106.99671173095703,194.6501007080078,590.6929931640625,393.5805969238281,19.719999313354492,139.9203338623047,246.0205535888672,59.59006881713867,614.6538696289062,422.22454833984375,84.82599639892578,136.1953887939453,23.657503128051758,153.2897491455078,584.303955078125,428.2200012207031,526.267578125,90.11670684814453,106.12976837158203
2025-01-16,226.81089782714844,118.44000244140625,220.66000366210938,45.32798385620117,912.4033203125,317.1313171386719,150.84336853027344,105.29552459716797,192.02224731445312,597.585205078125,396.7208251953125,19.670000076293945,142.62281799316406,247.89239501953125,60.05312728881836,608.8570556640625,420.5111083984375,84.23699951171875,133.5262451171875,23.9011173248291,154.10589599609375,583.1802368164062,413.82000732421875,494.4739074707031,90.07723999023438,105.94894409179688
2025-01-17,228.51995849609375,121.45999908447266,225.94000244140625,45.2210807800293,935.656005859375,321.65045166015625,152.82142639160156,105.8493881225586,195.09803771972656,610.2097778320312,396.769287109375,21.489999771118164,141.90858459472656,252.6597442626953,60.49689483642578,610.3213500976562,424.91845703125,85.80999755859375,137.66490173339844,23.729686737060547,154.71080017089844,589.0353393554688,426.5,493.67010498046875,90.70867156982422,106.90068817138672
2025-01-21,221.2265625,122.27999877929688,230.7100067138672,45.34742736816406,940.1597900390625,323.9100036621094,149.76443481445312,107.51101684570312,197.1385955810547,618.7886352539062,405.5404968261719,21.770000457763672,142.98956298828125,256.4326477050781,60.21712112426758,613.99658203125,424.3935546875,86.96800231933594,140.78387451171875,24.03645896911621,155.27728271484375,594.4270629882812,424.07000732421875,508.4194030761719,91.8333969116211,106.09170532226562
2025-01-22,222.4090118408203,123.75,235.00999450683594,44.50189971923828,937.1539916992188,329.63818359375,148.03245544433594,107.61981964111328,197.45712280273438,616.8292236328125,397.4670715332031,21.860000610351562,140.2098846435547,256.2474365234375,59.59971237182617,621.0083618164062,441.9239196777344,95.39900207519531,147.0218505859375,23.46803092956543,158.17698669433594,597.7685546875,415.1099853515625,503.3157043457031,91.98139190673828,104.24530792236328
2025-01-23,222.2401123046875,123.04000091552734,235.4199981689453,45.085018157958984,934.63427734375,331.659912109375,147.65386962890625,109.82542419433594,197.0689239501953,623.4290771484375,401.62493896484375,21.56999969482422,141.5321807861328,259.2794189453125,59.35853576660156,633.9066162109375,442.42901611328125,98.48600006103516,147.17178344726562,23.85600471496582,159.53079223632812,601.03125,412.3800048828125,513.0485229492188,92.5536117553711,104.83538818359375
2025-01-24,221.36566162109375,122.83999633789062,234.85000610351562,45.211360931396484,932.1741943359375,330.88690185546875,147.31314086914062,110.93318176269531,199.2886505126953,620.8944091796875,401.7315368652344,20.829999923706055,141.70590209960938,258.1972961425781,59.734771728515625,644.9024658203125,439.804443359375,97.75900268554688,142.5732879638672,23.929378509521484,158.54257202148438,599.2767333984375,406.5799865722656,515.7020263671875,93.49089813232422,103.41728973388672
2025-01-27,228.4007110595703,115.01000213623047,235.4199981689453,45.76533126831055,957.539794921875,343.9883728027344,148.80853271484375,112.10025787353516,190.9273223876953,617.3653564453125,411.7820739746094,20.290000915527344,147.564453125,259.18194580078125,61.61595153808594,657.2430419921875,430.39544677734375,97.18900299072266,118.38121032714844,24.63561248779297,163.89431762695312,590.7997436523438,397.1499938964844,526.364501953125,96.09554290771484,104.85443115234375
2025-01-28,236.7473907470703,114.16999816894531,238.14999389648438,45.52236557006836,951.0123901367188,356.7231750488281,147.84317016601562,110.91339111328125,194.40126037597656,621.7717895507812,405.92816162109375,19.799999237060547,145.14190673828125,260.4396057128906,60.15924835205078,671.63525390625,442.91436767578125,97.18299865722656,128.94776916503906,24.53472137451172,160.54222106933594,595.8760986328125,398.0899963378906,525.3573608398438,95.98702239990234,102.82719421386719
2025-01-29,237.84042358398438,117.3499984741211,237.07000732421875,45.43489456176758,956.3197631835938,350.8265075683594,147.35101318359375,111.95191192626953,194.5107421875,621.3623657226562,400.6848449707031,19.75,145.88507080078125,259.89361572265625,60.61265563964844,673.78662109375,438.09100341796875,97.81500244140625,123.65948486328125,24.41548728942871,160.5808563232422,593.2047729492188,389.1000061035156,521.1155395507812,96.19419860839844,103.42678833007812
2025-01-30,236.08164978027344,118.86000061035156,234.63999938964844,45.40574264526367,971.1900024414062,340.4900207519531,147.947265625,112.18928527832031,199.9456329345703,629.4732666015625,401.7315368652344,20.010000228881836,147.545166015625,261.50225830078125,61.789608001708984,684.2545776367188,411.01300048828125,97.3239974975586,124.60917663574219,24.681472778320312,161.72076416015625,596.3886108398438,400.2799987792969,528.3497314453125,97.32880401611328,104.28337097167969
2025-01-31,234.5017547607422,115.94999694824219,237.67999267578125,44.997554779052734,972.0531005859375,338.6368103027344,141.1991729736328,111.82332611083984,203.0811309814453,624.3064575195312,399.2891540527344,19.43000030517578,146.85023498535156,260.5955810546875,61.23971176147461,686.4259643554688,411.08233642578125,97.6760025024414,120.03067016601562,24.323768615722656,160.34901428222656,593.2146606445312,404.6000061035156,525.3670654296875,96.84537506103516,101.67558288574219
2025-02-03,226.5624542236328,114.2699966430664,237.4199981689453,44.91008377075195,997.7957763671875,336.1988220214844,141.34112548828125,112.75304412841797,200.30397033691406,616.4782104492188,396.1683349609375,19.3799991607666,146.5800018310547,260.1178894042969,61.11430358886719,694.6728515625,406.9820556640625,97.89399719238281,116.62179565429688,24.030269622802734,163.02487182617188,589.2225952148438,383.67999267578125,530.87744140625,98.20687866210938,101.92303466796875
2025-02-04,231.3220672607422,119.5,242.05999755859375,45.39601516723633,1013.6976318359375,341.054931640625,145.0133056640625,112.06070709228516,205.43026733398438,618.2427978515625,398.8142395019531,19.290000915527344,148.1435546875,261.21954345703125,60.45830535888672,701.3759155273438,408.4180908203125,99.48699951171875,118.61112976074219,23.72760009765625,162.4163055419922,593.17529296875,392.2099914550781,528.2335815429688,99.42039489746094,104.65455627441406
2025-02-05,230.99417114257812,112.01000213623047,236.1699981689453,45.784767150878906,1034.5498046875,344.8109130859375,144.79562377929688,109.33089447021484,190.4495391845703,629.2295532226562,401.072509765625,19.649999618530273,149.30177307128906,263.64703369140625,60.89242935180664,702.0531616210938,409.32928466796875,101.11100006103516,124.78911590576172,24.250394821166992,163.26638793945312,595.5803833007812,378.1700134277344,522.7716064453125,101.0877685546875,104.57839965820312
2025-02-06,231.73941040039062,110.16000366210938,238.8300018310547,46.39704513549805,1042.5950927734375,327.8444519042969,143.76400756835938,110.86392974853516,190.71827697753906,641.6785888671875,401.40203857421875,19.3799991607666,148.16287231445312,269.9547424316406,61.12395477294922,709.144775390625,411.8350524902344,101.56800079345703,128.6378631591797,23.69091033935547,163.14080810546875,597.6503295898438,374.32000732421875,513.3099365234375,101.47254943847656,103.19837951660156
2025-02-07,226.18490600585938,107.55999755859375,229.14999389648438,46.06660461425781,1036.6165771484375,322.9090576171875,144.4454345703125,109.64739227294922,184.48707580566406,639.4168701171875,394.8211669921875,19.100000381469727,147.78643798828125,268.88238525390625,61.587013244628906,711.6646728515625,405.8232116699219,101.39299774169922,129.79747009277344,23.60836410522461,162.26173400878906,592.1798095703125,361.6199951171875,510.39501953125,99.79531860351562,103.63618469238281
2025-02-10,226.4534454345703,110.4800033569336,233.13999938964844,45.357139587402344,1054.601806640625,324.26678466796875,147.42672729492188,108.08467864990234,185.61187744140625,634.1819458007812,401.23724365234375,19.770000457763672,148.86746215820312,264.24176025390625,62.2719612121582,714.5331420898438,408.26953125,102.76000213623047,133.5262451171875,23.72760009765625,161.83668518066406,596.2013549804688,350.7300109863281,516.5348510742188,101.54161071777344,105.6158218383789
2025-02-11,231.39735412597656,111.0999984741211,232.75999450683594,45.4737663269043,1051.04638671875,321.49188232421875,149.00729370117188,107.8275146484375,184.46719360351562,630.9744873046875,403.5342102050781,20.969999313354492,150.69158935546875,268.0926818847656,65.21432495117188,716.923583984375,407.4970397949219,100.80799865722656,132.7565155029297,23.415756225585938,163.672119140625,596.6547241210938,328.5,517.0674438476562,101.0976333618164,106.28205108642578
2025-02-12,235.625,111.72000122070312,228.92999267578125,44.91008377075195,1057.779541015625,323.19647216796875,146.60330200195312,108.03522491455078,182.76504516601562,632.6902465820312,394.5982971191406,22.479999542236328,149.85189819335938,268.5411682128906,66.28514099121094,722.4812622070312,405.1200256347656,102.73100280761719,131.0970458984375,23.3607234954834,163.8170166015625,594.732666015625,336.510009765625,510.7532958984375,102.22237396240234,103.0843734741211
2025-02-13,240.26052856445312,111.80999755859375,230.3699951171875,45.026710510253906,1069.4384765625,326.89300537109375,147.5308380126953,108.39128112792969,185.2834014892578,632.6415405273438,399.72528076171875,24.1299991607666,151.77259826660156,269.3893127441406,67.0472640991211,725.6486206054688,406.60565185546875,104.36900329589844,135.2456817626953,23.516645431518555,165.20806884765625,601.0115356445312,355.94000244140625,514.4140014648438,103.64308166503906,103.8333740234375
2025-02-14,243.31439208984375,113.0999984741211,228.67999267578125,45.638980865478516,1064.4630126953125,323.61273193359375,148.65045166015625,109.17264556884766,184.37759399414062,643.9500122070312,396.8855285644531,23.600000381469727,150.71090698242188,269.6525573730469,66.43950653076172,733.7261352539062,404.5158386230469,105.86000061035156,138.80453491210938,23.415756225585938,157.3543701171875,600.9819946289062,355.8399963378906,506.9860534667969,102.64661407470703,103.93900299072266
2025-02-18,243.18507385253906,114.27999877929688,226.64999389648438,45.2210807800293,1048.752197265625,326.0110168457031,149.43511962890625,108.36161041259766,182.92431640625,655.2974853515625,390.88623046875,27.389999389648438,150.7887420654297,272.92828369140625,66.61314392089844,713.5072631835938,405.7142639160156,103.58499908447266,139.35435485839844,23.44327163696289,159.8080596923828,602.746337890625,354.1099853515625,484.9251403808594,102.39009094238281,105.76351165771484
2025-02-19,243.5829620361328,114.69000244140625,226.6300048828125,44.71570587158203,1055.2174072265625,321.6207275390625,150.45904541015625,110.13202667236328,184.41741943359375,651.359130859375,383.2489929199219,25.719999313354492,153.61013793945312,272.245849609375,67.59715270996094,700.95751953125,410.7950744628906,104.33300018310547,139.18438720703125,23.745943069458008,160.83204650878906,604.1658325195312,360.55999755859375,494.9096984863281,102.60714721679688,105.91715240478516
2025-02-20,244.5379180908203,114.16999816894531,222.8800048828125,44.02568435668945,1027.6983642578125,315.5754089355469,151.95187377929688,109.34078979492188,183.71067810058594,626.11962890625,382.48333740234375,26.09000015258789,155.35159301757812,260.10809326171875,67.5682144165039,692.063232421875,412.9684753417969,102.4540023803711,140.06410217285156,23.75511360168457,161.52757263183594,601.6522827148438,354.3999938964844,486.5617980957031,95.9080810546875,107.54960632324219
2025-02-21,244.2593994140625,110.83999633789062,216.5800018310547,43.549468994140625,1027.8970947265625,307.0227355957031,150.1623992919922,107.4714584350586,178.83322143554688,609.8782348632812,373.4309997558594,24.8700008392334,157.9005889892578,257.6123352050781,68.83198547363281,680.8184204101562,405.108642578125,100.31500244140625,134.38595581054688,24.12198829650879,164.44493103027344,591.3615112304688,337.79998779296875,451.6980895996094,93.51063537597656,106.29166412353516
2025-02-24,245.80125427246094,108.11000061035156,212.7100067138672,43.209312438964844,1028.4630126953125,305.5560607910156,151.09063720703125,109.9836654663086,178.42510986328125,610.40478515625,370.6397705078125,24.270000457763672,159.3015594482422,254.78506469726562,68.09880065917969,665.4600830078125,400.9306335449219,98.84700012207031,130.23733520507812,24.443002700805664,164.74440002441406,588.670654296875,330.5299987792969,446.95269775390625,92.41549682617188,106.8486099243164
2025-02-25,245.74154663085938,103.95999908447266,212.8000030517578,42.70393371582031,1048.3848876953125,303.1379089355469,149.68392944335938,109.32100677490234,174.61273193359375,599.4569702148438,381.1749267578125,22.989999771118164,161.5878448486328,250.9438934326172,68.96703338623047,654.87255859375,394.8769836425781,97.7239990234375,126.58851623535156,24.525548934936523,166.78268432617188,585.7431030273438,302.79998779296875,455.5330505371094,96.38166046142578,105.36981201171875
2025-02-26,239.09669494628906,104.73999786376953,214.35000610351562,42.70393371582031,1024.8580322265625,304.57489013671875,148.4590606689453,110.60678100585938,171.93511962890625,602.2451782226562,378.4514465332031,23.520000457763672,158.6594696044922,252.2990264892578,68.3013916015625,671.0078125,396.6930847167969,99.00599670410156,131.23699951171875,24.2320499420166,165.4785919189453,586.0386962890625,290.79998779296875,448.9573669433594,94.91161346435547,105.11053466796875
2025-02-27,236.05276489257812,99.51000213623047,208.74000549316406,42.878875732421875,1014.6688232421875,292.25634765625,149.92315673828125,110.09247589111328,167.72459411621094,592.7206420898438,378.2479248046875,23.09000015258789,159.2918243408203,252.55247497558594,68.36892700195312,655.6094970703125,389.5477600097656,96.30699920654297,120.11064910888672,23.93855094909668,166.1258087158203,576.6843872070312,281.95001220703125,453.7705078125,95.49371337890625,105.77310943603516
2025-02-28,240.5688934326172,99.86000061035156,212.27999877929688,44.80317687988281,1041.3834228515625,295.1799011230469,151.7891845703125,112.55523681640625,169.49639892578125,609.6597290039062,384.3829345703125,23.729999542236328,160.54685974121094,258.0120544433594,68.6969223022461,665.52978515625,393.9739074707031,98.05599975585938,124.87908172607422,24.241220474243164,167.93223571777344,585.6839599609375,292.9800109863281,459.968505859375,97.28933715820312,106.90621948242188
2025-03-03,236.77891540527344,98.2300033569336,205.02000427246094,44.27837371826172,1039.635498046875,290.43280029296875,146.49734497070312,111.55628204345703,166.24143981933594,592.9754028320312,377.6858215332031,22.739999771118164,162.74560546875,254.08309936523438,69.76773834228516,652.4322509765625,385.5384826660156,97.37000274658203,114.02263641357422,24.076129913330078,169.62277221679688,575.4227905273438,284.6499938964844,452.30816650390625,96.28298950195312,103.47807312011719
2025-03-04,234.68994140625,100.75,203.8000030517578,41.46966552734375,1029.724365234375,284.7641296386719,145.4542999267578,107.81763458251953,170.13345336914062,569.3449096679688,369.92254638671875,21.329999923706055,160.93600463867188,243.9732208251953,67.7129135131836,637.4424438476562,385.6575622558594,97.25800323486328,115.9520034790039,23.617536544799805,167.29466247558594,568.611572265625,272.0400085449219,459.6295471191406,93.69808959960938,103.26683044433594
2025-03-05,234.50096130371094,101.66999816894531,208.36000061035156,41.1003532409668,1040.529296875,289.35260009765625,144.31552124023438,108.11434173583984,172.22378540039062,581.0328369140625,374.4486999511719,20.809999465942383,160.64413452148438,245.22113037109375,67.60680389404297,653.8466186523438,397.9732666015625,99.09200286865234,117.2615737915039,23.791799545288086,168.67608642578125,574.7228393554688,279.1000061035156,460.9563293457031,94.69456481933594,101.2502670288086
2025-03-06,234.09312438964844,98.8499984741211,200.6999969482422,40.293704986572266,1019.5449829101562,283.48565673828125,146.36337280273438,104.27678680419922,171.55686950683594,556.1483154296875,369.97100830078125,20.75,161.33489990234375,240.3562774658203,67.97339630126953,625.420654296875,393.8746643066406,90.63600158691406,110.53378295898438,24.066957473754883,168.72438049316406,564.52099609375,263.45001220703125,472.32574462890625,93.37251281738281,103.34364318847656
2025-03-07,237.81346130371094,100.30999755859375,199.25,40.48930358886719,957.664306640625,280.3540344238281,149.6073760986328,104.35591888427734,173.0599365234375,548.3107299804688,365.1928405761719,20.639999389648438,162.17160034179688,236.203125,68.90916442871094,623.1597290039062,390.3218688964844,89.11100006103516,112.65309143066406,24.516376495361328,169.9705352783203,567.6849975585938,262.6700134277344,477.9039306640625,90.49162292480469,104.6880111694336
2025-03-10,226.2843780517578,96.62999725341797,194.5399932861328,38.95384216308594,927.970458984375,270.45355224609375,150.784423828125,101.9524917602539,165.2968292236328,520.8692016601562,363.1091003417969,19.93000030517578,163.15420532226562,226.39544677734375,68.9284439086914,595.600341796875,377.2717590332031,86.66799926757812,106.94496154785156,24.4338321685791,170.27000427246094,552.564453125,222.14999389648438,467.04998779296875,86.64385223388672,107.35755157470703
2025-03-11,219.6792755126953,96.76000213623047,196.58999633789062,38.73868179321289,924.0774536132812,274.56634521484375,147.44471740722656,96.82915496826172,163.47314453125,520.6438598632812,356.81903076171875,19.780000686645508,161.36407470703125,223.3927001953125,68.53292083740234,603.28955078125,377.5595703125,89.51000213623047,108.72438049316406,23.83765983581543,167.23672485351562,547.970947265625,230.5800018310547,472.71038818359375,86.26893615722656,104.82245635986328
2025-03-12,215.8395538330078,100.79000091552734,198.88999938964844,39.03208541870117,920.69091796875,282.02880859375,146.09542846679688,97.67974853515625,166.5325469970703,524.8369750976562,353.4947204589844,20.68000030517578,158.4356689453125,222.18380737304688,67.47174072265625,617.0840454101562,380.35809326171875,91.96800231933594,115.71273803710938,23.580846786499023,162.64813232421875,550.8787841796875,248.08999633789062,467.91552734375,84.05892181396484,104.79364776611328
2025-03-13,208.57791137695312,98.11000061035156,193.88999938964844,38.797359466552734,884.482177734375,269.3039855957031,146.9949493408203,95.81041717529297,162.1975860595703,514.158203125,338.6889343261719,23.700000762939453,158.5718994140625,219.5417938232422,67.16303253173828,588.2797241210938,375.892333984375,89.01699829101562,115.55277252197266,23.479957580566406,162.86065673828125,543.535400390625,240.67999267578125,468.3143310546875,83.3683090209961,104.35191345214844
2025-03-14,212.36790466308594,100.97000122070312,197.9499969482422,39.99052047729492,897.6905517578125,276.8952941894531,150.2581024169922,97.5610580444336,164.91815185546875,530.4212646484375,342.6488342285156,24.049999237060547,158.39675903320312,226.6099395751953,67.21162414550781,605.7102661132812,385.60791015625,91.80000305175781,121.6413345336914,23.59002113342285,162.26173400878906,554.7625122070312,249.97999572753906,475.248779296875,84.20691680908203,107.4535903930664
2025-03-17,212.87521362304688,104.58999633789062,195.74000549316406,40.52842330932617,910.2930908203125,278.2331848144531,151.88487243652344,98.27318572998047,163.7222900390625,540.1497802734375,345.3993225097656,25.690000534057617,158.4259490966797,228.0625457763672,68.14457702636719,603.0187377929688,385.74688720703125,95.00199890136719,119.50183868408203,23.892690658569336,163.99090576171875,559.0403442382812,238.00999450683594,485.3343811035156,86.2886734008789,109.23966979980469
2025-03-18,211.5720977783203,103.51000213623047,192.82000732421875,40.73380661010742,891.8609619140625,276.2312927246094,153.88487243652344,98.26329040527344,160.1147918701172,540.5808715820312,340.9517517089844,25.920000076293945,159.7977294921875,229.07647705078125,67.42542266845703,580.5487670898438,380.6062316894531,92.99800109863281,115.40280151367188,24.131160736083984,162.0105743408203,552.9981079101562,225.30999755859375,489.9833068847656,84.4437026977539,109.12443542480469
2025-03-19,214.1086883544922,106.2300033569336,195.5399932861328,41.2814826965332,897.8196411132812,276.8853454589844,156.98536682128906,99.1930160522461,163.3236846923828,546.0280151367188,344.70684814453125,24.1200008392334,158.5718994140625,233.1126251220703,67.32823944091797,582.2435302734375,384.87359619140625,95.9489974975586,117.4923095703125,24.03944206237793,162.8413543701172,559.0206298828125,235.86000061035156,489.3997497558594,85.17381286621094,110.82410430908203
2025-03-20,212.97470092773438,107.13999938964844,194.9499969482422,41.54554748535156,889.229248046875,276.52862548828125,157.6743621826172,97.77864837646484,162.23744201660156,551.2595825195312,346.7550048828125,23.959999084472656,158.60107421875,233.01513671875,67.74612426757812,584.1775512695312,383.9010314941406,95.08399963378906,118.50206756591797,24.021099090576172,161.8560028076172,557.4041748046875,236.25999450683594,497.277587890625,84.6607666015625,111.29463958740234
2025-03-21,217.12278747558594,106.44000244140625,196.2100067138672,41.5357666015625,902.9938354492188,278.1043701171875,157.65521240234375,98.3720932006836,163.42333984375,553.669677734375,342.4927978515625,24.260000228881836,159.19454956054688,235.56942749023438,66.73542022705078,594.3956298828125,388.28741455078125,96.02899932861328,117.6722640991211,24.1036434173584,161.02525329589844,557.5880126953125,248.7100067138672,502.6754150390625,85.06144714355469,110.9105224609375
2025-03-24,219.56983947753906,113.8499984741211,203.25999450683594,42.1225700378418,919.6580200195312,283.396484375,157.91360473632812,99.08421325683594,167.1005859375,568.3259887695312,354.8016662597656,24.219999313354492,158.8637237548828,241.83816528320312,67.00753021240234,616.9252319335938,390.0936279296875,97.1989974975586,121.38140106201172,23.975238800048828,160.02056884765625,567.5736694335938,278.3900146484375,502.33502197265625,86.55530548095703,111.1986083984375
2025-03-25,222.573974609375,114.80999755859375,205.7100067138672,42.32794952392578,923.8489990234375,286.0227355957031,158.79397583007812,100.49857330322266,169.97064208984375,574.0474243164062,352.0902099609375,24.200000762939453,156.65528869628906,244.83114624023438,66.8714828491211,624.3621826171875,392.15777587890625,99.72799682617188,120.66156768798828,23.434097290039062,157.3157501220703,568.9379272460938,288.1400146484375,499.3492126464844,83.8544692993164,111.95721435546875
2025-03-26,220.3656463623047,110.19000244140625,201.1300048828125,41.87807083129883,923.3424682617188,278.4710388183594,160.7365264892578,99.67765045166016,164.4896240234375,562.2714233398438,353.2021179199219,23.420000076293945,157.3363037109375,244.73365783691406,68.04740142822266,609.0797729492188,387.0072021484375,97.06500244140625,113.73320007324219,23.122255325317383,160.91897583007812,562.1458129882812,272.05999755859375,503.9884033203125,84.2996597290039,113.57044982910156
2025-03-27,222.6734619140625,106.6500015258789,201.36000061035156,41.62378692626953,932.2804565429688,275.3195495605469,159.47337341308594,99.35125732421875,161.67938232421875,547.5758056640625,353.78729248046875,23.6200008392334,158.70809936523438,241.89663696289062,68.74710845947266,600.7059326171875,387.6125793457031,97.6719970703125,111.40375518798828,22.938817977905273,162.9766082763672,560.6529541015625,273.1300048828125,501.5763854980469,84.71517944335938,113.20555877685547
2025-03-28,216.7547149658203,103.22000122070312,192.72000122070312,40.34260559082031,923.2530517578125,267.5498046875,158.93751525878906,96.9972915649414,153.79672241210938,532.0965576171875,349.3202209472656,22.709999084472656,159.2723846435547,236.7588348388672,68.38754272460938,574.9462890625,375.92205810546875,93.38500213623047,109.6441650390625,23.122255325317383,162.31968688964844,549.3623657226562,263.54998779296875,501.8876037597656,84.24030303955078,113.05191802978516
2025-03-31,220.96249389648438,102.73999786376953,190.25999450683594,40.812049865722656,939.2620239257812,265.9542236328125,160.08583068847656,97.62039947509766,154.1056365966797,535.2022094726562,357.45458984375,22.709999084472656,161.34463500976562,239.1473846435547,69.6023178100586,574.5674438476562,372.5379943847656,93.25299835205078,108.35446166992188,23.24148941040039,164.6284637451172,553.0501098632812,259.1600036621094,509.3861389160156,86.85209655761719,114.20423126220703
2025-04-01,222.01690673828125,102.77999877929688,192.1699981689453,40.577327728271484,947.8226928710938,267.7778015136719,161.2532958984375,96.61156463623047,156.52725219726562,537.3184204101562,356.50848388671875,22.049999237060547,149.0959014892578,237.54849243164062,69.84528350830078,584.1775512695312,379.2863464355469,92.83799743652344,110.1240463256836,22.507741928100586,164.7637176513672,554.6121826171875,268.4599914550781,508.7734375,87.88098907470703,114.30986022949219
2025-04-02,222.71324157714844,102.95999908447266,196.00999450683594,40.929405212402344,958.4290771484375,269.1057434082031,159.3011474609375,96.80936431884766,156.49734497070312,551.6709594726562,361.7461242675781,21.979999542236328,151.14869689941406,239.6543426513672,69.32049560546875,582.114013671875,379.2367248535156,93.552001953125,110.39398193359375,22.654491424560547,163.73974609375,558.1219482421875,282.760009765625,508.8512878417969,88.80105590820312,113.95455932617188
2025-04-03,202.12203979492188,93.80000305175781,178.41000366210938,36.4012565612793,960.415283203125,252.9419708251953,149.3968505859375,87.86824798583984,150.19920349121094,500.8538513183594,347.13543701171875,22.43000030517578,155.48782348632812,222.95399475097656,71.11837005615234,529.9666137695312,370.2752990722656,91.70500183105469,101.77601623535156,22.278446197509766,166.53155517578125,530.6173095703125,267.2799987792969,525.6184692382812,86.32776641845703,107.96251678466797
2025-04-04,187.389892578125,85.76000213623047,171.0,33.633506774902344,910.1640014648438,238.60169982910156,137.1097869873047,82.6163330078125,145.09689331054688,461.25421142578125,345.17498779296875,19.850000381469727,149.08619689941406,206.26849365234375,67.95992279052734,503.1602783203125,357.10614013671875,85.58599853515625,94.28778076171875,21.06775665283203,158.18515014648438,499.5533447265625,239.42999267578125,510.6504821777344,82.3012466430664,100.1939697265625
2025-04-07,180.50625610351562,83.63999938964844,175.25999450683594,34.79732894897461,901.8715209960938,242.02076721191406,134.1145782470703,82.38884735107422,146.24288940429688,456.0617980957031,333.0904846191406,19.56999969482422,146.53720092773438,210.34913635253906,66.44388580322266,514.6444091796875,355.14117431640625,86.78299713134766,97.61698913574219,20.75591468811035,154.7847442626953,498.66357421875,233.2899932861328,510.31011962890625,82.93440246582031,98.849609375
2025-04-08,171.51376342773438,78.20999908447266,170.66000366210938,34.259429931640625,902.4873046875,241.802734375,131.03323364257812,80.82613372802734,144.19998168945312,452.83856201171875,326.9750061035156,18.1299991607666,145.93399047851562,212.73275756835938,66.49246978759766,508.86248779296875,351.86627197265625,87.04000091552734,96.27731323242188,20.03133773803711,153.00730895996094,490.85308837890625,221.86000061035156,537.9118041992188,80.91620635986328,96.76583099365234
2025-04-09,197.8048553466797,96.83999633789062,191.10000610351562,36.332794189453125,958.5382690429688,262.7928771972656,139.74136352539062,90.43981170654297,158.1615753173828,506.3793640136719,346.6282653808594,21.530000686645508,146.87770080566406,229.86949157714844,67.9793701171875,583.9482421875,387.52325439453125,94.5469970703125,114.30306243896484,20.62751007080078,156.8037567138672,542.4021606445312,272.20001220703125,562.6346435546875,88.64275360107422,101.59596252441406
2025-04-10,189.4191436767578,88.69999694824219,181.22000122070312,35.0613899230957,957.664306640625,253.23020935058594,129.16722106933594,84.29773712158203,152.29193115234375,479.85882568359375,344.9018859863281,19.8799991607666,144.6595001220703,222.77743530273438,68.76654815673828,544.5909423828125,378.4527282714844,92.11699676513672,107.5446548461914,19.802043914794922,158.00160217285156,518.6345825195312,252.39999389648438,578.0986328125,89.64197540283203,95.95921325683594
2025-04-11,197.10853576660156,93.4000015258789,184.8699951171875,35.1591911315918,956.7705078125,253.11109924316406,129.78924560546875,83.96145629882812,156.59701538085938,484.4046325683594,345.13592529296875,19.739999771118164,147.6171112060547,231.69400024414062,69.41767120361328,541.8794555664062,385.498779296875,91.8290023803711,110.90386199951172,20.09554100036621,161.23777770996094,527.888427734375,252.30999755859375,583.029541015625,91.80857849121094,99.04165649414062
2025-04-14,201.45556640625,94.5,182.1199951171875,35.86334991455078,972.5709228515625,252.6644287109375,129.4925994873047,83.73397064208984,158.52035522460938,493.7509765625,348.3936462402344,20.309999465942383,150.1758270263672,230.2422332763672,70.408935546875,529.8270263671875,384.8636169433594,93.12799835205078,110.68391418457031,20.28815269470215,163.38232421875,533.009765625,252.35000610351562,570.9598999023438,93.71795654296875,99.28172302246094
2025-04-15,201.07754516601562,95.29000091552734,179.58999633789062,37.154319763183594,970.1873779296875,253.04161071777344,128.7461700439453,84.08014678955078,155.76988220214844,497.5816345214844,345.3797912597656,19.850000381469727,149.45587158203125,228.68258666992188,69.83556365966797,519.8981323242188,382.7994384765625,97.62799835205078,112.1735610961914,20.581649780273438,162.7447509765625,531.5169067382812,254.11000061035156,567.5850830078125,92.96607971191406,99.00325775146484
2025-04-16,193.24891662597656,88.29000091552734,174.3300018310547,36.50883865356445,961.0806884765625,247.9893341064453,129.53086853027344,81.86463928222656,152.8001708984375,488.9210510253906,337.4599609375,19.229999542236328,149.738037109375,225.229736328125,69.66063690185547,500.747802734375,368.78668212890625,96.16300201416016,104.46538543701172,20.214778900146484,160.7354278564453,519.7022705078125,241.5500030517578,568.9953002929688,90.21578216552734,100.0499496459961
2025-04-17,195.94467163085938,87.5,172.61000061035156,36.587074279785156,987.6463623046875,245.42843627929688,131.9327850341797,83.88232421875,150.63766479492188,499.1491394042969,346.306396484375,18.93000030517578,153.20152282714844,227.534912109375,70.94344329833984,499.9203796386719,364.98577880859375,97.3030014038086,101.4660873413086,20.30649185180664,164.8313446044922,520.44384765625,241.3699951171875,441.65606689453125,92.2240982055664,102.67145538330078
2025-04-21,192.14474487304688,85.55999755859375,167.32000732421875,36.107852935791016,951.16943359375,234.50990295410156,127.97106170654297,83.08119201660156,147.15972900390625,491.18414306640625,338.3475341796875,18.84000015258789,152.66641235351562,224.62155151367188,70.71991729736328,483.15264892578125,356.3916015625,98.79100036621094,96.88717651367188,20.214778900146484,161.11524963378906,508.055908203125,227.5,413.6653137207031,91.4227523803711,101.1638412475586
2025-04-22,198.690185546875,86.26000213623047,173.17999267578125,37.477054595947266,972.4815063476562,241.5871124267578,131.38731384277344,85.14833068847656,150.94659423828125,509.43603515625,345.6919250488281,19.510000228881836,153.4739227294922,231.0956573486328,71.8180923461914,498.72412109375,364.0331115722656,104.03399658203125,98.86670684814453,20.664199829101562,163.18568420410156,521.2743530273438,237.97000122070312,415.464599609375,93.836669921875,103.99662780761719
2025-04-23,203.52462768554688,90.38999938964844,180.60000610351562,37.89759826660156,969.1149291992188,248.6245880126953,130.79400634765625,86.335205078125,154.81320190429688,518.56689453125,347.6328430175781,20.59000015258789,151.1681671142578,236.28472900390625,71.23500061035156,518.6519775390625,371.5456237792969,104.95899963378906,102.68579864501953,20.535791397094727,161.09580993652344,529.3517456054688,250.74000549316406,416.22320556640625,93.94549560546875,103.10358428955078
2025-04-24,207.27479553222656,94.47000122070312,186.5399932861328,38.7093391418457,968.75732421875,262.7392578125,133.0811004638672,89.02545928955078,158.72959899902344,534.3009033203125,350.7734680175781,21.489999771118164,150.7303466796875,239.97299194335938,70.47696685791016,531.4918823242188,384.35748291015625,109.68699645996094,106.4049301147461,20.893495559692383,155.0691680908203,540.4940795898438,259.510009765625,412.6149597167969,94.81609344482422,104.31350708007812
2025-04-25,208.18002319335938,96.6500015258789,188.99000549316406,38.816917419433594,970.4257202148438,265.8659362792969,132.7557373046875,89.2925033569336,161.40036010742188,533.80126953125,348.7642517089844,20.049999237060547,150.38987731933594,238.90380859375,69.8841552734375,545.5679931640625,388.8729248046875,110.15299987792969,110.98385620117188,21.021902084350586,156.51751708984375,544.3992309570312,284.95001220703125,407.1588439941406,94.0740966796875,104.25588989257812
2025-04-28,209.0355224609375,96.38999938964844,187.6999969482422,38.904937744140625,971.7962646484375,263.67230224609375,134.06674194335938,89.17382049560547,160.05502319335938,535.31005859375,348.12054443359375,20.510000228881836,151.1389923095703,238.58009338378906,69.76752471923828,548.0302734375,388.18817138671875,111.03800201416016,108.70439147949219,21.14113426208496,157.3242950439453,544.6068115234375,285.8800048828125,408.4815368652344,94.20272827148438,104.31350708007812
2025-04-29,210.09988403320312,96.05999755859375,187.38999938964844,39.11032485961914,984.8656005859375,265.776611328125,133.30120849609375,90.17276000976562,159.60658264160156,537.7788696289062,350.1492614746094,20.34000015258789,151.68380737304688,239.95338439941406,70.31175231933594,552.7156372070312,391.0462951660156,112.56400299072266,108.99431610107422,21.819852828979492,157.7228240966797,548.0375366210938,292.0299987792969,398.00689697265625,95.01396179199219,104.05424499511719
2025-04-30,211.38311767578125,97.3499984741211,184.4199981689453,39.002742767333984,987.6463623046875,266.7195129394531,130.2007293701172,89.95516967773438,158.2512664794922,536.4367065429688,351.60247802734375,20.100000381469727,152.07293701171875,239.95338439941406,70.50611877441406,547.2925415039062,392.25701904296875,113.1719970703125,108.89433288574219,22.388507843017578,158.024169921875,548.2550048828125,282.1600036621094,400.15631103515625,96.2110366821289,101.43270874023438
2025-05-01,212.19879150390625,96.6500015258789,190.1999969482422,39.28636169433594,992.1549682617188,267.3349304199219,130.39208984375,89.81670379638672,160.74261474609375,542.5892333984375,349.46649169921875,19.979999542236328,150.2731170654297,242.18006896972656,69.2816162109375,570.430419921875,422.16802978515625,113.34700012207031,111.58370208740234,21.948259353637695,155.506591796875,552.1404418945312,280.5199890136719,389.69134521484375,96.36933135986328,101.5767593383789
2025-05-02,204.27069091796875,98.80000305175781,189.97999572753906,40.16656494140625,1002.6558837890625,273.0423583984375,132.53564453125,91.47832489013672,163.4632110595703,554.6101684570312,355.53314208984375,20.6200008392334,151.88809204101562,247.69285583496094,69.63148498535156,595.1632080078125,431.9729919433594,115.64900207519531,114.47303009033203,22.195898056030273,156.03147888183594,560.3365478515625,287.2099914550781,388.95220947265625,97.69500732421875,101.98966979980469
2025-05-05,197.8446502685547,100.58999633789062,186.35000610351562,40.21546173095703,1009.2089233398438,270.61053466796875,129.6648406982422,91.10248565673828,163.64259338378906,548.2029418945312,352.81195068359375,20.270000457763672,150.7984619140625,247.74192810058594,69.68006896972656,597.40625,432.8562316894531,113.40599822998047,113.7931900024414,21.893226623535156,154.3887481689453,557.1234130859375,280.260009765625,393.7080993652344,98.26881408691406,99.1664810180664
2025-05-06,197.46664428710938,98.62000274658203,185.00999450683594,39.94162368774414,1004.8435668945312,271.3351135253906,129.76052856445312,91.16182708740234,162.66595458984375,538.2098999023438,350.5198974609375,19.940000534057617,150.2828369140625,244.49505615234375,69.69950103759766,585.4833984375,430.0179443359375,113.76899719238281,113.51325988769531,20.985212326049805,154.79701232910156,552.4666748046875,275.3500061035156,383.6905822753906,97.49715423583984,100.54927062988281
2025-05-07,195.21852111816406,100.36000061035156,188.7100067138672,40.02964401245117,1001.5123291015625,276.1690368652344,129.9423370361328,100.97332000732422,150.85691833496094,540.7179565429688,353.80682373046875,20.309999465942383,153.0361328125,244.63238525390625,70.36034393310547,594.953857421875,430.0576477050781,115.54100036621094,117.03242492675781,20.902666091918945,154.8358917236328,554.7901611328125,276.2200012207031,380.3351745605469,97.77415466308594,100.45325469970703
2025-05-08,196.45201110839844,101.69999694824219,192.0800018310547,40.68490219116211,1002.0691528320312,277.6678771972656,131.13851928710938,103.97018432617188,153.7469024658203,554.2183227539062,355.8647766113281,21.0,151.44058227539062,248.63455200195312,69.16499328613281,596.1502075195312,434.84100341796875,114.44300079345703,117.34235382080078,21.06775665283203,154.21377563476562,558.6558227539062,284.82000732421875,374.9762878417969,96.38912200927734,101.85523223876953
2025-05-09,197.4865264892578,102.83999633789062,193.05999755859375,40.8707275390625,1002.4471435546875,273.3798522949219,132.52609252929688,104.78121185302734,152.22216796875,555.58984375,353.76776123046875,21.420000076293945,150.03961181640625,248.2519989013672,68.53330993652344,590.6473388671875,435.39678955078125,114.02200317382812,116.62252044677734,20.82474136352539,153.25146484375,557.9440307617188,298.260009765625,370.20098876953125,95.91805267333984,103.04595184326172
2025-05-12,209.95704650878906,108.12000274658203,208.63999938964844,42.406192779541016,1010.4619750976562,286.6806335449219,135.52127075195312,109.28144073486328,157.91244506835938,579.3379516601562,367.30560302734375,22.18000030517578,149.96177673339844,255.08901977539062,67.57119750976562,637.4413452148438,445.8467712402344,111.0,122.97103118896484,21.58183479309082,156.4008331298828,576.3826293945312,318.3800048828125,368.3627624511719,95.94779205322266,104.82245635986328
2025-05-13,212.08860778808594,112.45999908447266,211.3699951171875,43.30595016479492,993.4378051757812,287.0280456542969,136.2198486328125,110.16170501708984,158.97874450683594,591.5547485351562,364.3893127441406,22.559999465942383,144.4163055419922,257.9925537109375,67.01725769042969,653.98974609375,445.7276916503906,113.84400177001953,129.89938354492188,21.376205444335938,154.29153442382812,580.1890258789062,334.07000732421875,302.8404235839844,95.08500671386719,105.11053466796875
2025-05-14,211.49098205566406,117.72000122070312,210.25,43.75583267211914,985.9896240234375,288.58636474609375,135.56912231445312,111.70464324951172,164.79855346679688,599.1867065429688,363.6187438964844,21.520000457763672,142.39268493652344,260.5724182128906,67.21162414550781,657.3093872070312,449.4988098144531,115.0989990234375,135.30810546875,20.58172607421875,153.6013946533203,580.9304809570312,347.67999267578125,299.5628356933594,96.02713012695312,104.16947174072266
2025-05-15,210.6144561767578,114.98999786376953,205.1699981689453,43.403751373291016,1004.8137817382812,288.6062316894531,136.1337127685547,110.99251556396484,163.39344787597656,603.3994750976562,369.2952880859375,21.549999237060547,145.55458068847656,262.3870849609375,69.59259796142578,641.8775634765625,450.512939453125,117.7979965209961,134.79823303222656,21.12384033203125,157.86863708496094,583.7679443359375,342.82000732421875,266.8259582519531,95.55111694335938,105.2258071899414
2025-05-16,210.42520141601562,117.16999816894531,205.58999633789062,43.70693588256836,1020.0877075195312,288.9933166503906,135.98062133789062,112.17938995361328,165.61572265625,606.4659423828125,371.39227294921875,21.65999984741211,147.22796630859375,262.45574951171875,69.97161102294922,638.3485107421875,451.6463317871094,119.15299987792969,135.36810302734375,21.338815689086914,158.71432495117188,587.465576171875,349.9800109863281,283.9043884277344,97.4254379272461,104.84785461425781
2025-05-19,207.9550018310547,114.73999786376953,206.16000366210938,43.78517532348633,1028.550048828125,285.4993896484375,134.1403045654297,111.42770385742188,165.96450805664062,599.8724975585938,370.0268249511719,21.3799991607666,148.35650634765625,259.826904296875,69.9035873413086,638.438232421875,456.2197570800781,119.16400146484375,135.53805541992188,21.497713088989258,160.1626434326172,588.108154296875,342.0899963378906,307.22674560546875,97.30644226074219,103.18098449707031
2025-05-20,206.04258728027344,113.51000213623047,204.07000732421875,43.70693588256836,1031.01611328125,285.9262390136719,132.95860290527344,111.13098907470703,163.4133758544922,594.2097778320312,367.7542419433594,21.270000457763672,149.49478149414062,260.6116027832031,69.67035675048828,635.1185913085938,455.5238342285156,119.2020034790039,134.34832763671875,21.983749389648438,161.00831604003906,586.130859375,343.82000732421875,312.7606506347656,96.98908996582031,101.70793151855469
2025-05-21,201.2914276123047,112.05999755859375,201.1199951171875,42.29861068725586,1019.560791015625,280.18902587890625,131.30230712890625,109.25176239013672,167.97755432128906,581.4149169921875,361.6973571777344,20.690000534057617,149.0277862548828,256.06011962890625,69.82584381103516,633.5235595703125,449.9561767578125,119.46299743652344,131.76895141601562,21.53510284423828,160.80419921875,576.2540893554688,334.6199951171875,294.6708068847656,95.63045501708984,100.4577865600586
2025-05-22,200.5643310546875,110.70999908447266,203.10000610351562,42.35729217529297,1012.4308471679688,281.3205871582031,131.04078674316406,109.91443634033203,170.27955627441406,586.0880737304688,357.10345458984375,20.549999237060547,148.47323608398438,255.69720458984375,69.1358413696289,634.5902099609375,452.23291015625,118.7969970703125,132.7987060546875,21.53510284423828,160.41537475585938,576.4815063476562,341.0400085449219,288.5338439941406,95.13459777832031,99.78910064697266
2025-05-23,194.49838256835938,110.30999755859375,200.99000549316406,42.24971008300781,1002.8546752929688,271.1068420410156,132.2515411376953,108.51986694335938,167.8878631591797,586.3917236328125,353.76776123046875,20.049999237060547,148.79432678222656,255.73643493652344,69.74809265136719,625.1097412109375,447.5799560546875,118.53900146484375,131.25906372070312,21.796810150146484,161.22215270996094,572.5465087890625,339.3399963378906,287.4640197753906,95.54119873046875,99.84725189208984
2025-05-27,199.4188690185547,114.55999755859375,206.02000427246094,43.24727249145508,1012.0927124023438,275.1367492675781,133.5010223388672,111.13098907470703,172.30255126953125,603.2328491210938,361.2681884765625,20.549999237060547,150.37408447265625,260.22906494140625,69.75780487060547,640.3223266601562,458.0292663574219,121.15699768066406,135.4680633544922,22.06787109375,163.0690460205078,584.4501342773438,362.8900146484375,286.9096374511719,96.77091979980469,100.32210540771484
2025-05-28,199.62803649902344,112.86000061035156,204.72000122070312,43.09079360961914,1007.4688110351562,273.9853210449219,131.7478790283203,110.3001708984375,171.76441955566406,596.0908203125,358.9858703613281,20.3700008392334,149.5694580078125,258.46337890625,69.14556121826172,641.5784301757812,454.7184753417969,120.8550033569336,134.7782440185547,21.665956497192383,162.68023681640625,581.06884765625,356.8999938964844,289.9343566894531,96.4337387084961,98.9556655883789
2025-05-29,199.15988159179688,113.02999877929688,205.6999969482422,43.2668342590332,1003.0934448242188,264.9428405761719,133.57852172851562,110.7947006225586,171.26614379882812,592.58349609375,359.210205078125,20.25,150.69789123535156,259.3266296386719,69.47598266601562,643.0438232421875,456.0308837890625,118.48600006103516,139.15721130371094,21.91832160949707,163.84666442871094,583.3626098632812,358.42999267578125,289.99273681640625,96.2948989868164,99.51776123046875
2025-05-30,200.05633544921875,110.7300033569336,205.00999450683594,43.15925598144531,1034.357421875,263.404296875,132.40650939941406,111.80355072021484,171.1465606689453,591.1952514648438,359.210205078125,19.549999237060547,152.2973175048828,258.9636535644531,70.06879425048828,645.4762573242188,457.701171875,120.7229995727539,135.09817504882812,21.95570945739746,165.13946533203125,582.7100219726562,346.4599914550781,293.6301574707031,97.90147399902344,99.13980865478516
2025-06-02,200.9029541015625,114.62999725341797,206.64999389648438,43.110355377197266,1050.93408203125,259.68206787109375,133.5106964111328,111.71453094482422,168.4459228515625,589.4918823242188,358.8883361816406,19.739999771118164,152.48373413085938,259.611083984375,69.97161102294922,668.8134765625,459.3018798828125,121.89800262451172,137.34764099121094,21.92766571044922,163.08848571777344,585.9924926757812,342.69000244140625,296.3630676269531,98.94275665283203,99.86663055419922
2025-06-03,202.46678161621094,117.30999755859375,205.7100067138672,43.667816162109375,1049.6810302734375,262.5109558105469,135.16700744628906,112.357421875,165.60577392578125,594.5231323242188,363.8821105957031,20.290000915527344,151.52212524414062,261.1903381347656,69.15528106689453,664.7760620117188,460.29608154296875,121.79399871826172,141.1867218017578,21.824853897094727,162.1844940185547,589.3341064453125,344.2699890136719,292.9590759277344,99.15101623535156,100.59346771240234
2025-06-04,202.0185546875,118.58000183105469,207.22999572753906,43.38418960571289,1045.802978515625,261.2206115722656,133.0554656982422,112.24861907958984,167.46929931640625,589.974365234375,363.2189025878906,20.25,150.3446502685547,259.1794738769531,69.35936737060547,685.8104248046875,461.1908874511719,123.96600341796875,141.88656616210938,21.862239837646484,161.3096466064453,589.1759643554688,332.04998779296875,292.1421203613281,98.52623748779297,99.13980865478516
2025-06-05,199.8372039794922,115.69000244140625,207.91000366210938,43.403751373291016,1005.15185546875,265.16119384765625,132.6002197265625,111.29912567138672,167.62876892089844,596.54150390625,362.4141540527344,19.989999771118164,150.77639770507812,256.95281982421875,68.9123306274414,682.4907836914062,464.9788818359375,125.052001953125,139.95703125,21.60987663269043,158.2477264404297,586.3285522460938,284.70001220703125,287.7265930175781,97.14777374267578,98.68431854248047
2025-06-06,203.11419677734375,116.19000244140625,213.57000732421875,44.239952087402344,1009.2586669921875,272.4765625,135.8062744140625,112.65414428710938,173.079833984375,604.536376953125,360.5003662109375,20.059999465942383,152.12069702148438,260.6606750488281,69.33992767333984,695.5401000976562,467.6632995605469,124.14700317382812,141.6865997314453,21.824853897094727,159.43362426757812,592.3495483398438,295.1400146484375,294.9042053222656,96.66182708740234,101.04894256591797
2025-06-09,200.65394592285156,121.7300033569336,216.97999572753906,44.14157485961914,1000.5477294921875,270.23333740234375,136.3389892578125,114.3948974609375,175.6939697265625,604.0637817382812,358.4100036621094,20.479999542236328,152.31692504882812,261.6513977050781,69.74809265136719,691.9014892578125,470.0196228027344,122.44599914550781,142.59640502929688,22.404356002807617,158.0144500732422,592.8834228515625,308.5799865722656,294.87506103515625,96.6419906616211,101.72732543945312
2025-06-10,201.869140625,123.23999786376953,217.61000061035156,44.35800552368164,1001.6316528320312,266.2331848144531,138.84764099121094,117.43131256103516,178.19833374023438,605.3929443359375,361.0696105957031,22.079999923706055,153.5140380859375,263.4759521484375,70.31175231933594,700.2155151367188,468.2001953125,120.36199951171875,143.92608642578125,22.712800979614258,158.28662109375,596.2449340820312,326.0899963378906,295.4585876464844,96.51306915283203,103.9078140258789
2025-06-11,197.9945068359375,121.13999938964844,213.1999969482422,44.003849029541016,991.2003784179688,263.9402770996094,140.23272705078125,118.2126693725586,176.95114135742188,614.5496215820312,353.7581481933594,20.68000030517578,152.3463592529297,263.0345153808594,70.0396499633789,691.981201171875,469.8903503417969,121.98799896240234,142.80625915527344,22.881044387817383,157.57704162597656,594.5443725585938,326.42999267578125,302.04290771484375,95.00567626953125,105.9332504272461
2025-06-12,198.41285705566406,118.5,213.24000549316406,43.895633697509766,997.0972290039062,264.9328918457031,140.41676330566406,117.3126220703125,175.30484008789062,615.4751586914062,356.4079284667969,20.770000457763672,153.7200927734375,263.1227722167969,70.2048568725586,691.2035522460938,476.104248046875,121.50299835205078,144.9759063720703,23.217533111572266,158.61709594726562,596.9072875976562,319.1099853515625,309.7651672363281,94.0437240600586,106.34027862548828
2025-06-13,195.67373657226562,116.16000366210938,212.10000610351562,43.37424087524414,984.6671752929688,256.48590087890625,141.32723999023438,116.64994812011719,174.27716064453125,604.0834350585938,348.06597900390625,20.139999389648438,154.15184020996094,259.8955383300781,69.50994110107422,680.7462158203125,472.2168273925781,121.21499633789062,141.94639587402344,22.93712615966797,155.79820251464844,590.23388671875,325.30999755859375,304.93145751953125,93.6569595336914,108.65644073486328
2025-06-16,197.6359405517578,126.38999938964844,216.10000610351562,43.68904113769531,978.8499145507812,261.92529296875,141.44346618652344,118.17311096191406,176.3724365234375,618.1728515625,346.9864196777344,20.739999771118164,152.30712890625,265.2023010253906,69.02057647705078,700.4749145507812,476.37274169921875,122.53500366210938,144.66595458984375,22.806270599365234,156.3814239501953,595.8494262695312,329.1300048828125,301.3465881347656,93.5082015991211,109.00532531738281
2025-06-17,194.86692810058594,127.0999984741211,214.82000732421875,43.511966705322266,972.2470703125,260.8136291503906,144.17489624023438,116.8378677368164,175.5542755126953,615.012451171875,342.2953186035156,20.799999237060547,149.5204315185547,264.3783264160156,68.13972473144531,695.5963745117188,475.2790832519531,122.06700134277344,144.09603881835938,22.432397842407227,154.08741760253906,590.7578735351562,316.3500061035156,302.53173828125,93.4685287475586,110.4783706665039
2025-06-18,195.80320739746094,126.79000091552734,212.52000427246094,44.3284912109375,969.44287109375,257.9862365722656,143.53562927246094,116.5708236694336,172.93020629882812,625.4490356445312,340.5778503417969,21.489999771118164,147.90138244628906,268.7336730957031,67.73843383789062,694.1398315429688,477.4663391113281,122.22899627685547,145.455810546875,22.320232391357422,153.6013946533203,590.6688232421875,322.04998779296875,300.8960266113281,94.30155181884766,109.69339752197266
2025-06-20,200.20574951171875,128.24000549316406,209.69000244140625,44.761348724365234,974.8026123046875,259.109619140625,144.85292053222656,116.34334564208984,166.26522827148438,630.9232788085938,343.1196594238281,21.079999923706055,146.97901916503906,269.7538146972656,67.37630462646484,680.7511596679688,474.6427307128906,123.14099884033203,143.8260955810547,22.404356002807617,154.6317596435547,589.2816772460938,322.1600036621094,295.8125305175781,95.3230209350586,111.15674591064453
2025-06-23,200.70375061035156,129.5800018310547,208.47000122070312,45.548362731933594,998.857177734375,261.8734130859375,142.24740600585938,116.46202850341797,164.8184814453125,636.9096069335938,350.3232116699219,21.190000534057617,148.48031616210938,272.9614562988281,68.25716400146484,696.8933715820312,483.1930847167969,125.35399627685547,144.1460418701172,22.460437774658203,156.5272216796875,595.1021728515625,348.67999267578125,294.5097961425781,97.05851745605469,108.28817749023438
2025-06-24,199.50851440429688,138.42999267578125,212.77000427246094,45.90251541137695,996.3115234375,269.588134765625,139.04136657714844,117.85262298583984,166.3949432373047,651.9048461914062,353.7189025878906,22.549999237060547,149.333984375,275.8944091796875,68.71717071533203,710.5313110351562,487.2793273925781,127.91100311279297,147.87539672851562,22.722148895263672,155.8759765625,601.6764526367188,340.4700012207031,299.3484191894531,97.18743896484375,104.99320220947266
2025-06-25,200.76353454589844,143.39999389648438,211.99000549316406,46.08943176269531,981.0177001953125,266.1980285644531,138.7313995361328,118.61744689941406,170.296142578125,659.5452270507812,355.132080078125,22.200000762939453,149.42230224609375,278.6409912109375,68.14950561523438,707.0194702148438,489.4268798828125,127.5250015258789,154.28436279296875,22.6754150390625,154.52481079101562,602.0135498046875,327.54998779296875,295.8222961425781,96.45357513427734,105.02229309082031
2025-06-26,200.20574951171875,143.67999267578125,217.1199951171875,46.68952941894531,977.407958984375,269.1606750488281,139.90341186523438,120.64373779296875,173.14968872070312,676.5687255859375,356.7416076660156,22.5,149.1573486328125,283.2414855957031,67.99290466308594,724.3887329101562,494.57696533203125,130.66700744628906,154.99423217773438,22.656721115112305,154.19435119628906,606.7236938476562,325.7799987792969,296.40997314453125,95.22384643554688,106.59223937988281
2025-06-27,200.28543090820312,143.80999755859375,223.3000030517578,46.35505294799805,979.6255493164062,271.8250427246094,139.27383422851562,121.517822265625,178.12847900390625,680.1624755859375,361.8841857910156,22.690000534057617,149.5498504638672,281.6327819824219,68.8346176147461,731.9111328125,493.07568359375,132.31199645996094,157.72378540039062,22.609989166259766,155.3899383544922,609.7380981445312,323.6300048828125,302.76678466796875,96.46348571777344,106.00108337402344
2025-06-30,204.3592529296875,141.89999389648438,219.38999938964844,46.55180358886719,984.3986206054688,271.0992736816406,138.69268798828125,123.17660522460938,175.83364868164062,696.8413696289062,359.8232421875,22.399999618530273,149.88348388671875,284.3793640136719,69.24568939208984,736.3606567382812,494.53717041015625,133.91299438476562,157.96376037597656,22.656721115112305,154.8650360107422,612.6533203125,317.6600036621094,305.568115234375,96.9692611694336,104.46990203857422
2025-07-01,206.99880981445312,136.11000061035156,220.4600067138672,47.36833190917969,980.44091796875,270.3238220214844,140.99794006347656,122.66009521484375,175.44451904296875,695.5712890625,366.2220153808594,22.850000381469727,152.9939727783203,284.86981201171875,70.14613342285156,717.5348510742188,489.2080993652344,129.36000061035156,153.2745361328125,23.404468536376953,156.71192932128906,612.455078125,300.7099914550781,319.4473571777344,97.4254379272461,105.86541748046875
2025-07-02,211.6005401611328,138.52000427246094,219.9199981689453,47.91923904418945,976.8610229492188,267.63958740234375,143.33221435546875,122.15352630615234,178.23822021484375,704.8558959960938,364.9363708496094,21.8799991607666,152.64073181152344,286.4295349121094,69.40229797363281,711.8980712890625,488.2536926269531,128.48599243164062,157.22386169433594,23.666179656982422,156.69247436523438,615.2315063476562,315.6499938964844,301.2486267089844,96.80067443847656,107.6195068359375
2025-07-03,212.70614624023438,137.91000366210938,223.41000366210938,48.13566970825195,981.4949951171875,270.5624084472656,143.70997619628906,123.16666412353516,179.126220703125,712.52587890625,364.76953125,22.489999771118164,153.08230590820312,291.75201416015625,69.83293151855469,717.3253784179688,495.9589538574219,129.71800231933594,159.3135223388672,23.722257614135742,156.3328094482422,620.0804443359375,315.3500061035156,302.21832275390625,97.54444885253906,108.73397064208984
2025-07-07,209.12037658691406,134.8000030517578,223.47000122070312,47.87004852294922,986.6260375976562,268.2261047363281,142.77044677734375,122.33231353759766,176.3923797607422,699.9723510742188,360.8046569824219,22.0,152.35618591308594,287.77984619140625,69.50016021728516,716.6668701171875,494.84539794921875,128.96200561523438,158.21371459960938,23.591402053833008,156.0120391845703,615.4595336914062,293.94000244140625,297.4776306152344,98.52623748779297,107.67764282226562
2025-07-08,209.1801300048828,137.82000732421875,219.36000061035156,46.38456344604492,980.3216552734375,272.0537109375,148.42703247070312,121.0013198852539,173.9678497314453,686.5328369140625,360.667236328125,23.59000015258789,152.86642456054688,278.72174072265625,68.74652862548828,718.9814453125,493.7517395019531,127.53099822998047,159.97340393066406,23.946584701538086,153.47503662109375,615.1224365234375,297.80999755859375,301.3857727050781,96.28498077392578,110.6624984741211
2025-07-09,210.30564880371094,138.41000366210938,222.5399932861328,46.07959747314453,976.5926513671875,269.3396301269531,148.21392822265625,119.79945373535156,176.22276306152344,685.8238525390625,364.14141845703125,23.440000534057617,153.34722900390625,279.0962829589844,68.00269317626953,731.0631103515625,500.60198974609375,128.8280029296875,162.85293579101562,23.890504837036133,153.11538696289062,618.8110961914062,295.8800048828125,296.69403076171875,96.00729370117188,110.28455352783203
2025-07-10,211.57066345214844,144.16000366210938,222.25999450683594,46.20748519897461,964.7393188476562,262.43017578125,149.32781982421875,120.7430648803711,177.22052001953125,698.1903076171875,366.3594055175781,23.81999969482422,154.7307586669922,284.05413818359375,68.28652954101562,725.5360107421875,498.58367919921875,125.05899810791016,164.07273864746094,24.09613609313965,154.05825805664062,620.5562744140625,309.8699951171875,293.36383056640625,94.07347106933594,111.379638671875
2025-07-11,210.32559204101562,146.4199981689453,225.02000427246094,45.971378326416016,964.8984375,256.5645751953125,150.4320068359375,119.06442260742188,179.78475952148438,694.0845947265625,363.189453125,23.43000030517578,153.95558166503906,282.7431640625,68.38440704345703,715.8289184570312,500.4130554199219,124.51100158691406,164.89259338378906,23.974624633789062,152.6585235595703,618.3748168945312,313.510009765625,297.8596496582031,93.61727905273438,111.86419677734375
2025-07-14,207.7956085205078,146.24000549316406,225.69000244140625,46.30585861206055,975.419189453125,258.1651611328125,146.88693237304688,119.16374969482422,181.1516571044922,702.3058471679688,363.22869873046875,23.299999237060547,153.87710571289062,284.55682373046875,67.99290466308594,719.2308349609375,500.1147766113281,126.19499969482422,164.04273986816406,23.694217681884766,149.46051025390625,619.5548095703125,316.8999938964844,294.41180419921875,94.98583984375,110.40084075927734
2025-07-15,208.28369140625,155.61000061035156,226.35000610351562,45.40079879760742,962.2632446289062,256.0774230957031,145.95712280273438,118.18040466308594,181.59066772460938,691.6821899414062,351.97198486328125,22.920000076293945,152.258056640625,282.4376525878906,67.88524627685547,708.7255249023438,502.89862060546875,126.0270004272461,170.671630859375,23.00255584716797,148.4106903076172,616.9072875976562,310.7799987792969,285.723876953125,94.59906768798828,109.42205047607422
2025-07-16,209.3295440673828,160.0800018310547,223.19000244140625,45.282745361328125,946.0445556640625,256.4452819824219,145.21128845214844,119.01475524902344,182.55850219726562,697.8948974609375,350.7550354003906,22.690000534057617,161.68771362304688,281.7181396484375,67.79715728759766,701.2630004882812,502.6997985839844,125.03099822998047,171.34152221679688,23.00255584716797,149.43133544921875,618.9697265625,321.6700134277344,286.4878234863281,94.3610610961914,108.76304626464844
2025-07-17,209.19009399414062,160.41000366210938,223.8800048828125,46.25667190551758,948.5703125,258.364013671875,146.6254425048828,121.3886947631836,183.1671142578125,694.9608764648438,352.36456298828125,22.799999237060547,159.92149353027344,285.73956298828125,69.0890884399414,699.7665405273438,508.7446594238281,127.41699981689453,172.97125244140625,22.97451400756836,151.26849365234375,622.7576293945312,319.4100036621094,282.1585693359375,94.30155181884766,108.21065521240234
2025-07-18,210.3455047607422,156.99000549316406,226.1300048828125,46.55180358886719,945.6268920898438,260.84942626953125,145.3275146484375,120.60400390625,184.64378356933594,697.3435668945312,352.71783447265625,23.100000381469727,160.6279754638672,287.08990478515625,68.36483001708984,702.6298828125,507.1041564941406,120.92400360107422,172.38134765625,22.87169647216797,151.7940673828125,622.301513671875,329.6499938964844,276.84979248046875,94.26190185546875,104.4408187866211
2025-07-21,211.640380859375,157.0,229.3000030517578,46.709205627441406,942.2559204101562,260.75,144.97882080078125,120.02790069580078,189.67245483398438,695.118408203125,357.2715759277344,23.260000228881836,161.2755889892578,286.7942199707031,68.58014678955078,711.2994384765625,507.1141357421875,123.3270034790039,171.35153198242188,22.6754150390625,151.7255401611328,623.4815063476562,328.489990234375,276.35028076171875,94.87675476074219,104.71217346191406
2025-07-22,213.5527801513672,154.72000122070312,227.47000122070312,46.99449920654297,936.3391723632812,262.0523681640625,145.3275146484375,120.24642181396484,190.90966796875,689.614501953125,364.11199951171875,23.239999771118164,164.7786102294922,287.2475891113281,68.17887115478516,703.1586303710938,502.3517761230469,119.00800323486328,167.00225830078125,23.497936248779297,154.9454345703125,623.5707397460938,332.1099853515625,279.2789001464844,95.05525207519531,105.1870346069336
2025-07-23,213.30377197265625,158.64999389648438,228.2899932861328,47.358489990234375,935.9215698242188,265.66119384765625,148.310791015625,122.1137924194336,189.8021697998047,706.4608764648438,369.35272216796875,23.489999771118164,165.92666625976562,292.5011291503906,67.68949890136719,711.9080810546875,502.94830322265625,117.6780014038086,170.75161743164062,23.703567504882812,154.90626525878906,628.875732421875,332.55999755859375,286.5074462890625,94.88666534423828,106.53408813476562
2025-07-24,212.91531372070312,162.1199951171875,232.22999572753906,47.60443115234375,928.5729370117188,266.1383972167969,150.93568420410156,121.13043975830078,191.73779296875,708.0952758789062,366.1532897949219,22.6299991607666,166.3780059814453,292.2940979003906,67.63076782226562,713.125244140625,507.9294128417969,118.07599639892578,173.7111358642578,23.694217681884766,155.42498779296875,629.083984375,305.29998779296875,272.8633117675781,95.79904174804688,107.36753845214844
2025-07-25,213.0348358154297,166.47000122070312,231.44000244140625,47.66345977783203,930.2434692382812,267.5401306152344,149.9767608642578,120.65367126464844,192.7455291748047,717.744140625,368.3614807128906,20.700000762939453,165.14166259765625,294.33441162109375,67.69928741455078,711.0101318359375,510.7430725097656,118.04900360107422,173.47117614746094,23.570615768432617,154.9258575439453,631.7413940429688,316.05999755859375,275.29241943359375,96.66182708740234,106.98957824707031
2025-07-28,213.20419311523438,173.66000366210938,232.7899932861328,47.44702911376953,928.7617797851562,268.67352294921875,151.3715362548828,119.56106567382812,192.14686584472656,712.496337890625,370.21636962890625,20.68000030517578,163.10069274902344,293.9992980957031,66.64225006103516,715.9485473632812,509.5400085449219,117.45999908447266,176.7206268310547,23.11422348022461,153.76121520996094,631.5828247070312,325.5899963378906,276.3306579589844,96.80067443847656,107.99744415283203
2025-07-29,210.43516540527344,177.44000244140625,231.00999450683594,47.17157745361328,929.3385620117188,265.8302001953125,152.09799194335938,119.10415649414062,195.30975341796875,720.6979370117188,370.3243103027344,20.40999984741211,164.95523071289062,292.7771301269531,67.90481567382812,698.35986328125,509.609619140625,116.8740005493164,175.48081970214844,23.104717254638672,153.27186584472656,629.9169311523438,321.20001220703125,255.71263122558594,97.51470184326172,109.39295959472656
2025-07-30,208.2239227294922,179.50999450683594,230.19000244140625,47.18141174316406,922.318115234375,263.2652282714844,148.73696899414062,118.73664093017578,196.08799743652344,719.48681640625,365.1620788574219,20.34000015258789,164.1211700439453,295.3299255371094,67.28822326660156,693.5811157226562,510.2757568359375,118.41999816894531,179.24021911621094,22.638818740844727,149.62136840820312,629.1236572265625,319.0400085449219,260.5806579589844,96.78083038330078,108.44325256347656
2025-07-31,206.74978637695312,176.30999755859375,234.11000061035156,46.50261306762695,934.3801879882812,256.8230285644531,146.8772735595703,118.30953216552734,191.46839904785156,712.437255859375,360.67706298828125,19.799999237060547,161.64846801757812,291.9885559082031,66.44650268554688,771.6278076171875,530.4187622070312,115.94000244140625,177.84043884277344,22.144399642944336,147.26275634765625,626.763671875,308.2699890136719,244.43881225585938,97.1676025390625,108.19126892089844
2025-08-01,201.58029174804688,171.6999969482422,214.75,44.91875076293945,948.5004272460938,249.27732849121094,146.64480590820312,115.80646514892578,188.7046356201172,698.63330078125,366.7126770019531,19.309999465942383,164.1898651123047,285.2171936035156,67.39588165283203,748.2527465820312,521.0829467773438,115.86000061035156,173.69113159179688,22.334558486938477,147.4389190673828,616.4907836914062,302.6300048828125,232.89076232910156,97.67337036132812,106.25305938720703
2025-08-04,202.5464630126953,176.77999877929688,211.64999389648438,45.10566711425781,951.3383178710938,250.84811401367188,146.29611206054688,118.54791259765625,194.60133361816406,714.8396606445312,373.7395935058594,19.5,167.83021545410156,290.0369873046875,67.4937515258789,774.5509643554688,532.5463256835938,117.0989990234375,179.9700927734375,22.372591018676758,147.5465545654297,625.8612670898438,309.260009765625,236.03489685058594,98.76424407958984,104.05318450927734
2025-08-05,202.1181640625,174.30999755859375,213.75,44.820377349853516,939.6478271484375,246.04627990722656,148.23329162597656,117.52484130859375,194.232177734375,709.798583984375,378.2442626953125,20.190000534057617,167.53587341308594,287.1884460449219,67.58184051513672,761.6712036132812,524.7019653320312,114.78700256347656,178.23037719726562,23.532583236694336,147.3018798828125,622.688232421875,308.7200012207031,245.84927368164062,98.486572265625,103.92720031738281
2025-08-06,212.40733337402344,163.1199951171875,222.30999755859375,44.682647705078125,964.47265625,247.71649169921875,147.98146057128906,114.39600372314453,195.6489715576172,713.5695190429688,379.6083984375,20.40999984741211,167.388671875,287.16876220703125,68.03205871582031,770.18115234375,521.908203125,117.8479995727539,179.3901824951172,22.75291633605957,149.601806640625,627.4578247070312,319.9100036621094,240.73638916015625,102.50299072265625,103.21974182128906
2025-08-07,219.16053771972656,172.39999389648438,223.1300048828125,44.19076156616211,973.3250732421875,239.47483825683594,148.3495330810547,112.12139892578125,196.07801818847656,708.6465454101562,378.9901428222656,19.770000457763672,168.31103515625,282.8220520019531,68.9324951171875,760.0449829101562,517.8318481445312,118.03700256347656,180.73997497558594,23.038158416748047,150.21836853027344,626.9322509765625,322.2699890136719,239.649169921875,102.26498413085938,102.67704772949219
2025-08-08,228.44371032714844,172.75999450683594,222.69000244140625,45.26306915283203,976.8402709960938,239.10699462890625,150.14141845703125,111.67442321777344,200.9669952392578,710.1530151367188,380.63885498046875,19.950000762939453,170.0772705078125,284.6159362792969,68.84439849853516,767.4974975585938,519.0249633789062,121.16400146484375,182.66964721679688,23.37094497680664,150.23794555664062,631.82080078125,329.6499938964844,245.7415313720703,102.86992645263672,103.50079345703125
2025-08-11,226.53909301757812,172.27999877929688,221.3000030517578,45.41063690185547,984.5674438476562,231.3226776123047,148.6304168701172,111.79361724853516,200.54794311523438,708.1543579101562,380.3248291015625,20.649999618530273,170.55807495117188,285.4044189453125,69.24568939208984,764.0755615234375,518.7565307617188,121.83100128173828,182.0297393798828,23.37094497680664,151.67662048339844,630.5713500976562,339.0299987792969,247.191162109375,103.06827545166016,102.56075286865234
2025-08-12,229.0021209716797,174.9499969482422,221.47000122070312,46.728885650634766,987.06689453125,230.30862426757812,149.58932495117188,112.95575714111328,202.88267517089844,731.9222412109375,388.6373291015625,21.809999465942383,169.53758239746094,288.6472473144531,69.20654296875,788.1489868164062,526.183349609375,122.52799987792969,183.1295623779297,23.4375,151.78427124023438,637.284423828125,340.8399963378906,256.2023620605469,102.7608413696289,102.85148620605469
2025-08-13,232.6717529296875,184.4199981689453,224.55999755859375,46.473106384277344,974.7191772460938,235.6472930908203,150.97439575195312,115.85613250732422,201.50579833984375,733.2120361328125,399.6094970703125,22.219999313354492,171.1468048095703,286.36053466796875,68.96186065673828,778.2523193359375,517.5733642578125,120.44400024414062,181.55982971191406,23.922412872314453,152.0974578857422,639.4659423828125,339.3800048828125,266.23223876953125,100.15263366699219,104.27606964111328
2025-08-14,232.12330627441406,180.9499969482422,230.97999572753906,46.93547058105469,971.2738037109375,232.00863647460938,150.28671264648438,115.5283432006836,202.48358154296875,735.683349609375,392.8770446777344,23.860000610351562,171.44117736816406,289.93841552734375,68.07121276855469,780.2974243164062,519.4623413085938,123.05599975585938,181.98974609375,23.874876022338867,150.46304321289062,639.5254516601562,335.5799865722656,265.9187927246094,100.01380157470703,104.06285858154297
2025-08-15,230.9366455078125,177.50999450683594,231.02999877929688,46.17797088623047,967.93798828125,241.02574157714844,151.633056640625,114.61453247070312,203.44140625,719.4573364257812,391.9544982910156,24.559999465942383,173.3251495361328,286.32110595703125,68.43333435058594,783.3901977539062,517.1657104492188,123.8949966430664,180.42001342773438,23.903396606445312,151.06982421875,638.0281372070312,330.55999755859375,297.771484375,99.40247344970703,104.16068267822266
2025-08-18,230.23863220214844,176.13999938964844,231.49000549316406,47.142059326171875,975.217041015625,242.54681396484375,150.4416961669922,115.76673889160156,203.04232788085938,719.6936645507812,387.3615417480469,23.65999984741211,172.9424591064453,287.34619140625,67.6601333618164,765.572021484375,514.1134643554688,124.50900268554688,181.979736328125,23.836841583251953,152.40084838867188,637.8893432617188,335.1600036621094,302.1595458984375,100.0982894897461,104.38565826416016
2025-08-19,229.90956115722656,166.5500030517578,228.00999450683594,47.299468994140625,976.7107543945312,244.56497192382812,148.86488342285156,115.48860931396484,201.11666870117188,710.2613525390625,399.6291198730469,25.309999465942383,174.46337890625,286.4886779785156,68.63887023925781,749.7192993164062,506.8257751464844,121.41500091552734,175.61080932617188,24.074542999267578,155.02371215820312,634.4286499023438,329.30999755859375,297.9967346191406,100.68476867675781,105.07034301757812
2025-08-20,225.3723907470703,165.1999969482422,223.80999755859375,47.56507873535156,990.3728637695312,245.01234436035156,150.0597381591797,116.2534408569336,198.87171936035156,709.5720825195312,394.2706298828125,23.540000915527344,175.48387145996094,288.0459899902344,69.1967544555664,745.968017578125,502.7991638183594,121.38600158691406,175.370849609375,24.131591796875,156.1100616455078,632.742919921875,323.8999938964844,293.68701171875,101.95712280273438,106.15606689453125
2025-08-21,224.26551818847656,163.7100067138672,221.9499969482422,47.47654342651367,965.587890625,244.39596557617188,152.3416748046875,115.42901611328125,199.3007354736328,704.9150390625,390.3057556152344,23.5,175.57217407226562,287.28704833984375,69.15760803222656,737.3682250976562,502.15185546875,120.62100219726562,174.95091247558594,24.47388458251953,155.3466796875,630.2044677734375,320.1099853515625,297.125,97.37467193603516,106.84075927734375
2025-08-22,227.11744689941406,167.75999450683594,228.83999633789062,48.676734924316406,954.494873046875,246.84161376953125,154.91741943359375,118.06121063232422,205.62649536132812,730.4552001953125,405.11517333984375,24.799999237060547,175.9254150390625,291.9885559082031,68.63887023925781,753.021484375,505.1295166015625,120.46499633789062,177.96043395996094,24.606996536254883,155.28794860839844,639.8823852539062,340.010009765625,301.1114807128906,96.25141906738281,108.84590911865234
2025-08-25,226.51914978027344,163.36000061035156,227.94000244140625,48.676734924316406,937.6065673828125,246.42405700683594,154.93701171875,116.91893768310547,208.02108764648438,727.4029541015625,401.2975158691406,24.549999237060547,175.0619354248047,290.6678161621094,67.46439361572266,751.5350341796875,502.17181396484375,121.80699920654297,179.78012084960938,23.903396606445312,152.82167053222656,637.0662231445312,346.6000061035156,298.6040344238281,95.49596405029297,109.29583740234375
2025-08-26,228.6630859375,166.6199951171875,228.7100067138672,49.43423843383789,937.3674926757812,242.3181610107422,154.1143341064453,116.85934448242188,206.6741180419922,737.4063110351562,399.9627990722656,24.350000381469727,174.44911193847656,294.28515625,67.26864624023438,752.3331298828125,499.96099853515625,122.60900115966797,181.7397918701172,23.694217681884766,152.64552307128906,639.733642578125,351.6700134277344,294.2649230957031,95.47608184814453,109.05130767822266
2025-08-27,229.8397674560547,167.1300048828125,229.1199951171875,49.562129974365234,945.5130615234375,248.70071411132812,155.95558166503906,117.29637908935547,207.01336669921875,738.115234375,400.6497497558594,24.850000381469727,174.74562072753906,294.9849548339844,67.36652374267578,745.62890625,504.6415100097656,122.3499984741211,181.56983947753906,23.836841583251953,153.6144256591797,641.1912841796875,349.6000061035156,297.6441345214844,95.50589752197266,110.28375244140625
2025-08-28,231.9039306640625,168.5800018310547,231.60000610351562,49.67034149169922,940.9722900390625,253.0452117919922,156.03392028808594,116.84941101074219,211.16400146484375,739.641357421875,399.87445068359375,24.93000030517578,173.421142578125,296.7492980957031,66.90650939941406,749.3501586914062,507.5295104980469,123.1449966430664,180.1400604248047,23.38996124267578,152.33233642578125,643.4620361328125,345.9800109863281,296.0867614746094,95.53572082519531,110.8706283569336
2025-08-29,231.485107421875,162.6300048828125,229.0,49.91628646850586,939.339111328125,254.7551727294922,157.2875213623047,117.58443450927734,212.43115234375,737.6913452148438,399.2071228027344,24.350000381469727,175.12123107910156,297.09423828125,67.52310943603516,736.96923828125,504.59173583984375,120.82499694824219,174.1510467529297,23.542089462280273,153.6927032470703,639.6245727539062,333.8699951171875,303.5111999511719,96.40052795410156,111.7900619506836
2025-09-02,229.0719451904297,162.32000732421875,225.33999633789062,49.60147476196289,934.8582153320312,251.3849639892578,158.4921417236328,117.47517395019531,210.8746795654297,723.4373779296875,398.7556457519531,24.209999084472656,176.00094604492188,295.39892578125,67.59162139892578,733.3875732421875,503.0282287597656,121.41100311279297,170.75161743164062,23.75126838684082,154.62245178222656,634.884765625,329.3599853515625,302.4631652832031,97.26531982421875,112.18132019042969
2025-09-03,237.79725646972656,162.1300048828125,225.99000549316406,49.24732208251953,945.7719116210938,254.9540252685547,154.79989624023438,116.59115600585938,230.1412353515625,723.1503295898438,400.129638671875,24.0,175.94163513183594,295.211669921875,67.52310943603516,735.3230590820312,503.2572937011719,122.61799621582031,170.59165954589844,23.570615768432617,154.79861450195312,638.3255615234375,334.0899963378906,301.5620422363281,98.8458251953125,109.46212768554688
2025-09-04,239.10353088378906,161.7899932861328,235.67999267578125,49.7982292175293,951.8660888671875,242.58656311035156,154.4375457763672,118.01154327392578,231.7775421142578,741.3043212890625,406.32781982421875,24.610000610351562,176.69285583496094,299.4598083496094,66.79884338378906,746.8959350585938,505.866455078125,125.74800109863281,171.63148498535156,23.332914352416992,155.79689025878906,643.660400390625,338.5299987792969,304.0107421875,100.32691955566406,109.94140625
2025-09-05,239.01380920410156,151.13999938964844,232.3300018310547,49.23436737060547,959.4140625,249.2971954345703,150.4906463623047,117.11759948730469,234.4714813232422,730.7227783203125,413.4932861328125,24.489999771118164,176.3666534423828,290.1552734375,66.5150146484375,750.68701171875,492.9501647949219,124.38200378417969,166.9922637939453,23.656185150146484,156.60919189453125,641.7960815429688,350.8399963378906,308.9179382324219,99.90943145751953,106.84075927734375
2025-09-08,237.20892333984375,151.41000366210938,235.83999633789062,48.92770004272461,967.7487182617188,250.7984161376953,150.82363891601562,118.04134368896484,233.72247314453125,734.3258056640625,414.47039794921875,24.479999542236328,176.0701446533203,288.70635986328125,65.99627685546875,750.537353515625,496.13690185546875,124.47599792480469,168.2820281982422,23.342418670654297,155.62071228027344,643.3728637695312,346.3999938964844,313.6781921386719,101.6688461303711,107.44718170166016
2025-09-09,233.6888885498047,155.82000732421875,238.24000549316406,49.7487678527832,975.1175537109375,250.58961486816406,151.65611267089844,116.58123016357422,239.30490112304688,756.1719970703125,409.9302978515625,24.440000534057617,174.91368103027344,293.5754699707031,66.4171371459961,763.9059448242188,496.3460388183594,126.32499694824219,170.7316131591797,23.494548797607422,156.06112670898438,644.8601684570312,346.9700012207031,340.7804260253906,101.67879486083984,108.22969055175781
2025-09-10,226.1501922607422,159.5399932861328,230.3300018310547,49.590492248535156,952.25439453125,241.15499877929688,154.53546142578125,115.0118408203125,238.84552001953125,761.7745971679688,407.8477783203125,24.770000457763672,173.7572021484375,296.22686767578125,66.37799072265625,750.2180786132812,498.29791259765625,124.77100372314453,177.300537109375,23.361434936523438,153.99609375,646.724365234375,347.7900085449219,339.6637878417969,99.81002807617188,110.03922271728516
2025-09-11,229.3810577392578,155.6699981689453,229.9499969482422,50.203819274902344,960.25048828125,244.8433380126953,154.98597717285156,116.29317474365234,240.0438995361328,776.7709350585938,417.90509033203125,24.610000610351562,176.43585205078125,301.1748352050781,66.18224334716797,749.1406860351562,498.9352722167969,120.3499984741211,177.1505584716797,23.637170791625977,155.2488250732422,652.0987548828125,368.80999755859375,346.3536071777344,102.0366439819336,109.68709564208984
2025-09-12,233.40968322753906,158.57000732421875,228.14999389648438,50.035648345947266,963.8155517578125,241.3438720703125,153.86949157714844,115.18070220947266,240.4733123779297,772.1483154296875,417.1845703125,24.079999923706055,176.00094604492188,302.5054626464844,65.58521270751953,753.8196411132812,507.7884521484375,118.84400177001953,177.80047607421875,22.69586753845215,154.53436279296875,651.8805541992188,395.94000244140625,345.2762145996094,102.87162017822266,109.7066650390625
2025-09-15,236.03224182128906,161.16000366210938,231.42999267578125,50.0455436706543,956.04833984375,241.10528564453125,154.06536865234375,114.84298706054688,251.26864624023438,778.7803955078125,417.20428466796875,24.770000457763672,175.34857177734375,304.4668884277344,65.29920196533203,762.9083251953125,513.225830078125,120.22599792480469,177.73049926757812,22.79094696044922,153.4871826171875,655.3511962890625,410.0400085449219,342.9007873535156,103.07042694091797,109.89250183105469
2025-09-16,237.4781494140625,160.4600067138672,234.0500030517578,50.11478805541992,948.05224609375,237.91400146484375,156.24935913085938,114.45561218261719,250.8192596435547,777.5628662109375,415.9607238769531,25.270000457763672,174.41946411132812,304.75274658203125,65.32878875732422,777.1748046875,506.9320068359375,120.0510025024414,174.86080932617188,22.72439193725586,154.68118286132812,654.4488525390625,421.6199951171875,334.9070739746094,102.80204010009766,112.17153930664062
2025-09-17,238.3157958984375,159.16000366210938,231.6199951171875,50.846824645996094,958.9660034179688,241.21640014648438,156.78802490234375,115.31975555419922,249.19146728515625,786.1646728515625,411.5686950683594,24.899999618530273,175.15089416503906,307.2760009765625,66.11778259277344,773.9024658203125,507.9079284667969,122.8499984741211,170.27130126953125,22.86701202392578,156.91256713867188,653.6357421875,425.8599853515625,336.7108459472656,103.6469497680664,112.76819610595703
2025-09-18,237.20892333984375,157.9199981689453,231.22999572753906,51.5689697265625,948.3409423828125,243.27789306640625,155.56381225585938,114.08808898925781,251.68807983398438,796.15234375,412.04241943359375,30.56999969482422,172.14605712890625,308.7347717285156,65.54576110839844,778.4218139648438,506.3444519042969,120.77799987792969,176.2206573486328,22.962093353271484,153.9667510986328,656.6898193359375,416.8500061035156,330.0182189941406,102.98096466064453,111.43794250488281
2025-09-19,244.8074188232422,157.38999938964844,231.47999572753906,51.68767547607422,947.1460571289062,246.0763702392578,152.98806762695312,112.9954833984375,254.3744354248047,796.8353271484375,410.2757568359375,29.579999923706055,174.152587890625,310.26251220703125,65.51617431640625,776.5562744140625,515.78515625,122.6969985961914,176.6505889892578,22.847997665405273,152.71400451660156,659.9423217773438,426.07000732421875,331.86138916015625,101.71855926513672,110.35222625732422
2025-09-22,255.35755920410156,159.7899932861328,227.6300048828125,51.36122512817383,939.2794799804688,248.66571044921875,152.83135986328125,111.80354309082031,252.18740844726562,797.3896484375,406.6338195800781,28.760000228881836,172.1954803466797,307.9560852050781,65.29920196533203,763.8824462890625,512.319580078125,122.73699951171875,183.58984375,22.857505798339844,149.8073272705078,663.0645141601562,434.2099914550781,336.4052734375,102.20562744140625,109.56971740722656
2025-09-23,253.7122344970703,160.89999389648438,220.7100067138672,51.14359664916992,939.6179809570312,243.55674743652344,154.173095703125,111.49563598632812,251.31858825683594,798.1419677734375,405.5580139160156,29.34000015258789,174.53805541992188,308.25177001953125,65.79232025146484,754.1387939453125,507.1212463378906,121.84700012207031,178.410400390625,22.943077087402344,149.2494659423828,659.4551391601562,425.8500061035156,342.7036437988281,101.90741729736328,111.45750427246094
2025-09-24,251.5981903076172,160.8800048828125,220.2100067138672,51.14359664916992,941.2809448242188,244.8813018798828,155.8968048095703,112.6677017211914,246.80471801757812,784.392822265625,404.4328308105469,31.219999313354492,174.6468048095703,308.92205810546875,65.53589630126953,759.3899536132812,508.0373840332031,120.3949966430664,176.9505615234375,22.905046463012695,149.17117309570312,657.3569946289062,442.7900085449219,346.7645568847656,102.11616516113281,112.05415344238281
2025-09-25,256.14532470703125,161.27000427246094,218.14999389648438,51.29197692871094,939.3292236328125,239.96156311035156,157.40504455566406,112.23065948486328,245.45652770996094,786.69921875,402.14306640625,33.9900016784668,175.6747589111328,308.9516296386719,65.07237243652344,747.6595458984375,504.9303283691406,120.8239974975586,177.67050170898438,22.43914794921875,148.90692138671875,654.3242797851562,423.3900146484375,340.60418701171875,102.43425750732422,113.06163024902344
2025-09-26,254.73931884765625,159.4600067138672,219.77999877929688,51.64810562133789,912.0846557617188,242.43138122558594,156.85659790039062,112.70743560791016,246.2055206298828,794.3706665039062,404.7486877441406,35.5,177.6318817138672,311.5241394042969,64.7666244506836,742.5081787109375,509.34197998046875,121.06099700927734,178.17044067382812,22.591278076171875,149.2494659423828,658.072998046875,440.3999938964844,339.1453857421875,102.54359436035156,114.6559829711914
2025-09-29,253.7122344970703,161.36000061035156,222.1699981689453,51.8558464050293,913.0008544921875,244.09454345703125,152.8803253173828,114.00862884521484,243.71890258789062,795.9642333984375,401.50152587890625,34.47999954223633,179.519775390625,311.1594543457031,65.13153839111328,742.1588134765625,512.4689331054688,120.64099884033203,181.83004760742188,22.676851272583008,150.2575225830078,659.9224243164062,443.2099914550781,340.2296142578125,102.46408081054688,111.72160339355469
2025-09-30,253.9116668701172,161.7899932861328,219.57000732421875,51.03478240966797,921.7238159179688,236.0277557373047,152.08702087402344,113.73051452636719,242.77020263671875,788.2730102539062,399.9125061035156,33.54999923706055,183.2758331298828,310.9031677246094,65.40768432617188,733.15380859375,515.8051147460938,119.89199829101562,186.55950927734375,24.226673126220703,150.3749542236328,662.4082641601562,444.7200012207031,340.347900390625,102.4441909790039,110.28375244140625
2025-10-01,254.72933959960938,164.00999450683594,220.6300048828125,50.13457489013672,913.4688110351562,234.72314453125,151.3916778564453,112.19092559814453,244.5677490234375,777.5430297851562,391.8489074707031,35.939998626708984,183.8985595703125,306.2508850097656,65.86135864257812,716.142333984375,517.557861328125,117.08999633789062,187.21945190429688,25.8715763092041,149.9149627685547,664.6654663085938,459.4599914550781,343.3049011230469,101.35076141357422,109.54037475585938
2025-10-02,256.40460205078125,169.72999572753906,222.41000366210938,49.93672561645508,912.9012451171875,237.90005493164062,150.2066192626953,111.38636779785156,245.356689453125,771.4752197265625,389.8650817871094,37.29999923706055,183.82936096191406,303.1362609863281,65.19071197509766,725.8360595703125,513.604248046875,116.25299835205078,188.8692626953125,25.747974395751953,148.80906677246094,665.4309692382812,436.0,348.6471862792969,101.09232330322266,108.8556900024414
2025-10-03,257.2920837402344,164.6699981689453,219.50999450683594,50.095001220703125,911.51708984375,239.3739776611328,150.38291931152344,111.71415710449219,245.0171356201172,781.9676513671875,389.9144287109375,36.83000183105469,186.45860290527344,305.5806579589844,65.73314666748047,709.3735961914062,515.20751953125,115.33200073242188,187.5994110107422,26.02370834350586,149.02438354492188,665.421142578125,429.8299865722656,355.03424072265625,101.46011352539062,110.78260803222656
2025-10-06,255.96583557128906,203.7100067138672,220.89999389648438,49.847694396972656,907.0958251953125,244.77174377441406,150.84323120117188,111.99227142333984,250.09024047851562,788.6987915039062,384.2590637207031,36.59000015258789,185.98416137695312,306.2244567871094,65.19071197509766,714.465087890625,526.3811645507812,116.33100128173828,185.51962280273438,25.129945755004883,147.2040252685547,667.8074951171875,453.25,353.6247253417969,102.08634185791016,111.70204162597656
2025-10-07,255.75645446777344,211.50999450683594,221.77999877929688,49.7487678527832,910.9395751953125,238.7565155029297,151.71487426757812,111.77375030517578,245.42657470703125,781.6410522460938,381.77191162109375,37.16999816894531,186.70570373535156,304.7486877441406,65.87122344970703,711.889404296875,521.8101196289062,119.10600280761719,185.01968383789062,24.977815628051758,149.2886199951172,665.3316040039062,433.0899963378906,358.4446105957031,102.62311553955078,111.76072692871094
2025-10-08,257.3320007324219,235.55999755859375,225.22000122070312,49.303611755371094,910.9395751953125,239.44369506835938,150.5690155029297,111.13805389404297,244.2881317138672,768.6343383789062,378.7912292480469,37.43000030517578,187.49647521972656,301.1236877441406,65.21044158935547,716.6414794921875,522.676513671875,121.42500305175781,189.0892333984375,24.41683578491211,147.47805786132812,669.2990112304688,438.69000244140625,364.6148376464844,102.28515625,111.52597045898438
2025-10-09,253.32330322265625,232.88999938964844,227.74000549316406,49.254150390625,938.9110107421875,244.3236083984375,148.5123291015625,110.24409484863281,241.2023162841797,772.04931640625,372.7706604003906,37.79999923706055,188.87039184570312,302.6093444824219,65.4570083618164,732.2852783203125,520.2366943359375,123.10700225830078,192.54885864257812,23.998477935791016,147.37039184570312,667.3600463867188,435.5400085449219,362.41680908203125,101.16189575195312,110.44026184082031
2025-10-10,244.5780792236328,214.89999389648438,216.3699951171875,48.12642288208008,926.0853881835938,240.6885528564453,145.82882690429688,108.4561996459961,236.24905395507812,756.6075439453125,370.85595703125,36.369998931884766,188.51455688476562,298.01373291015625,66.11778259277344,704.1223754882812,508.84405517578125,122.00800323486328,183.139892578125,23.561105728149414,146.49937438964844,649.32275390625,413.489990234375,349.41595458984375,101.23147583007812,108.30793762207031
2025-10-13,246.96133422851562,216.4199981689453,220.07000732421875,48.33415985107422,931.6118774414062,247.72955322265625,148.80612182617188,109.52893829345703,243.8187713623047,778.8001708984375,374.4288024902344,37.220001220703125,188.6924591064453,305.0260314941406,65.88108825683594,714.5050048828125,511.9212341308594,121.90299987792969,188.29933166503906,23.513565063476562,144.3462677001953,659.2860107421875,435.8999938964844,353.5163269042969,101.50981140136719,109.78490447998047
2025-10-14,247.07101440429688,218.08999633789062,216.38999938964844,49.550926208496094,942.5157470703125,238.78640747070312,149.24685668945312,110.42288970947266,245.11700439453125,762.942626953125,382.6700439453125,35.630001068115234,188.64305114746094,299.19232177734375,66.5813217163086,707.4668579101562,511.4432373046875,121.53500366210938,180.01022338867188,23.31389617919922,145.9806671142578,658.4805908203125,429.239990234375,354.7680969238281,106.56938934326172,109.83381652832031
2025-10-15,248.63658142089844,238.60000610351562,215.57000732421875,51.71735382080078,950.9598999023438,235.60948181152344,148.97262573242188,110.95925903320312,250.68943786621094,760.1412963867188,383.2424621582031,37.150001525878906,188.9593505859375,302.767822265625,66.15723419189453,716.3519287109375,511.3038024902344,120.3290023803711,179.8102569580078,23.190288543701172,144.2777557373047,661.4039916992188,435.1499938964844,355.9705810546875,108.37852478027344,109.16868591308594
2025-10-16,246.7519073486328,234.55999755859375,214.47000122070312,49.897151947021484,921.7138061523438,244.9908447265625,148.58087158203125,109.14155578613281,251.1188507080078,750.4011840820312,382.3443603515625,36.84000015258789,189.8983612060547,295.6861572265625,66.66021728515625,710.881103515625,509.4913330078125,118.35900115966797,181.7900390625,23.038158416748047,146.4113006591797,656.899658203125,428.75,351.55487060546875,105.83381652832031,108.21991729736328
2025-10-17,251.5782470703125,233.0800018310547,213.0399932861328,50.72811508178711,932.378662109375,242.08282470703125,149.92262268066406,109.9262466430664,252.95635986328125,743.1553955078125,386.79559326171875,37.0099983215332,190.9856414794922,294.7155456542969,67.49852752685547,715.7229614257812,511.4532470703125,119.93599700927734,183.19989013671875,23.30438804626465,148.17291259765625,660.62841796875,439.30999755859375,351.4858703613281,107.08628845214844,109.78490447998047
2025-10-20,261.50018310546875,240.55999755859375,216.47999572753906,51.47993850708008,932.1595458984375,253.23687744140625,151.2937469482422,111.20758056640625,256.2019348144531,755.5780639648438,383.8248291015625,38.099998474121094,191.4798583984375,299.4696350097656,67.49852752685547,730.947509765625,514.6498413085938,123.85600280761719,182.6199493408203,23.475534439086914,148.7209930419922,667.499267578125,447.42999267578125,359.25286865234375,106.41035461425781,110.2348403930664
2025-10-21,262.0286865234375,238.02999877929688,222.02999877929688,50.96553421020508,933.543701171875,262.3294372558594,150.6179656982422,113.5318603515625,250.12020874023438,751.2821044921875,385.8086242675781,38.119998931884766,189.66114807128906,294.2500305175781,70.24028015136719,732.0457153320312,515.5162963867188,124.13500213623047,181.14010620117188,23.627662658691406,148.3882293701172,667.4892578125,442.6000061035156,360.1300964355469,105.58531188964844,110.24462890625
2025-10-22,257.72088623046875,230.22999572753906,217.9499969482422,50.550052642822266,940.6934204101562,255.5872039794922,152.36126708984375,112.32005310058594,251.34854125976562,737.0479125976562,383.9037780761719,36.91999816894531,190.70889282226562,291.2984924316406,69.8359146118164,732.1854248046875,518.3843994140625,111.63700103759766,180.2602081298828,23.50405502319336,148.95587158203125,664.0191040039062,438.9700012207031,356.3056945800781,106.49980926513672,112.20088195800781
2025-10-23,258.84765625,234.99000549316406,221.08999633789062,51.202945709228516,938.0745239257812,254.00372314453125,153.33084106445312,112.2703857421875,252.7366485595703,743.1653442382812,380.01507568359375,38.15999984741211,190.2443084716797,291.72442626953125,68.97789001464844,732.7744750976562,518.404296875,111.35900115966797,182.13999938964844,23.456518173217773,148.9656524658203,667.9566650390625,448.9800109863281,355.2806396484375,106.22148895263672,113.44310760498047
2025-10-24,262.07855224609375,252.9199981689453,224.2100067138672,52.004234313964844,928.2063598632812,253.7846221923828,152.35145568847656,110.9294662475586,259.5674133300781,775.9295654296875,381.6435852050781,38.279998779296875,188.1982421875,297.5680236816406,68.75105285644531,737.1271362304688,521.441650390625,109.46900177001953,186.23953247070312,23.542089462280273,150.28330993652344,673.4155883789062,433.7200012207031,357.3012390136719,105.53560638427734,112.86600494384766
2025-10-27,268.0516357421875,259.6700134277344,226.97000122070312,52.44939041137695,925.9259643554688,254.4219970703125,152.07723999023438,111.58502197265625,268.9046630859375,781.9775390625,380.251953125,39.540000915527344,188.0994110107422,301.2425231933594,69.09623718261719,749.56640625,529.3189697265625,109.45600128173828,191.46897888183594,23.551597595214844,149.54417419433594,681.3603515625,452.4200134277344,360.7313232421875,103.84577178955078,113.40398406982422
2025-10-28,268.2410888671875,258.010009765625,229.25,52.301002502441406,920.260009765625,253.21694946289062,150.9509735107422,110.89966583251953,267.1071472167969,784.0563354492188,380.7256774902344,41.529998779296875,184.76837158203125,302.4409484863281,69.19486999511719,750.1853637695312,539.8252563476562,110.25,201.0079345703125,23.294879913330078,149.1795196533203,683.1700439453125,460.54998779296875,362.5646667480469,102.55353546142578,112.51387786865234
2025-10-29,268.93914794921875,264.3299865722656,230.3000030517578,52.01412582397461,908.569580078125,250.42845153808594,151.9009552001953,109.49913787841797,274.197509765625,775.117919921875,373.1161193847656,41.34000015258789,184.44219970703125,302.58953857421875,67.40975952148438,750.4149780273438,539.307373046875,110.04100036621094,207.01727294921875,23.0952091217041,146.6171417236328,683.4981689453125,461.510009765625,350.1650695800781,101.84777069091797,113.90281677246094
2025-10-30,270.63433837890625,254.83999633789062,222.86000061035156,52.45927810668945,916.2968139648438,255.59713745117188,150.35354614257812,111.08838653564453,281.09814453125,782.1458740234375,374.6064453125,40.15999984741211,186.86386108398438,306.48199462890625,68.03109741210938,665.357177734375,523.582763671875,108.9000015258789,202.8677215576172,23.0952091217041,147.41542053222656,675.98095703125,440.1000061035156,339.8058166503906,101.61915588378906,112.18132019042969
2025-10-31,269.60723876953125,256.1199951171875,244.22000122070312,52.87476348876953,908.8876953125,259.34173583984375,154.4669189453125,111.86315155029297,280.80853271484375,781.3638916015625,374.64593505859375,39.9900016784668,186.68594360351562,308.1459045410156,67.95220184326172,647.2674560546875,515.6656494140625,111.88600158691406,202.4677734375,23.4375,148.19398498535156,678.1983642578125,456.55999755859375,336.6615295410156,100.57542419433594,111.85853576660156
2025-11-03,268.2909851074219,259.6499938964844,254.0,52.98358154296875,925.4310302734375,260.2679138183594,150.86280822753906,111.36650848388672,283.3350830078125,777.552978515625,373.4220886230469,39.5,184.1061248779297,306.3928527832031,67.03498840332031,636.645263671875,514.888916015625,110.00900268554688,206.85728454589844,23.447010040283203,145.8780059814453,679.4711303710938,468.3699951171875,329.00299072265625,100.98297119140625,111.27166748046875
2025-11-04,269.2781982421875,250.0500030517578,249.32000732421875,52.96379470825195,938.0953369140625,253.39622497558594,150.22622680664062,110.72087860107422,277.1634826660156,782.80908203125,378.0904541015625,37.029998779296875,184.69918823242188,306.2937927246094,67.71549987792969,626.2725830078125,512.2001342773438,109.2959976196289,198.66818237304688,23.104717254638672,145.04029846191406,671.4169921875,444.260009765625,326.0854187011719,101.6589126586914,111.64334869384766
2025-11-05,269.3778991699219,256.3299865722656,250.1999969482422,51.88552474975586,932.4014282226562,251.6434326171875,149.5112762451172,110.61161041259766,283.9242858886719,785.0462036132812,368.9708251953125,38.380001068115234,183.84913635253906,308.7005615234375,67.56756591796875,634.88818359375,505.0597839355469,109.84600067138672,195.18858337402344,23.39946937561035,143.6802520751953,673.7437133789062,462.07000732421875,323.03973388671875,100.86369323730469,111.19341278076172
2025-11-06,269.0089416503906,237.6999969482422,243.0399932861328,52.71648406982422,920.983642578125,238.2884521484375,149.78550720214844,109.7474594116211,284.36370849609375,779.592041015625,364.2629699707031,37.2400016784668,184.8079071044922,310.4239501953125,68.10999298095703,617.9065551757812,495.04144287109375,109.7020034790039,188.05935668945312,23.627662658691406,144.01535034179688,666.514892578125,445.9100036621094,316.9483642578125,101.07244110107422,111.9954833984375
2025-11-07,267.7126159667969,233.5399932861328,244.41000366210938,52.6274528503418,920.1459350585938,238.89596557617188,151.82261657714844,109.99578094482422,278.4516906738281,778.3646240234375,366.2763671875,38.130001068115234,184.4125518798828,311.20635986328125,69.57949829101562,620.6719360351562,494.7626037597656,110.36599731445312,188.1293487548828,23.637338638305664,144.85304260253906,667.1710815429688,429.5199890136719,319.56036376953125,101.97699737548828,114.6559829711914
2025-11-10,268.9303283691406,243.97999572753906,248.39999389648438,52.84508514404297,912.9861450195312,240.71844482421875,152.43960571289062,111.4856948852539,289.7064208984375,789.114501953125,365.605224609375,38.45000076293945,186.2312774658203,313.8607482910156,69.54991149902344,630.7051391601562,503.9045715332031,112.00700378417969,199.0281524658203,23.598636627197266,143.3944549560547,677.5819091796875,445.2300109863281,316.96807861328125,101.80801391601562,115.63410949707031
2025-11-11,274.73956298828125,237.52000427246094,249.10000610351562,53.052825927734375,911.2908935546875,243.4969940185547,153.01744079589844,114.07815551757812,290.9147644042969,802.0914916992188,369.3656005859375,37.880001068115234,191.58859252929688,312.6028747558594,70.62491607666016,626.0330200195312,506.573486328125,113.64399719238281,193.1387939453125,24.682296752929688,146.3904571533203,679.1329956054688,439.6199951171875,322.75390625,102.8219223022461,117.15998077392578
2025-11-12,272.962890625,258.8900146484375,244.1999969482422,53.52765655517578,911.4305419921875,245.01077270507812,150.1576690673828,115.8660659790039,286.3210144042969,830.4608154296875,366.296142578125,37.88999938964844,192.14210510253906,317.34710693359375,70.52629852294922,607.9931640625,509.0233154296875,115.75,193.7787322998047,25.030616760253906,145.86813354492188,679.5108642578125,430.6000061035156,334.1973876953125,102.8219223022461,115.53630065917969
2025-11-13,272.4438171386719,247.9600067138672,237.5800018310547,52.301002502441406,922.4793701171875,239.44369506835938,152.3710479736328,106.8868179321289,278.19207763671875,797.3302612304688,363.2760009765625,35.90999984741211,192.99217224121094,306.5216064453125,70.09234619140625,608.8717041015625,501.205810546875,115.4229965209961,186.8394775390625,24.953210830688477,145.81886291503906,668.2350463867188,401.989990234375,327.7511901855469,101.92730712890625,116.19164276123047
2025-11-14,271.90484619140625,246.80999755859375,234.69000244140625,52.043800354003906,920.38525390625,242.6604461669922,154.3689727783203,105.08898162841797,276.0350036621094,782.8882446289062,357.6403503417969,35.52000045776367,193.664306640625,300.7076721191406,70.18111419677734,608.4424438476562,508.0672607421875,111.21700286865234,190.14910888671875,24.246896743774414,145.53305053710938,668.125732421875,404.3500061035156,317.2440490722656,101.86766052246094,117.70126342773438
2025-11-17,266.9639892578125,240.52000427246094,232.8699951171875,50.92596435546875,910.0244750976562,236.05764770507812,151.62673950195312,104.97972106933594,284.63330078125,767.6939697265625,353.36676025390625,34.709999084472656,197.2720947265625,297.4986572265625,69.70771026611328,601.0048217773438,505.3883972167969,110.29000091552734,186.5795135498047,24.26624870300293,143.7098388671875,661.901123046875,408.9200134277344,315.92327880859375,102.3348388671875,116.11270141601562
2025-11-18,266.94403076171875,230.2899932861328,222.5500030517578,51.0842399597168,892.563720703125,232.54212951660156,152.1317901611328,105.56575012207031,283.8943176269531,768.4264526367188,332.09747314453125,34.33000183105469,197.68724060058594,296.5478515625,70.24028015136719,596.6920776367188,491.74517822265625,114.08999633789062,181.340087890625,24.624244689941406,144.86289978027344,656.3428344726562,401.25,309.0827941894531,100.78416442871094,117.4447250366211
2025-11-19,268.0619812011719,223.5500030517578,222.69000244140625,51.46015167236328,888.0963134765625,226.9451904296875,150.2303924560547,103.96656799316406,292.4127502441406,778.0181884765625,330.1432189941406,35.11000061035156,200.168212890625,300.3709411621094,70.13179779052734,589.3343505859375,485.1027526855469,110.0,186.49952697753906,24.072736740112305,144.86289978027344,658.87841796875,403.989990234375,304.6571960449219,100.00882720947266,115.78709411621094
2025-11-20,265.7562561035156,206.02000427246094,217.13999938964844,50.45112609863281,890.7787475585938,224.44546508789062,148.85385131835938,102.00981140136719,289.05731201171875,765.852783203125,328.05084228515625,33.619998931884766,200.72174072265625,295.5277099609375,70.23041534423828,588.1663818359375,477.3404846191406,105.66999816894531,180.6201629638672,23.608312606811523,146.0455322265625,648.8355712890625,395.2300109863281,307.07208251953125,106.4699935913086,115.46148681640625
2025-11-21,270.98651123046875,203.77999877929688,220.69000244140625,51.005104064941406,896.482666015625,226.17832946777344,148.5270538330078,103.57919311523438,299.2534484863281,766.179443359375,338.8483581542969,34.5,201.54212951660156,295.171142578125,71.94647979736328,593.2578125,471.04486083984375,104.30999755859375,178.86036682128906,24.227548599243164,148.73602294921875,655.2987670898438,391.0899963378906,315.3811950683594,104.69068908691406,115.52069091796875
2025-11-24,275.4083557128906,215.0500030517578,226.27999877929688,51.37112045288086,883.62890625,225.88954162597656,148.29928588867188,101.25492095947266,318.14776611328125,782.6903076171875,332.1961364746094,35.790000915527344,203.6672821044922,295.1513366699219,71.5914306640625,612.0264282226562,472.92059326171875,106.97000122070312,182.52996826171875,24.401704788208008,144.85304260253906,664.9437866210938,417.7799987792969,314.4743957519531,103.43821716308594,114.42547607421875
2025-11-25,276.45635986328125,206.1300048828125,229.6699981689453,51.915199279785156,891.8157958984375,233.15957641601562,147.09109497070312,102.61570739746094,323.0011901855469,794.1825561523438,346.4974060058594,35.83000183105469,205.57713317871094,300.103515625,71.61116027832031,635.15771484375,475.90374755859375,104.4000015258789,177.80047607421875,24.885480880737305,146.3411865234375,671.1981811523438,419.3999938964844,321.6006774902344,106.36064147949219,112.98491668701172
2025-11-26,277.0353088378906,214.24000549316406,229.16000366210938,52.41971206665039,905.7066650390625,227.21405029296875,148.0615997314453,102.73490905761719,319.5159606933594,807.733642578125,350.840087890625,36.810001373291016,206.46241760253906,304.6991882324219,71.87744903564453,632.5521240234375,484.3943786621094,106.13999938964844,180.24020385742188,24.875804901123047,146.1046600341797,675.8318481445312,426.5799865722656,324.98150634765625,108.44810485839844,113.241455078125
2025-11-28,278.3328857421875,217.52999877929688,233.22000122070312,53.07261276245117,911.021728515625,229.59426879882812,149.66592407226562,103.7679214477539,319.74560546875,817.6619262695312,352.2712097167969,40.560001373291016,205.8258056640625,310.087158203125,72.11415100097656,646.8681640625,490.88958740234375,107.58000183105469,176.98056030273438,24.90483283996582,146.01597595214844,679.5208129882812,430.1700134277344,325.0406494140625,109.84968566894531,114.37614440917969
2025-12-01,282.57501220703125,219.75999450683594,233.8800048828125,52.667022705078125,909.396240234375,231.87486267089844,151.06224060058594,106.05245971679688,314.4627990722656,802.6359252929688,352.67584228515625,40.0099983215332,204.254150390625,305.9669494628906,71.45864868164062,639.7999877929688,485.6315612792969,109.12999725341797,179.90025329589844,24.450084686279297,145.306396484375,676.4185180664062,430.1400146484375,318.57470703125,110.86358642578125,115.0766830444336
2025-12-02,285.6592712402344,215.24000549316406,234.4199981689453,52.617557525634766,919.43798828125,233.74716186523438,148.79443359375,104.12550354003906,315.38153076171875,810.9422607421875,349.4188537597656,43.470001220703125,204.333740234375,304.9368896484375,70.18739318847656,646.01953125,488.8841552734375,109.3499984741211,181.44007873535156,24.33397674560547,143.74925231933594,677.67138671875,429.239990234375,319.8856506347656,111.73832702636719,113.84333038330078
2025-12-03,283.623046875,217.60000610351562,232.3800048828125,53.507877349853516,919.6672973632812,237.74070739746094,150.1214599609375,105.02938079833984,319.1963806152344,832.1904296875,353.2483215332031,43.7599983215332,204.2442169189453,309.1462707519531,70.32643127441406,638.5321044921875,476.64208984375,103.95999908447266,179.57028198242188,24.74034881591797,144.5869598388672,680.0180053710938,446.739990234375,334.83807373046875,113.72637939453125,116.2311019897461
2025-12-04,280.179443359375,215.97999572753906,229.11000061035156,53.57712173461914,893.3414916992188,246.44485473632812,150.7849578857422,104.76119995117188,317.1890869140625,833.4437866210938,348.83782958984375,40.5,201.40928649902344,313.0783386230469,69.9688949584961,660.4254760742188,479.7449951171875,103.22000122070312,183.37008666992188,24.866132736206055,143.25650024414062,680.51513671875,454.5299987792969,328.707275390625,114.15380096435547,115.57989501953125
2025-12-05,278.26300048828125,217.97000122070312,229.52999877929688,53.646728515625,892.1648559570312,259.5010986328125,148.54685974121094,104.59234619140625,320.8341064453125,850.086181640625,352.25494384765625,41.40999984741211,200.8621826171875,312.0284729003906,69.52196502685547,672.2955932617188,482.0597229003906,100.23999786376953,182.40013122558594,25.1854248046875,141.37413024902344,681.8078002929688,455.0,326.164306640625,114.42219543457031,114.98788452148438
2025-12-08,277.3746643066406,221.11000061035156,226.88999938964844,53.597007751464844,885.0250244140625,258.46533203125,147.2693634033203,106.90667724609375,313.49932861328125,862.1527099609375,347.586181640625,40.29999923706055,200.5538330078125,312.1968078613281,69.770263671875,665.6866455078125,489.9018249511719,96.79000091552734,185.5399627685547,24.933860778808594,136.33807373046875,679.7594604492188,439.5799865722656,321.12347412109375,112.8814468383789,114.43534851074219
2025-12-09,276.6659851074219,221.6199951171875,227.9199981689453,53.23903274536133,885.9423828125,259.94921875,147.05149841308594,106.30077362060547,316.85693359375,871.990966796875,342.97698974609375,40.5,198.90261840820312,297.6373596191406,69.6113510131836,655.8630981445312,490.8995361328125,96.70999908447266,184.95999145507812,24.508136749267578,137.60940551757812,679.1727294921875,445.1700134277344,321.1036376953125,114.37248229980469,116.67510986328125
2025-12-10,278.26300048828125,221.4199981689453,231.77999877929688,53.775997161865234,871.9517822265625,263.1161804199219,149.94320678710938,108.09861755371094,319.9847412109375,884.5846557617188,348.7980651855469,40.779998779296875,205.44781494140625,307.1455383300781,69.73052978515625,649.0444946289062,477.4701843261719,92.70999908447266,183.77005004882812,24.94353675842285,137.79666137695312,683.6771850585938,451.45001220703125,325.83685302734375,112.50373077392578,117.94792938232422
2025-12-11,277.514404296875,221.42999267578125,230.27999877929688,54.253299713134766,881.9935302734375,261.2737731933594,149.2598876953125,110.7109375,312.210205078125,906.2606201171875,355.0860290527344,39.5099983215332,208.8994598388672,314.3460693359375,68.63804626464844,651.6202392578125,482.3690185546875,94.08999633789062,180.92019653320312,24.962886810302734,138.72305297851562,685.26806640625,446.8900146484375,334.1323547363281,114.8297348022461,117.94792938232422
2025-12-12,277.763916015625,210.77999877929688,226.19000244140625,54.83003616333008,881.9835205078125,261.1542663574219,148.53695678710938,110.8499984741211,309.07244873046875,883.3114013671875,357.261474609375,37.810001373291016,210.46116638183594,315.4751892089844,70.03841400146484,643.1543579101562,477.4402770996094,95.19000244140625,175.01052856445312,25.011266708374023,140.77294921875,677.9000244140625,458.9599914550781,339.20294189453125,116.23915100097656,117.23751831054688
2025-12-15,273.6016540527344,207.5800018310547,222.5399932861328,55.01897048950195,858.1407470703125,253.53564453125,148.3488006591797,110.48999786376953,308.003173828125,884.932861328125,354.619140625,37.5099983215332,213.03746032714844,316.9608154296875,70.48534393310547,646.9561157226562,473.73870849609375,93.7699966430664,176.28045654296875,25.572446823120117,143.02981567382812,676.8758544921875,475.30999755859375,338.4686584472656,116.32880401611328,116.19164276123047
2025-12-16,274.1007385253906,209.1699981689453,222.55999755859375,54.50189208984375,857.9712524414062,253.86428833007812,145.32833862304688,111.62000274658203,306.3543395996094,874.5474853515625,350.3377685546875,37.310001373291016,208.19322204589844,312.5335693359375,69.88944244384766,656.587890625,475.3051452636719,94.56999969482422,177.71038818359375,24.701648712158203,143.10865783691406,675.0264282226562,489.8800048828125,331.62188720703125,114.9642105102539,113.15265655517578
2025-12-17,271.33587646484375,198.11000061035156,221.27000427246094,54.24335479736328,860.2249145507812,257.0810546875,148.07151794433594,110.62999725341797,296.5112609863281,867.76318359375,354.3807373046875,36.04999923706055,209.2177734375,311.9690246582031,70.18739318847656,648.9443969726562,475.0357360839844,94.79000091552734,170.93075561523438,24.227548599243164,145.67103576660156,667.5986938476562,467.260009765625,329.07171630859375,115.2032699584961,115.84630584716797
2025-12-18,271.68524169921875,201.05999755859375,226.75999450683594,53.95498275756836,855.1791381835938,257.20672607421875,146.25924682617188,111.87000274658203,302.2472229003906,871.71240234375,352.6324157714844,36.279998779296875,207.2084503173828,310.0079345703125,69.87950897216797,663.881591796875,482.87786865234375,94.0,174.1305694580078,24.227548599243164,143.41416931152344,672.6399536132812,483.3699951171875,325.608642578125,114.37654113769531,114.98788452148438
2025-12-19,273.1625061035156,213.42999267578125,227.35000610351562,54.95930862426758,853.2146606445312,259.2615966796875,146.3186492919922,111.23999786376953,306.9439392089844,888.8024291992188,342.7087707519531,36.81999969482422,205.27871704101562,314.17767333984375,69.58155822753906,658.2064819335938,484.8134460449219,94.38999938964844,180.98020935058594,24.3726806640625,142.3695068359375,678.7363891601562,481.20001220703125,324.8941955566406,113.90839385986328,115.1358871459961
2025-12-22,270.4674987792969,214.9499969482422,228.42999267578125,55.565879821777344,847.6104125976562,263.9698181152344,148.3488006591797,112.37999725341797,309.56207275390625,894.2935791015625,344.0895690917969,36.369998931884766,206.22369384765625,320.0014953613281,69.73052978515625,660.9341430664062,483.81573486328125,93.2300033569336,183.6800537109375,24.39202880859375,140.6251220703125,682.96484375,488.7300109863281,322.651611328125,112.15534973144531,116.5764389038086
2025-12-23,271.85491943359375,214.89999389648438,232.13999938964844,55.655372619628906,852.386962890625,262.7727966308594,149.05191040039062,113.22000122070312,314.1288757324219,896.9893798828125,342.6789855957031,36.349998474121094,204.69183349609375,322.8143310546875,69.39286041259766,664.3711547851562,485.7413330078125,93.5,189.19976806640625,24.072736740112305,141.10801696777344,686.0863037109375,485.55999755859375,322.29437255859375,110.4620590209961,117.82952117919922
2025-12-24,273.3022155761719,215.0399932861328,232.3800048828125,55.93379592895508,869.4089965820312,264.5982666015625,149.04202270507812,114.4800033569336,313.8690490722656,906.0119018554688,345.0332336425781,36.15999984741211,206.68125915527344,326.02337646484375,69.63121795654297,666.9789428710938,486.90863037109375,93.63999938964844,188.59979248046875,24.217870712280273,142.3990936279297,688.4996948242188,485.3999938964844,325.05291748046875,111.16925811767578,117.63219451904297
2025-12-26,272.89300537109375,214.99000549316406,232.52000427246094,55.854244232177734,870.894775390625,265.4161682128906,148.56666564941406,113.55999755859375,313.2894592285156,902.2914428710938,347.45703125,36.20000076293945,206.5320587158203,324.7754211425781,69.39286041259766,662.7225952148438,486.599365234375,94.47000122070312,190.51968383789062,24.275924682617188,142.6454620361328,688.4298706054688,475.19000244140625,329.2701416015625,111.29874420166016,117.5236587524414
2025-12-29,273.2523498535156,215.61000061035156,232.07000732421875,55.038856506347656,865.4003295898438,265.5658264160156,149.5272674560547,114.19000244140625,313.33941650390625,887.50927734375,345.14251708984375,36.68000030517578,206.46241760253906,320.6551818847656,69.68087768554688,658.1265258789062,485.9907531738281,94.1500015258789,188.20980834960938,24.1888427734375,142.47792053222656,685.9765625,459.6400146484375,326.4024353027344,112.08561706542969,118.92474365234375
2025-12-30,272.57354736328125,215.33999633789062,232.52999877929688,54.9692497253418,863.2164916992188,265.2566223144531,150.83447265625,114.79000091552734,313.6292419433594,879.7898559570312,344.0498352050781,37.29999923706055,205.81585693359375,320.328369140625,69.59149169921875,665.3803100585938,486.3699035644531,93.77999877929688,187.52984619140625,24.179166793823242,141.96543884277344,685.138916015625,454.42999267578125,329.5976257324219,111.47803497314453,119.37861633300781
2025-12-31,271.3558349609375,214.16000366210938,230.82000732421875,54.69082260131836,859.9158325195312,264.2491149902344,150.9335174560547,113.7699966430664,312.7798156738281,874.3982543945312,341.81475830078125,36.900001525878906,205.85565185546875,319.1398010253906,69.43258666992188,659.5253295898438,482.5186767578125,93.76000213623047,186.4899139404297,24.09208869934082,141.2361602783203,680.062744140625,449.7200012207031,327.56341552734375,110.97004699707031,118.73727416992188
2026-01-02,270.5074462890625,223.47000122070312,226.5,55.6354866027832,852.0977783203125,252.98727416992188,154.3896942138672,111.8499984741211,314.9283142089844,909.5532836914062,343.5233459472656,39.380001068115234,206.2535400390625,322.36865234375,68.64797973632812,649.8535766601562,471.8630065917969,90.98999786376953,188.83978271484375,24.363004684448242,139.73814392089844,681.309326171875,438.07000732421875,333.8049011230469,112.3147201538086,121.01651000976562
2026-01-05,266.764404296875,221.0800018310547,233.05999755859375,56.57019805908203,873.278076171875,255.62069702148438,162.2626953125,114.06999969482422,316.3173522949219,943.4747314453125,341.8048095703125,39.369998931884766,203.22959899902344,330.8468322753906,67.47603607177734,658.2264404296875,471.773193359375,91.45999908447266,188.1098175048828,24.353328704833984,138.3386993408203,685.846923828125,451.6700134277344,339.38153076171875,112.26490783691406,123.69041442871094
2026-01-06,261.87347412109375,214.35000610351562,240.92999267578125,56.92817687988281,886.6004638671875,262.2441101074219,155.02349853515625,114.56999969482422,314.1188659667969,950.4678955078125,346.9703063964844,40.040000915527344,203.70706176757812,332.90625,67.37671661376953,660.0548706054688,477.4203186035156,90.6500015258789,187.22987365722656,24.60489273071289,137.88536071777344,689.92578125,432.9599914550781,346.2779235839844,113.88846588134766,119.43782806396484
2026-01-07,259.84722900390625,210.02000427246094,241.55999755859375,55.32722473144531,880.098876953125,265.4560852050781,153.6964874267578,112.91000366210938,321.7535095214844,936.0935668945312,346.7418212890625,42.630001068115234,206.39279174804688,325.3250732421875,67.07876586914062,648.1350708007812,482.3690185546875,90.7300033569336,189.09976196289062,24.459758758544922,136.0424041748047,687.701904296875,431.4100036621094,339.06402587890625,112.27487182617188,116.91191101074219
2026-01-08,258.55963134765625,204.67999267578125,246.2899932861328,55.864192962646484,912.73681640625,259.8800354003906,157.70724487304688,114.16999816894531,325.2110595703125,929.9359741210938,357.1720886230469,41.11000061035156,204.6619873046875,328.11083984375,68.89627075195312,645.50732421875,477.0212097167969,90.52999877929688,185.0299835205078,24.46943473815918,139.48190307617188,687.632080078125,435.79998779296875,344.1742858886719,112.62348937988281,121.2730484008789
2026-01-09,258.8890075683594,203.1699981689453,247.3800048828125,55.53604507446289,922.2799682617188,259.29150390625,160.53955078125,115.87999725341797,328.3388671875,934.064208984375,372.1519470214844,45.54999923706055,203.30918884277344,327.5138854980469,70.02848815917969,652.5013427734375,478.1885681152344,89.45999908447266,184.84999084472656,24.653270721435547,139.81698608398438,692.1796264648438,445.010009765625,341.3264465332031,114.07772827148438,122.95040893554688
2026-01-12,259.7673645019531,207.69000244140625,246.47000122070312,54.879756927490234,940.4288330078125,258.75286865234375,160.76730346679688,112.81999969482422,331.62652587890625,944.5789184570312,372.449951171875,44.060001373291016,208.6110076904297,322.8377990722656,70.0185546875,641.4207763671875,476.09332275390625,89.41000366210938,184.92999267578125,24.450084686279297,141.3839874267578,693.2666625976562,448.9599914550781,337.8832092285156,117.50414276123047,122.37812805175781
2026-01-13,260.5658874511719,220.97000122070312,242.60000610351562,54.2334098815918,939.281982421875,240.4586181640625,162.28248596191406,112.9800033569336,335.7336730957031,933.2386474609375,377.2180480957031,47.290000915527344,212.5202178955078,309.3169860839844,70.75350189208984,630.5501708984375,469.5981750488281,90.31999969482422,185.79994201660156,24.33397674560547,142.15269470214844,691.8804931640625,447.20001220703125,331.35394287109375,119.88469696044922,124.85469818115234
2026-01-14,259.4779052734375,223.60000610351562,236.64999389648438,52.18498992919922,948.3065185546875,238.9723358154297,165.61985778808594,113.52999877929688,335.603759765625,927.7872924804688,373.4532470703125,48.720001220703125,217.39430236816406,306.30242919921875,70.95214080810547,614.9934692382812,458.3338928222656,88.55000305175781,183.1300811767578,24.750024795532227,144.232177734375,688.479736328125,439.20001220703125,332.3760070800781,119.56596374511719,128.4659423828125
2026-01-15,257.7311706542969,227.9199981689453,238.17999267578125,52.29437255859375,954.060302734375,232.94740295410156,164.55030822753906,113.41000366210938,332.5458984375,970.7511596679688,376.6419372558594,48.31999969482422,218.40892028808594,307.68536376953125,69.99869537353516,620.2689208984375,455.6200866699219,88.05000305175781,187.03988647460938,25.04996681213379,142.53704833984375,690.3546142578125,438.57000732421875,336.34515380859375,118.72927856445312,127.41021728515625
2026-01-16,255.05612182617188,231.8300018310547,239.1199951171875,52.672237396240234,960.9010620117188,226.5434112548828,164.6493377685547,111.19999694824219,329.7678527832031,956.9637451171875,377.6452331542969,46.959999084472656,217.50372314453125,310.8789978027344,69.95896911621094,619.7194213867188,458.8127746582031,88.0,186.21990966796875,24.817752838134766,142.43849182128906,689.7761840820312,437.5,328.4664001464844,119.22730255126953,128.1600799560547
2026-01-20,246.2425079345703,231.9199981689453,231.0,51.807125091552734,961.5491943359375,219.52098083496094,163.69863891601562,110.33999633789062,321.77349853515625,938.4312744140625,372.6188049316406,48.560001373291016,217.0561065673828,301.19854736328125,71.26001739501953,603.6032104492188,453.48492431640625,87.26000213623047,178.06036376953125,24.691972732543945,144.8727569580078,675.7345581054688,419.25,335.8192443847656,118.24121856689453,128.72250366210938
2026-01-21,247.1907501220703,249.8000030517578,231.30999755859375,51.77729415893555,980.096923828125,221.0272216796875,165.11477661132812,113.19000244140625,328.1490173339844,948.0208129882812,382.0855407714844,54.25,216.85716247558594,300.50213623046875,71.51824188232422,612.4356689453125,443.0986328125,85.36000061035156,183.31008911132812,25.04996681213379,143.9463653564453,683.5332641601562,431.44000244140625,345.0673522949219,118.8886489868164,131.83055114746094
2026-01-22,247.8894500732422,253.72999572753906,234.33999633789062,52.15515899658203,973.4257202148438,227.52096557617188,165.04547119140625,113.20999908447266,330.3074951171875,949.6522216796875,378.49951171875,54.31999969482422,217.33462524414062,302.0840148925781,71.37920379638672,647.0759887695312,450.1126403808594,83.54000091552734,184.82998657226562,25.25315284729004,147.76034545898438,687.103515625,449.3599853515625,351.7355041503906,117.36469268798828,131.8601531982422
2026-01-23,247.58001708984375,259.67999267578125,239.16000366210938,51.429264068603516,980.48583984375,227.4810791015625,165.10488891601562,110.9800033569336,327.6993103027344,914.0695190429688,381.2212829589844,45.06999969482422,218.97589111328125,296.2041015625,72.3823013305664,658.1964721679688,464.888916015625,86.12000274658203,187.6598358154297,25.233476638793945,149.02780151367188,687.352783203125,449.05999755859375,353.5116882324219,117.26509094238281,133.1724395751953
2026-01-26,254.93637084960938,251.30999755859375,238.4199981689453,51.727577209472656,974.9215698242188,228.82769775390625,165.8773193359375,111.30999755859375,333.02557373046875,926.9815063476562,383.9629821777344,42.4900016784668,220.3187713623047,299.5072021484375,72.06448364257812,671.7847900390625,469.20904541015625,85.69999694824219,186.4599151611328,25.459741592407227,148.3727569580078,690.84326171875,435.20001220703125,348.9273376464844,117.17544555664062,133.04415893554688
2026-01-27,257.7910461425781,252.02999877929688,244.67999267578125,51.876731872558594,967.5523681640625,227.95986938476562,167.4123077392578,110.61000061035156,334.31463623046875,924.8527221679688,377.83392333984375,43.93000030517578,223.25315856933594,298.7809143066406,73.0477294921875,672.394287109375,479.485595703125,85.58000183105469,188.50979614257812,26.06967544555664,147.23133850097656,693.5957641601562,430.8999938964844,280.5191650390625,116.47821044921875,135.0076446533203
2026-01-28,255.96444702148438,252.74000549316406,243.00999450683594,51.51875686645508,958.0790405273438,227.39129638671875,168.28378295898438,109.55999755859375,335.7736511230469,931.9056396484375,372.80755615234375,48.779998779296875,226.5158233642578,299.2385559082031,72.56106567382812,668.1578979492188,480.533203125,84.63999938964844,191.5096435546875,25.440067291259766,146.2388153076172,693.5259399414062,431.4599914550781,291.7518310546875,116.10967254638672,135.74766540527344
2026-01-29,257.801025390625,252.17999267578125,241.72999572753906,52.781620025634766,950.211181640625,213.54592895507812,169.53158569335938,111.58000183105469,338.0120544433594,935.1983032226562,369.3407287597656,48.65999984741211,226.0880889892578,304.8598327636719,72.92854309082031,737.6784057617188,432.5128173828125,83.16000366210938,192.49957275390625,25.676170349121094,148.77967834472656,692.1497192382812,416.55999755859375,290.0351867675781,116.94635772705078,138.63864135742188
2026-01-30,258.99884033203125,236.72999572753906,239.3000030517578,52.900943756103516,938.8876342773438,211.7603759765625,175.18626403808594,112.80000305175781,337.7622375488281,930.512939453125,372.1022644042969,46.470001220703125,226.0482940673828,304.33251953125,74.29911804199219,715.8870849609375,429.31011962890625,83.48999786376953,191.11965942382812,26.010648727416992,150.63571166992188,690.0853271484375,430.4100036621094,284.7165222167969,118.66951751708984,139.51678466796875
2026-02-02,269.50927734375,246.27000427246094,242.9600067138672,53.72627639770508,966.9569091796875,210.28407287597656,172.3440704345703,104.44999694824219,343.4482421875,941.3757934570312,375.60882568359375,48.810001373291016,229.52980041503906,306.5710754394531,74.8155746459961,705.8056640625,422.4058837890625,82.76000213623047,185.59996032714844,26.227075576782227,152.0450897216797,693.5159912109375,421.80999755859375,283.3868713378906,123.5700912475586,136.55673217773438
2026-02-03,268.98028564453125,242.11000061035156,238.6199951171875,54.143917083740234,976.5030517578125,195.8900909423828,176.31521606445312,104.22000122070312,339.47100830078125,934.07421875,378.56903076171875,49.25,231.86737060546875,313.24688720703125,76.36491394042969,691.1082763671875,410.2735595703125,79.94000244140625,180.33023071289062,25.351530075073242,154.1591796875,687.6520385742188,421.9599914550781,281.98773193359375,127.20567321777344,141.8157501220703
2026-02-04,275.97723388671875,200.19000244140625,232.99000549316406,55.06869125366211,976.9324340820312,198.94244384765625,179.47430419921875,107.05000305175781,332.80572509765625,908.5186767578125,384.6285400390625,48.599998474121094,233.23011779785156,315.654541015625,76.82176971435547,668.417724609375,413.2467956542969,80.16000366210938,174.18057250976562,26.345129013061523,155.6975860595703,684.3211059570312,406.010009765625,273.7914733886719,127.4945297241211,145.6243438720703
2026-02-05,275.3983459472656,192.5,222.69000244140625,54.631160736083984,987.8565673828125,189.49607849121094,177.49368286132812,104.97000122070312,331.0169677734375,885.7484741210938,379.8305969238281,48.2400016784668,236.53256225585938,308.5807800292969,77.9738540649414,669.63671875,392.7735290527344,80.87000274658203,171.87069702148438,26.059837341308594,157.42459106445312,675.7744750976562,397.2099914550781,266.4783020019531,126.438720703125,144.1344757080078
2026-02-06,277.6042175292969,208.44000244140625,210.32000732421875,56.212223052978516,999.7093505859375,190.8726348876953,179.10789489746094,108.69999694824219,322.63287353515625,923.8878173828125,382.5921325683594,50.59000015258789,238.72093200683594,320.7584533691406,78.49030303955078,660.8941650390625,400.22650146484375,82.19999694824219,185.39996337890625,26.777982711791992,157.9803924560547,688.739013671875,411.1099853515625,274.5158386230469,130.66197204589844,147.06491088867188
2026-02-09,274.3672180175781,216.0,208.72000122070312,56.092899322509766,996.1445922851562,193.5459442138672,180.8310546875,107.12999725341797,324.09185791015625,938.679931640625,378.4696960449219,50.2400016784668,237.37806701660156,320.4599914550781,77.43754577636719,676.640625,412.65814208984375,81.47000122070312,190.0297088623047,26.610742568969727,156.15415954589844,692.0599975585938,417.32000732421875,273.57318115234375,128.51051330566406,149.19613647460938
2026-02-10,273.4280700683594,213.57000732421875,206.9600067138672,55.07863235473633,969.82275390625,192.96739196777344,180.4943389892578,109.95999908447266,318.3558654785156,944.0218505859375,387.092041015625,47.130001068115234,237.08961486816406,316.659423828125,76.28546142578125,670.1461791992188,412.328857421875,82.20999908447266,188.52978515625,27.161649703979492,157.8910675048828,690.2349243164062,425.2099914550781,271.1123046875,126.19966888427734,149.57107543945312
2026-02-11,275.24639892578125,213.5800018310547,204.0800018310547,53.54728698730469,976.7227783203125,184.53846740722656,184.0198516845703,108.12000274658203,310.7412414550781,939.6448974609375,388.0854187011719,48.290000915527344,239.58633422851562,309.2374267578125,78.06324005126953,668.1179809570312,403.4491271972656,79.62000274658203,190.0397186279297,27.279701232910156,158.80419921875,690.075439453125,428.2699890136719,276.7583923339844,128.26148986816406,153.4882049560547
2026-02-12,261.4891052246094,205.94000244140625,199.60000610351562,52.22476577758789,997.4127197265625,184.96739196777344,180.6329803466797,102.37999725341797,308.7826232910156,899.8145141601562,387.62847900390625,46.47999954223633,243.25682067871094,301.09906005859375,78.46051025390625,649.254150390625,400.9248962402344,75.86000061035156,186.9298858642578,27.023921966552734,160.00515747070312,679.41455078125,417.07000732421875,282.17626953125,133.1122589111328,148.91920471191406
2026-02-13,255.5445556640625,207.32000732421875,198.7899932861328,52.25459671020508,1017.0042724609375,189.2467041015625,181.9600067138672,105.44999694824219,305.50494384765625,900.4014282226562,388.45294189453125,46.790000915527344,242.16262817382812,301.0094909667969,78.14269256591797,639.2227172851562,400.4060974121094,76.87000274658203,182.80010986328125,27.132137298583984,158.87368774414062,679.8931884765625,417.44000244140625,290.92822265625,133.36126708984375,147.44918823242188
2026-02-17,263.6371154785156,203.0800018310547,201.14999389648438,52.44353103637695,1010.5836181640625,183.83023071289062,180.5500030517578,105.44000244140625,301.8075256347656,911.2443237304688,380.49615478515625,46.18000030517578,242.04327392578125,305.5661926269531,79.01667785644531,638.7431030273438,395.95623779296875,77.0,184.95999145507812,26.925548553466797,158.35755920410156,680.9901733398438,410.6300048828125,286.85986328125,128.34117126464844,145.20443725585938
2026-02-18,264.106689453125,200.1199951171875,204.7899932861328,53.06004333496094,994.6367797851562,187.32150268554688,183.8699951171875,107.0999984741211,303.1166076660156,928.8417358398438,380.97296142578125,45.459999084472656,243.6945037841797,307.2077941894531,78.94715881347656,642.6697387695312,398.69000244140625,77.98999786376953,187.96981811523438,26.925548553466797,155.6876678466797,684.4208374023438,411.32000732421875,285.97674560546875,126.11998748779297,149.66415405273438
2026-02-19,260.3401184082031,203.3699951171875,204.86000061035156,52.47336196899414,986.3887329101562,184.82774353027344,184.77999877929688,106.0,302.636962890625,911.8511962890625,376.0657653808594,44.619998931884766,245.60433959960938,306.48150634765625,78.37112426757812,644.2284545898438,398.4599914550781,77.0,187.88983154296875,26.423830032348633,157.3749542236328,682.61572265625,411.7099914550781,287.6933898925781,124.37689208984375,149.95220947265625
2026-02-20,264.3364562988281,200.14999389648438,210.11000061035156,52.7617301940918,983.8424072265625,184.6980743408203,183.92999267578125,105.58000183105469,314.7584228515625,917.411865234375,379.7113952636719,44.11000061035156,241.2077178955078,309.20758056640625,79.29476928710938,655.09912109375,397.2300109863281,78.66999816894531,189.8097381591797,26.217239379882812,159.578369140625,687.5523071289062,411.82000732421875,287.7628479003906,122.50431823730469,146.28707885742188
2026-02-23,265.9349670410156,196.60000610351562,205.27000427246094,50.78291702270508,984.5913696289062,177.71554565429688,184.91000366210938,104.41000366210938,311.2708740234375,887.6386108398438,374.486328125,43.630001068115234,244.5399932861328,296.1543884277344,80.00984954833984,636.7048950195312,384.4700012207031,76.0199966430664,191.53964233398438,26.620580673217773,163.93556213378906,680.531494140625,399.8299865722656,280.16192626953125,125.31317901611328,149.74362182617188
2026-02-24,271.8895263671875,213.83999633789062,208.55999755859375,50.126625061035156,996.9833374023438,184.95742797851562,185.33999633789062,106.05000305175781,310.6813049316406,897.5464477539062,381.9266052246094,46.119998931884766,246.27999877929688,295.7862243652344,80.16876220703125,638.7531127929688,389.0,78.04000091552734,192.83956909179688,26.699281692504883,164.04473876953125,685.4779052734375,409.3800048828125,271.836669921875,126.24946594238281,148.25372314453125
2026-02-25,273.97760009765625,210.86000061035156,210.63999938964844,51.39942932128906,993.3186645507812,191.27163696289062,184.22000122070312,105.05000305175781,312.67987060546875,916.556396484375,373.0757751464844,46.880001068115234,245.1699981689453,301.75567626953125,79.92047119140625,653.1307983398438,400.6000061035156,82.69999694824219,195.54940795898438,26.650094985961914,162.16885375976562,691.26220703125,417.3999938964844,282.0075988769531,125.25341796875,148.05508422851562
2026-02-26,272.6987609863281,203.67999267578125,207.9199981689453,52.00600051879883,985.310302734375,198.9723663330078,184.16000366210938,105.55000305175781,307.1637878417969,924.136474609375,372.59893798828125,45.459999084472656,243.47000122070312,304.5712890625,79.95026397705078,656.447998046875,401.7200012207031,84.58999633789062,184.87998962402344,26.659931182861328,162.5261688232422,687.422607421875,408.5799865722656,284.4486083984375,123.92867279052734,147.53857421875
2026-02-27,263.93682861328125,200.2100067138672,210.0,49.549888610839844,1009.325439453125,194.30404663085938,186.75999450683594,106.04000091552734,311.54071044921875,855.0700073242188,378.1915588378906,45.61000061035156,248.42999267578125,298.7709655761719,81.00302124023438,647.62548828125,392.739990234375,96.23999786376953,177.180419921875,27.201000213623047,165.95037841796875,684.1216430664062,402.510009765625,291.0075988769531,127.4447250366211,151.47189331054688
2026-03-02,264.476318359375,198.6199951171875,208.38999938964844,49.53000259399414,1001.3170776367188,192.4686279296875,189.60000610351562,104.33000183105469,306.3043518066406,861.7000122070312,368.3473815917969,45.5,248.55999755859375,296.044921875,79.67218017578125,653.0009155273438,398.54998779296875,97.08999633789062,182.47012329101562,26.817333221435547,162.2879638671875,684.5106201171875,403.32000732421875,292.6548156738281,126.59809112548828,153.1802978515625
2026-03-03,263.5072326660156,190.9499969482422,208.72999572753906,49.68910217285156,1006.309814453125,195.5609130859375,188.77000427246094,103.30000305175781,303.3664245605469,862.5800170898438,364.48321533203125,43.099998474121094,246.75,298.7311706542969,78.79817962646484,654.5196533203125,403.92999267578125,97.69999694824219,180.04025268554688,26.14837646484375,158.5262908935547,678.4771118164062,392.42999267578125,286.97894287109375,127.40489196777344,150.80641174316406
2026-03-04,262.2783508300781,202.07000732421875,216.82000732421875,50.017242431640625,1005.2813110351562,192.5983123779297,186.02999877929688,103.04000091552734,302.9167785644531,867.25,366.6586608886719,45.58000183105469,245.3000030517578,297.8656311035156,77.566650390625,667.1587524414062,405.20001220703125,98.66000366210938,183.03009033203125,26.187726974487305,157.11691284179688,683.2639770507812,405.94000244140625,289.70770263671875,127.3052749633789,148.80996704101562
2026-03-05,260.0504150390625,199.4499969482422,218.94000244140625,49.53000259399414,981.1463623046875,200.88758850097656,189.89999389648438,102.41000366210938,300.6683349609375,835.4600219726562,359.27801513671875,45.95000076293945,239.6300048828125,292.0553283691406,76.50395965576172,660.0049438476562,410.67999267578125,99.16999816894531,183.330078125,26.177888870239258,152.83912658691406,679.4544067382812,405.54998779296875,286.5423278808594,122.82305145263672,149.74362182617188
2026-03-06,257.2229919433594,192.42999267578125,213.2100067138672,48.63999938964844,996.65380859375,201.6057891845703,189.94000244140625,101.54000091552734,298.30999755859375,821.4199829101562,355.5429992675781,43.41999816894531,240.39999389648438,288.0060729980469,76.5138931274414,644.308349609375,408.9599914550781,99.0199966430664,177.8103790283203,26.610742568969727,152.4818115234375,670.5487060546875,396.7300109863281,284.27001953125,123.31112670898438,150.1905975341797
2026-03-09,259.6407775878906,202.67999267578125,213.49000549316406,47.900001525878906,1003.8433837890625,198.2940673828125,189.44000244140625,101.66000366210938,306.3599853515625,832.030029296875,351.2119445800781,45.58000183105469,242.58999633789062,288.44384765625,77.26870727539062,646.836181640625,409.4100036621094,98.31999969482422,182.64010620117188,26.3746395111084,154.05992126464844,676.4227294921875,398.67999267578125,285.1700134277344,123.84898376464844,149.42578125
2026-03-10,260.58990478515625,203.22999572753906,214.3300018310547,48.560001373291016,995.9148559570312,194.4237518310547,186.2899932861328,101.31999969482422,307.0400085449219,833.8099975585938,354.778076171875,46.779998779296875,243.7100067138672,287.2598876953125,77.34815216064453,653.510498046875,405.760009765625,96.94000244140625,184.760009765625,26.718957901000977,154.84400939941406,675.3356323242188,399.239990234375,282.3399963378906,124.62590789794922,147.13136291503906
2026-03-11,260.5699157714844,204.8300018310547,212.64999389648438,48.52000045776367,990.7922973632812,193.6457061767578,191.7899932861328,100.88999938964844,308.70001220703125,823.760009765625,348.510009765625,47.97999954223633,242.99000549316406,286.0560302734375,77.09986114501953,654.2998046875,404.8800048828125,94.88999938964844,186.02999877929688,26.8566837310791,152.17413330078125,674.4879760742188,407.82000732421875,285.25,123.0023422241211,150.55809020996094
2026-03-12,255.52456665039062,197.74000549316406,209.52999877929688,47.130001068115234,1001.8662719726562,198.7828369140625,196.97000122070312,99.43000030517578,303.54998779296875,787.52001953125,338.92999267578125,45.25,242.0399932861328,281.44964599609375,77.08000183105469,637.6340942382812,401.8599853515625,94.30999755859375,183.13999938964844,26.423830032348633,149.3751983642578,664.2459106445312,395.010009765625,277.04998779296875,124.8350830078125,152.4949493408203
2026-03-13,249.8897705078125,193.38999938964844,207.6699981689453,46.720001220703125,1006.9688720703125,192.34893798828125,196.82000732421875,99.29000091552734,302.2799987792969,782.2100219726562,339.0299987792969,45.77000045776367,241.52000427246094,281.996826171875,77.33999633789062,613.1849975585938,395.54998779296875,95.30999755859375,180.25,26.14837646484375,149.52407836914062,660.4862060546875,391.20001220703125,282.0899963378906,126.02037811279297,155.06747436523438
2026-03-16,252.58729553222656,196.5800018310547,211.74000549316406,47.060001373291016,1000.2885131835938,197.84518432617188,196.83999633789062,98.66000366210938,305.55999755859375,794.77001953125,342.5799865722656,45.7599983215332,243.19000244140625,284.7029724121094,77.81999969482422,627.4500122070312,399.95001220703125,95.19999694824219,183.22000122070312,26.177888870239258,150.98309326171875,667.2078857421875,395.55999755859375,285.489990234375,125.49246978759766,156.1699981689453
2026-03-17,253.99598693847656,196.30999755859375,215.1999969482422,47.279998779296875,994.7166137695312,194.82275390625,197.97000122070312,100.30000305175781,310.9200134277344,807.0399780273438,341.42999267578125,44.060001373291016,238.11000061035156,285.42926025390625,77.58000183105469,622.6599731445312,399.4100036621094,94.36000061035156,181.92999267578125,27.004249572753906,150.34786987304688,668.9630126953125,399.2699890136719,287.57000732421875,124.58606719970703,157.73934936523438
2026-03-18,249.70994567871094,199.4600067138672,209.8699951171875,46.83000183105469,978.5001220703125,193.85516357421875,198.61000061035156,99.41999816894531,307.69000244140625,805.47998046875,330.92999267578125,45.029998779296875,237.27999877929688,286.27490234375,75.97000122070312,615.6799926757812,391.7900085449219,94.69999694824219,180.39999389648438,26.876358032226562,145.613525390625,659.6285400390625,392.7799987792969,284.3299865722656,121.49830627441406,156.52757263183594
2026-03-19,248.73085021972656,205.27000427246094,208.75999450683594,47.0099983215332,973.3676147460938,194.50355529785156,201.44000244140625,99.19999694824219,307.1300048828125,809.5,328.2099914550781,46.18000030517578,237.60000610351562,286.5037536621094,75.55000305175781,606.7000122070312,389.0199890136719,91.73999786376953,178.55999755859375,26.96489715576172,143.7574920654297,658.0029907226562,380.29998779296875,280.44000244140625,120.61181640625,157.09373474121094
2026-03-20,247.76173400878906,201.3300018310547,205.3699951171875,47.15999984741211,970.9212036132812,194.892578125,201.72999572753906,99.51000213623047,301.0,813.530029296875,320.75,43.869998931884766,235.3699951171875,285.1009216308594,74.75,593.6599731445312,381.8699951171875,91.81999969482422,172.6999969482422,26.532041549682617,143.20169067382812,648.5700073242188,367.9599914550781,275.5899963378906,118.79328918457031,158.5935516357422
2026-03-23,251.25851440429688,202.67999267578125,210.13999938964844,47.52000045776367,964.3306884765625,194.6930694580078,205.2100067138672,97.94999694824219,302.05999755859375,831.27001953125,330.8999938964844,44.0099983215332,235.4199981689453,288.4338684082031,75.11000061035156,604.0599975585938,383.0,93.37999725341797,175.63999938964844,26.335290908813477,142.9138641357422,655.3800048828125,380.8500061035156,269.5400085449219,120.49005889892578,160.04371643066406
2026-03-24,251.4083709716797,205.3699951171875,207.24000549316406,48.13999938964844,972.4089965820312,182.56341552734375,206.7899932861328,96.38999938964844,290.44000244140625,835.719970703125,330.9100036621094,44.060001373291016,235.27000427246094,290.91119384765625,74.66999816894531,592.9199829101562,372.739990234375,90.91999816894531,175.1999969482422,26.52220344543457,142.09005737304688,653.1799926757812,383.0299987792969,272.2799987792969,121.8175277709961,164.2650604248047
2026-03-25,252.38746643066406,220.27000427246094,211.7100067138672,48.75,973.447509765625,181.5060577392578,205.14999389648438,95.94999694824219,290.92999267578125,841.8400268554688,332.510009765625,47.18000030517578,239.92999267578125,293.91583251953125,75.25,594.8900146484375,371.0400085449219,92.27999877929688,178.67999267578125,26.83700942993164,142.84437561035156,656.8200073242188,385.95001220703125,270.54998779296875,122.82559204101562,162.1593475341797
2026-03-26,252.6572265625,203.77000427246094,207.5399932861328,48.2400016784668,978.2305908203125,185.1768798828125,207.7899932861328,94.75,280.9200134277344,822.6400146484375,328.42999267578125,44.099998474121094,239.24000549316406,290.1749572753906,74.69000244140625,547.5399780273438,365.9700012207031,93.31999969482422,171.24000549316406,27.122299194335938,141.3555908203125,645.0900268554688,372.1099853515625,268.04998779296875,121.94727325439453,164.31471252441406
2026-03-27,248.57098388671875,201.99000549316406,199.33999633789062,46.970001220703125,982.4344482421875,178.8626708984375,211.14999389648438,92.41999816894531,274.3399963378906,802.8900146484375,321.6499938964844,43.130001068115234,240.4499969482422,281.3998718261719,75.70999908447266,525.719970703125,356.7699890136719,93.43000030517578,167.52000427246094,26.600906372070312,141.6434326171875,634.0900268554688,361.8299865722656,259.0199890136719,122.65592193603516,169.8372344970703
2026-03-30,246.40298461914062,196.0399932861328,200.9499969482422,47.22999954223633,995.1360473632812,184.56838989257812,210.7100067138672,94.31999969482422,273.5,807.5999755859375,323.5,41.189998626708984,242.49000549316406,282.32513427734375,76.2699966430664,536.3800048828125,358.9599914550781,92.97000122070312,165.1699981689453,27.31905174255371,143.63839721679688,631.969970703125,355.2799987792969,261.7900085449219,123.26475524902344,170.31399536132812
2026-03-31,253.55638122558594,203.42999267578125,208.27000427246094,48.75,994.9862060546875,186.2042999267578,206.89999389648438,96.37999725341797,287.55999755859375,845.989990234375,328.8900146484375,44.130001068115234,244.44000244140625,292.6622314453125,76.05000305175781,572.1300048828125,370.1700134277344,96.1500015258789,174.39999389648438,27.6240177154541,143.36048889160156,650.3400268554688,371.75,270.5899963378906,124.04327392578125,168.51620483398438
2026-04-01,255.3946990966797,210.2100067138672,210.57000732421875,49.27000045776367,995.1160278320312,185.77537536621094,197.41000366210938,96.55999755859375,297.3900146484375,860.2100219726562,329.55999755859375,48.029998779296875,244.1199951171875,293.87603759765625,76.08000183105469,579.22998046875,369.3699951171875,95.55000305175781,175.75,28.086383819580078,143.0131072998047,655.239990234375,381.260009765625,273.9800109863281,124.50239562988281,159.69607543945312
2026-04-02,255.68443298339844,217.5,209.77000427246094,49.380001068115234,1013.4894409179688,186.71302795410156,198.97000122070312,96.61000061035156,295.7699890136719,863.0399780273438,321.6300048828125,50.380001068115234,243.0399932861328,293.1000061035156,76.72000122070312,574.4600219726562,373.4599914550781,98.66000366210938,177.38999938964844,27.86012077331543,142.05035400390625,655.8300170898438,360.5899963378906,277.260009765625,125.55039978027344,159.60667419433594
2026-04-06,258.6217041015625,220.17999267578125,212.7899932861328,50.060001373291016,1017.0741577148438,184.56838989257812,198.86000061035156,96.27999877929688,299.989990234375,866.0499877929688,326.6499938964844,50.779998779296875,240.97000122070312,295.45001220703125,77.22000122070312,573.02001953125,372.8800048828125,98.93000030517578,177.63999938964844,27.378076553344727,141.70297241210938,658.9299926757812,352.82000732421875,281.3599853515625,126.54849243164062,162.2686004638672
2026-04-07,253.26666259765625,221.52999877929688,213.77000427246094,50.279998779296875,1011.741943359375,182.50357055664062,201.5399932861328,95.77999877929688,305.4599914550781,864.1500244140625,318.7699890136719,52.90999984741211,238.41000366210938,297.3999938964844,75.91000366210938,575.0499877929688,372.2900085449219,98.81999969482422,178.10000610351562,26.659931182861328,140.24395751953125,659.219970703125,346.6499938964844,307.7300109863281,122.25668334960938,162.8049774169922
2026-04-08,258.66168212890625,231.82000732421875,221.25,51.880001068115234,1028.7772216796875,175.92999267578125,192.88999938964844,99.18000030517578,317.32000732421875,905.75,336.1600036621094,58.95000076293945,241.3000030517578,307.9700012207031,77.29000091552734,612.4199829101562,374.3299865722656,99.38999938964844,182.0800018310547,27.023921966552734,143.81704711914062,676.010009765625,343.25,305.9800109863281,127.0176010131836,155.16680908203125
2026-04-09,260.2502136230469,236.63999938964844,233.64999389648438,52.709999084472656,1030.53466796875,170.85000610351562,190.36000061035156,99.79000091552734,318.489990234375,903.719970703125,339.5799865722656,61.720001220703125,241.30999755859375,310.3299865722656,78.18000030517578,628.3900146484375,373.07000732421875,102.05000305175781,183.91000366210938,26.777982711791992,145.56390380859375,679.9099731445312,345.6199951171875,306.9100036621094,128.884033203125,153.99476623535156
2026-04-10,260.240234375,245.0399932861328,238.3800048828125,52.540000915527344,997.0232543945312,164.9600067138672,188.5500030517578,99.16999816894531,317.239990234375,907.7999877929688,337.3399963378906,62.380001068115234,238.4600067138672,309.8699951171875,77.47000122070312,629.8599853515625,370.8699951171875,103.01000213623047,188.6300048828125,26.48285484313965,144.0751190185547,679.4600219726562,348.95001220703125,304.3299865722656,126.52852630615234,151.4818115234375
2026-04-13,258.96142578125,246.8300018310547,239.88999938964844,53.349998474121094,979.4287719726562,172.82000732421875,191.77999877929688,101.18000030517578,321.30999755859375,890.7899780273438,341.1600036621094,65.18000030517578,237.9600067138672,313.67999267578125,76.41000366210938,634.530029296875,384.3699951171875,103.16000366210938,189.30999755859375,26.896034240722656,142.5069122314453,686.0999755859375,352.4200134277344,313.0,124.33271789550781,151.61094665527344
2026-04-14,258.59173583984375,255.07000732421875,249.02000427246094,53.349998474121094,973.3875732421875,171.30999755859375,187.02000427246094,102.58999633789062,332.9100036621094,909.6300048828125,342.7099914550781,63.810001373291016,240.10000610351562,311.1199951171875,75.9000015258789,662.489990234375,393.1099853515625,106.27999877929688,196.50999450683594,26.669769287109375,143.3009490966797,694.4600219726562,364.20001220703125,314.19000244140625,124.81181335449219,148.23387145996094
2026-04-15,266.18475341796875,258.1199951171875,248.5,54.31999969482422,983.3231811523438,177.60000610351562,184.91000366210938,103.04000091552734,337.1199951171875,899.489990234375,338.9100036621094,64.94000244140625,238.6699981689453,305.92999267578125,75.30999755859375,671.5800170898438,411.2200012207031,107.70999908447266,198.8699951171875,26.748470306396484,142.30841064453125,699.9400024414062,391.95001220703125,314.04998779296875,124.5223617553711,148.0054168701172
2026-04-16,263.15753173828125,278.260009765625,249.6999969482422,53.5099983215332,985.7796020507812,181.22000122070312,188.14999389648438,103.9000015258789,336.0199890136719,900.0,337.1499938964844,68.5,234.5399932861328,309.95001220703125,75.18000030517578,676.8699951171875,420.260009765625,107.79000091552734,198.35000610351562,26.777982711791992,142.04043579101562,701.6599731445312,388.8999938964844,316.3999938964844,124.58224487304688,150.9553985595703
2026-04-17,269.98126220703125,278.3900146484375,250.55999755859375,53.90999984741211,998.4412231445312,182.13999938964844,183.99000549316406,106.29000091552734,341.67999267578125,925.9500122070312,349.3999938964844,68.5,234.17999267578125,310.2900085449219,75.73999786376953,688.5499877929688,422.7900085449219,97.30999755859375,201.67999267578125,27.11246109008789,145.83187866210938,710.1400146484375,400.6199951171875,324.6300048828125,127.25714111328125,145.45274353027344
2026-04-20,272.79864501953125,274.95001220703125,248.27999877929688,53.95000076293945,996.3942260742188,186.27000427246094,183.25,106.30000305175781,337.4200134277344,941.739990234375,350.989990234375,65.69999694824219,230.69000244140625,316.989990234375,75.4800033569336,670.9099731445312,418.07000732421875,94.83000183105469,202.05999755859375,27.07311248779297,143.41012573242188,708.719970703125,392.5,323.4800109863281,127.67633819580078,146.6843719482422
2026-04-21,265.9250183105469,284.489990234375,249.91000366210938,53.47999954223633,1004.3526611328125,187.11000061035156,185.97999572753906,104.29000091552734,332.2900085449219,926.5499877929688,343.9200134277344,66.26000213623047,226.16000366210938,313.0,74.69999694824219,668.8400268554688,424.1600036621094,92.58000183105469,199.8800048828125,26.866519927978516,141.25634765625,704.0800170898438,386.4200134277344,346.010009765625,129.3531494140625,147.35980224609375
2026-04-22,272.9185791015625,303.4599914550781,255.36000061035156,53.119998931884766,1002.2457275390625,189.8000030517578,186.32000732421875,104.81999969482422,339.32000732421875,934.8400268554688,339.5,65.2699966430664,226.10000610351562,313.0199890136719,74.62999725341797,674.719970703125,432.9200134277344,93.23999786376953,202.5,26.364803314208984,141.78237915039062,711.2100219726562,387.510009765625,353.5199890136719,129.73240661621094,148.4921112060547
2026-04-23,273.1783142089844,305.3299865722656,255.0800018310547,52.470001220703125,1012.9102172851562,173.3000030517578,187.60000610351562,103.6500015258789,338.8900146484375,931.2999877929688,340.1600036621094,66.77999877929688,230.64999389648438,311.69000244140625,76.27999877929688,659.1500244140625,415.75,92.81999969482422,199.63999938964844,26.236913681030273,144.62100219726562,708.4500122070312,373.7200012207031,354.55999755859375,131.77850341796875,149.51516723632812
2026-04-24,270.81048583984375,347.80999755859375,263.989990234375,52.04999923706055,1009.6849365234375,178.16000366210938,185.2100067138672,102.5999984741211,344.3999938964844,926.9099731445312,335.8900146484375,82.54000091552734,227.5,308.2799987792969,76.62999725341797,675.030029296875,424.6199951171875,92.44000244140625,208.27000427246094,26.561555862426758,148.17999267578125,713.9400024414062,376.29998779296875,354.9200134277344,129.6725311279297,147.90609741210938
2026-04-27,267.3636474609375,334.6300048828125,261.1199951171875,52.630001068115234,996.56396484375,180.17999267578125,184.77999877929688,102.3499984741211,350.3399963378906,937.8099975585938,332.29998779296875,84.98999786376953,225.33999633789062,311.6300048828125,75.44000244140625,678.6199951171875,424.82000732421875,91.37000274658203,216.61000061035156,26.35496711730957,148.39999389648438,715.1699829101562,378.6700134277344,354.69000244140625,127.34696197509766,147.19094848632812
2026-04-28,270.4608154296875,323.2099914550781,259.70001220703125,52.65999984741211,992.5597534179688,181.32000732421875,188.36000061035156,101.47000122070312,349.7799987792969,926.5499877929688,329.05999755859375,84.5199966430664,227.7899932861328,311.45001220703125,78.3499984741211,671.3400268554688,429.25,92.2699966430664,213.1699981689453,26.049999237060547,149.1699981689453,711.6900024414062,376.0199890136719,366.7699890136719,127.34696197509766,149.5449676513672
2026-04-29,269.92132568359375,337.1099853515625,263.0400085449219,52.880001068115234,997.2229614257812,181.22000122070312,192.22000122070312,101.30000305175781,349.94000244140625,905.5999755859375,322.80999755859375,94.75,227.35000610351562,309.25,78.87000274658203,669.1199951171875,424.4599914550781,92.12000274658203,209.25,25.833572387695312,146.4600067138672,711.5800170898438,372.79998779296875,370.739990234375,127.76616668701172,153.62725830078125
2026-04-30,271.1002502441406,354.489990234375,265.05999755859375,53.459999084472656,1013.06005859375,176.52999877929688,193.30999755859375,103.75,384.79998779296875,923.77001953125,328.79998779296875,94.4800033569336,229.85000610351562,313.2300109863281,78.76000213623047,611.9099731445312,407.7799987792969,93.61000061035156,199.57000732421875,26.266427993774414,147.08999633789062,718.6599731445312,381.6300048828125,370.4800109863281,131.67869567871094,153.28955078125
2026-05-01,279.88214111328125,360.5400085449219,268.260009765625,53.2400016784668,1011.7000122070312,183.82000732421875,190.6300048828125,103.08000183105469,385.69000244140625,923.7100219726562,323.8800048828125,99.62000274658203,227.19000244140625,312.4700012207031,78.58000183105469,608.75,414.44000244140625,92.05999755859375,198.4499969482422,25.902435302734375,147.25999450683594,720.6500244140625,390.82000732421875,368.7799987792969,131.34933471679688,151.72019958496094
2026-05-04,276.5751647949219,341.5400085449219,272.04998779296875,52.189998626708984,1012.7899780273438,185.47999572753906,192.27999877929688,101.30999755859375,383.25,903.27001953125,312.4200134277344,95.77999877929688,224.1999969482422,307.6499938964844,78.19000244140625,610.4099731445312,413.6199951171875,91.0199966430664,198.47999572753906,25.872920989990234,143.4199981689453,718.010009765625,392.510009765625,370.75,130.08175659179688,152.65386962890625
2026-05-05,283.9184265136719,355.260009765625,273.54998779296875,53.119998931884766,1016.4199829101562,186.99000549316406,192.63999938964844,100.4800033569336,388.42999267578125,918.8900146484375,315.4200134277344,108.1500015258789,225.5500030517578,309.3999938964844,78.4800033569336,604.9600219726562,411.3800048828125,87.88999938964844,196.5,26.02048683166504,144.89999389648438,723.77001953125,389.3699951171875,363.8699951171875,130.54086303710938,153.83584594726562
2026-05-06,287.245361328125,421.3900146484375,274.989990234375,53.599998474121094,995.75,181.19000244140625,185.16000366210938,108.05999755859375,398.0400085449219,937.3499755859375,323.04998779296875,113.01000213623047,224.6199951171875,314.8999938964844,79.2300033569336,612.8800048828125,413.9599914550781,88.2699966430664,207.8300018310547,26.09918785095215,147.89999389648438,733.8300170898438,398.7300109863281,367.2799987792969,129.8322296142578,147.6875762939453
2026-05-07,287.1754150390625,408.4599914550781,271.1700134277344,52.75,1012.0599975585938,186.33999633789062,182.5,108.66000366210938,397.989990234375,925.8699951171875,322.6400146484375,109.62000274658203,222.50999450683594,306.2699890136719,78.43000030517578,616.8099975585938,420.7699890136719,88.25,211.5,26.049999237060547,146.05999755859375,731.5800170898438,411.7900085449219,369.739990234375,129.95199584960938,145.591796875
2026-05-08,293.0500183105469,455.19000244140625,272.67999267578125,51.310001373291016,1008.7899780273438,181.82000732421875,181.6199951171875,108.0199966430664,400.79998779296875,936.47998046875,317.45001220703125,124.91999816894531,221.32000732421875,302.1000061035156,78.41999816894531,609.6300048828125,415.1199951171875,87.48999786376953,215.1999969482422,25.68000030517578,146.4199981689453,737.6199951171875,428.3500061035156,379.9800109863281,130.42999267578125,143.59535217285156
2026-05-11,292.67999267578125,458.7900085449219,268.989990234375,50.54999923706055,999.469970703125,177.49000549316406,184.74000549316406,104.72000122070312,388.6400146484375,944.8599853515625,311.3999938964844,129.44000244140625,221.42999267578125,300.0,78.66000366210938,598.8599853515625,412.6600036621094,85.44999694824219,219.44000244140625,25.809999465942383,143.36000061035156,739.2999877929688,445.0,384.44000244140625,127.58999633789062,148.6708984375
2026-05-12,294.79998779296875,448.2900085449219,265.82000732421875,50.779998779296875,1021.8800048828125,171.30999755859375,185.9499969482422,106.16000366210938,387.3500061035156,945.9000244140625,310.4599914550781,120.61000061035156,224.25999450683594,304.8800048828125,80.02999877929688,603.0,407.7699890136719,87.66000366210938,220.77999877929688,25.8700008392334,143.91000366210938,738.1799926757812,433.45001220703125,396.3900146484375,130.35000610351562,149.614501953125
2026-05-13,298.8699951171875,445.5,270.1300048828125,49.84000015258789,1033.0799560546875,165.83999633789062,186.0,104.9000015258789,402.6199951171875,955.4199829101562,302.54998779296875,120.29000091552734,230.4199981689453,300.25,80.26000213623047,616.6300048828125,405.2099914550781,87.55999755859375,225.8300018310547,25.959999084472656,142.24000549316406,742.3099975585938,445.2699890136719,401.1600036621094,131.47000122070312,150.5481719970703
2026-05-14,298.2099914550781,449.70001220703125,267.2200012207031,49.849998474121094,1041.25,167.5800018310547,186.63999938964844,105.41999816894531,401.07000732421875,968.9600219726562,304.3500061035156,115.93000030517578,230.8000030517578,299.9100036621094,80.44999694824219,618.4299926757812,409.42999267578125,86.94000244140625,235.74000549316406,25.75,142.7100067138672,748.1699829101562,443.29998779296875,399.0899963378906,132.4600067138672,151.75
2026-05-15,300.2300109863281,424.1000061035156,264.1400146484375,49.77000045776367,1048.949951171875,173.50999450683594,191.10000610351562,102.72000122070312,396.7799987792969,948.469970703125,297.510009765625,108.7699966430664,226.7100067138672,297.80999755859375,80.81999969482422,614.22998046875,421.9200134277344,87.0199966430664,225.32000732421875,25.329999923706055,141.57000732421875,739.1699829101562,422.239990234375,393.8500061035156,131.4499969482422,157.9199981689453
